timestamp,station_id,rainfall_mm,river_level_m
2026-08-09 22:15:12.020347,STN_001,20.49,
2026-08-09 23:15:12.020347,STN_001,17.47,
2026-08-10 00:15:12.020347,STN_001,11.89,
2026-08-10 01:15:12.020347,STN_001,11.89,
2026-08-10 02:15:12.020347,STN_001,11.07,
2026-08-10 03:15:12.020347,STN_001,25.7,
2026-08-10 04:15:12.020347,STN_001,17.51,
2026-08-10 05:15:12.020347,STN_001,19.85,
2026-08-10 06:15:12.020347,STN_001,10.77,
2026-08-10 07:15:12.020347,STN_001,36.89,
2026-08-10 08:15:12.020347,STN_001,24.02,
2026-08-10 09:15:12.020347,STN_001,12.41,
2026-08-10 10:15:12.020347,STN_001,12.12,
2026-08-10 11:15:12.020347,STN_001,12.14,
2026-08-10 12:15:12.020347,STN_001,13.34,
2026-08-10 13:15:12.020347,STN_001,16.2,
2026-08-10 14:15:12.020347,STN_001,14.86,
2026-08-10 15:15:12.020347,STN_001,13.2,
2026-08-10 16:15:12.020347,STN_001,17.72,
2026-08-10 17:15:12.020347,STN_001,11.74,
2026-08-10 18:15:12.020347,STN_001,13.21,
2026-08-10 19:15:12.020347,STN_001,14.04,
2026-08-10 20:15:12.020347,STN_001,15.19,
2026-08-10 21:15:12.020347,STN_001,103.57,25.91
2026-08-10 22:15:12.020347,STN_001,12.5,26.15
2026-08-10 23:15:12.020347,STN_001,16.25,26.15
2026-08-11 00:15:12.020347,STN_001,17.56,25.65
2026-08-11 01:15:12.020347,STN_001,11.19,25.37
2026-08-11 02:15:12.020347,STN_001,17.85,25.61
2026-08-11 03:15:12.020347,STN_001,12.24,25.63
2026-08-11 04:15:12.020347,STN_001,11.34,25.55
2026-08-11 05:15:12.020347,STN_001,33.14,26.11
2026-08-11 06:15:12.020347,STN_001,36.11,26.83
2026-08-11 07:15:12.020347,STN_001,23.23,25.5
2026-08-11 08:15:12.020347,STN_001,13.56,26.55
2026-08-11 09:15:12.020347,STN_001,11.6,26.05
2026-08-11 10:15:12.020347,STN_001,19.48,25.51
2026-08-11 11:15:12.020347,STN_001,15.18,26.34
2026-08-11 12:15:12.020347,STN_001,11.81,26.42
2026-08-11 13:15:12.020347,STN_001,,25.34
2026-08-11 14:15:12.020347,STN_001,11.1,26.39
2026-08-11 15:15:12.020347,STN_001,28.84,26.26
2026-08-11 16:15:12.020347,STN_001,13.08,
2026-08-11 17:15:12.020347,STN_001,18.98,25.54
2026-08-11 18:15:12.020347,STN_001,13.63,25.58
2026-08-11 19:15:12.020347,STN_001,16.34,24.77
2026-08-11 20:15:12.020347,STN_001,16.77,26.09
2026-08-11 21:15:12.020347,STN_001,12.37,24.86
2026-08-11 22:15:12.020347,STN_001,37.24,24.73
2026-08-11 23:15:12.020347,STN_001,22.24,25.05
2026-08-12 00:15:12.020347,STN_001,32.09,24.61
2026-08-12 01:15:12.020347,STN_001,27.94,26.08
2026-08-12 02:15:12.020347,STN_001,17.88,25.23
2026-08-12 03:15:12.020347,STN_001,30.17,27.25
2026-08-12 04:15:12.020347,STN_001,11.74,25.62
2026-08-12 05:15:12.020347,STN_001,12.68,25.07
2026-08-12 06:15:12.020347,STN_001,11.4,24.94
2026-08-12 07:15:12.020347,STN_001,,24.32
2026-08-12 08:15:12.020347,STN_001,14.74,25.28
2026-08-12 09:15:12.020347,STN_001,13.42,24.85
2026-08-12 10:15:12.020347,STN_001,24.28,25.69
2026-08-12 11:15:12.020347,STN_001,14.36,24.98
2026-08-12 12:15:12.020347,STN_001,13.52,25.83
2026-08-12 13:15:12.020347,STN_001,16.92,25.53
2026-08-12 14:15:12.020347,STN_001,12.19,25.18
2026-08-12 15:15:12.020347,STN_001,23.2,25.88
2026-08-12 16:15:12.020347,STN_001,11.63,25.55
2026-08-12 17:15:12.020347,STN_001,43.55,26.85
2026-08-12 18:15:12.020347,STN_001,22.14,25.28
2026-08-12 19:15:12.020347,STN_001,12.71,25.48
2026-08-12 20:15:12.020347,STN_001,11.09,26.15
2026-08-12 21:15:12.020347,STN_001,23.72,24.74
2026-08-12 22:15:12.020347,STN_001,20.47,25.99
2026-08-12 23:15:12.020347,STN_001,21.06,25.54
2026-08-13 00:15:12.020347,STN_001,22.33,24.76
2026-08-13 01:15:12.020347,STN_001,11.84,24.32
2026-08-13 02:15:12.020347,STN_001,14.59,24.62
2026-08-13 03:15:12.020347,STN_001,12.19,23.59
2026-08-13 04:15:12.020347,STN_001,26.18,24.67
2026-08-13 05:15:12.020347,STN_001,18.59,25.3
2026-08-13 06:15:12.020347,STN_001,14.28,24.78
2026-08-13 07:15:12.020347,STN_001,11.76,25.69
2026-08-13 08:15:12.020347,STN_001,14.06,25.82
2026-08-13 09:15:12.020347,STN_001,14.21,25.63
2026-08-13 10:15:12.020347,STN_001,21.07,25.07
2026-08-13 11:15:12.020347,STN_001,18.88,23.85
2026-08-13 12:15:12.020347,STN_001,27.63,24.84
2026-08-13 13:15:12.020347,STN_001,16.06,25.11
2026-08-13 14:15:12.020347,STN_001,12.22,24.73
2026-08-13 15:15:12.020347,STN_001,20.63,25.08
2026-08-13 16:15:12.020347,STN_001,21.99,26.08
2026-08-13 17:15:12.020347,STN_001,17.44,24.13
2026-08-13 18:15:12.020347,STN_001,22.32,25.86
2026-08-13 19:15:12.020347,STN_001,16.37,
2026-08-13 20:15:12.020347,STN_001,16.81,25.2
2026-08-13 21:15:12.020347,STN_001,15.45,24.61
2026-08-13 22:15:12.020347,STN_001,11.67,24.45
2026-08-13 23:15:12.020347,STN_001,12.33,23.97
2026-08-14 00:15:12.020347,STN_001,11.72,25.51
2026-08-14 01:15:12.020347,STN_001,19.07,25.51
2026-08-14 02:15:12.020347,STN_001,14.31,24.03
2026-08-14 03:15:12.020347,STN_001,16.81,24.52
2026-08-14 04:15:12.020347,STN_001,29.34,25.05
2026-08-14 05:15:12.020347,STN_001,13.63,24.62
2026-08-14 06:15:12.020347,STN_001,15.44,23.83
2026-08-14 07:15:12.020347,STN_001,22.04,24.58
2026-08-14 08:15:12.020347,STN_001,13.43,25.88
2026-08-14 09:15:12.020347,STN_001,12.08,24.58
2026-08-14 10:15:12.020347,STN_001,14.04,24.71
2026-08-14 11:15:12.020347,STN_001,12.8,24.14
2026-08-14 12:15:12.020347,STN_001,31.39,25.06
2026-08-14 13:15:12.020347,STN_001,23.86,24.92
2026-08-14 14:15:12.020347,STN_001,19.0,24.57
2026-08-14 15:15:12.020347,STN_001,26.86,24.37
2026-08-14 16:15:12.020347,STN_001,23.69,25.75
2026-08-14 17:15:12.020347,STN_001,13.03,24.19
2026-08-14 18:15:12.020347,STN_001,28.21,25.31
2026-08-14 19:15:12.020347,STN_001,17.29,24.0
2026-08-14 20:15:12.020347,STN_001,23.83,25.51
2026-08-14 21:15:12.020347,STN_001,28.46,25.81
2026-08-14 22:15:12.020347,STN_001,14.56,25.94
2026-08-14 23:15:12.020347,STN_001,12.57,25.32
2026-08-15 00:15:12.020347,STN_001,13.63,26.21
2026-08-15 01:15:12.020347,STN_001,15.87,26.54
2026-08-15 02:15:12.020347,STN_001,24.47,25.35
2026-08-15 03:15:12.020347,STN_001,26.48,25.4
2026-08-15 04:15:12.020347,STN_001,11.74,25.48
2026-08-15 05:15:12.020347,STN_001,17.05,25.21
2026-08-15 06:15:12.020347,STN_001,15.74,25.14
2026-08-15 07:15:12.020347,STN_001,13.58,25.08
2026-08-15 08:15:12.020347,STN_001,12.65,26.2
2026-08-15 09:15:12.020347,STN_001,14.78,25.76
2026-08-15 10:15:12.020347,STN_001,33.17,25.37
2026-08-15 11:15:12.020347,STN_001,14.62,24.41
2026-08-15 12:15:12.020347,STN_001,68.33,25.33
2026-08-15 13:15:12.020347,STN_001,91.23,27.19
2026-08-15 14:15:12.020347,STN_001,15.08,25.83
2026-08-15 15:15:12.020347,STN_001,38.45,27.18
2026-08-15 16:15:12.020347,STN_001,36.31,26.66
2026-08-15 17:15:12.020347,STN_001,13.87,27.25
2026-08-15 18:15:12.020347,STN_001,16.85,27.09
2026-08-15 19:15:12.020347,STN_001,14.38,27.09
2026-08-15 20:15:12.020347,STN_001,14.21,26.71
2026-08-15 21:15:12.020347,STN_001,11.97,26.49
2026-08-15 22:15:12.020347,STN_001,18.96,26.43
2026-08-15 23:15:12.020347,STN_001,17.15,27.09
2026-08-16 00:15:12.020347,STN_001,12.3,27.23
2026-08-16 01:15:12.020347,STN_001,14.36,26.2
2026-08-16 02:15:12.020347,STN_001,29.82,26.85
2026-08-16 03:15:12.020347,STN_001,13.96,26.82
2026-08-16 04:15:12.020347,STN_001,13.08,26.83
2026-08-16 05:15:12.020347,STN_001,16.95,26.82
2026-08-16 06:15:12.020347,STN_001,43.74,26.88
2026-08-16 07:15:12.020347,STN_001,13.99,27.23
2026-08-16 08:15:12.020347,STN_001,20.27,27.5
2026-08-16 09:15:12.020347,STN_001,22.66,27.36
2026-08-16 10:15:12.020347,STN_001,13.94,27.3
2026-08-16 11:15:12.020347,STN_001,21.68,27.63
2026-08-16 12:15:12.020347,STN_001,15.35,25.54
2026-08-16 13:15:12.020347,STN_001,,26.04
2026-08-16 14:15:12.020347,STN_001,19.44,25.8
2026-08-16 15:15:12.020347,STN_001,17.66,24.81
2026-08-16 16:15:12.020347,STN_001,12.62,25.47
2026-08-16 17:15:12.020347,STN_001,25.43,25.02
2026-08-16 18:15:12.020347,STN_001,14.81,25.06
2026-08-16 19:15:12.020347,STN_001,13.46,24.92
2026-08-16 20:15:12.020347,STN_001,12.22,25.3
2026-08-16 21:15:12.020347,STN_001,18.61,24.84
2026-08-16 22:15:12.020347,STN_001,20.61,25.74
2026-08-16 23:15:12.020347,STN_001,12.25,25.16
2026-08-17 00:15:12.020347,STN_001,17.5,25.11
2026-08-17 01:15:12.020347,STN_001,14.05,25.67
2026-08-17 02:15:12.020347,STN_001,19.89,25.01
2026-08-17 03:15:12.020347,STN_001,13.56,25.64
2026-08-17 04:15:12.020347,STN_001,20.93,25.75
2026-08-17 05:15:12.020347,STN_001,15.79,24.58
2026-08-17 06:15:12.020347,STN_001,32.82,25.66
2026-08-17 07:15:12.020347,STN_001,13.23,24.37
2026-08-17 08:15:12.020347,STN_001,15.25,25.62
2026-08-17 09:15:12.020347,STN_001,13.02,25.93
2026-08-17 10:15:12.020347,STN_001,31.52,25.57
2026-08-17 11:15:12.020347,STN_001,27.86,24.13
2026-08-17 12:15:12.020347,STN_001,14.36,25.73
2026-08-17 13:15:12.020347,STN_001,20.21,26.33
2026-08-17 14:15:12.020347,STN_001,24.87,25.13
2026-08-17 15:15:12.020347,STN_001,18.2,25.27
2026-08-17 16:15:12.020347,STN_001,17.78,24.76
2026-08-17 17:15:12.020347,STN_001,14.2,25.37
2026-08-17 18:15:12.020347,STN_001,12.85,25.82
2026-08-17 19:15:12.020347,STN_001,29.18,25.73
2026-08-17 20:15:12.020347,STN_001,29.42,27.17
2026-08-17 21:15:12.020347,STN_001,19.64,25.63
2026-08-17 22:15:12.020347,STN_001,15.44,24.76
2026-08-17 23:15:12.020347,STN_001,15.56,25.71
2026-08-18 00:15:12.020347,STN_001,22.04,24.47
2026-08-18 01:15:12.020347,STN_001,,25.6
2026-08-18 02:15:12.020347,STN_001,28.69,26.79
2026-08-18 03:15:12.020347,STN_001,23.69,26.27
2026-08-18 04:15:12.020347,STN_001,20.04,26.18
2026-08-18 05:15:12.020347,STN_001,12.99,26.97
2026-08-18 06:15:12.020347,STN_001,13.66,25.68
2026-08-18 07:15:12.020347,STN_001,29.5,26.65
2026-08-18 08:15:12.020347,STN_001,19.33,26.14
2026-08-18 09:15:12.020347,STN_001,12.4,26.26
2026-08-18 10:15:12.020347,STN_001,13.14,25.23
2026-08-18 11:15:12.020347,STN_001,20.5,25.5
2026-08-18 12:15:12.020347,STN_001,12.37,25.02
2026-08-18 13:15:12.020347,STN_001,13.65,25.59
2026-08-18 14:15:12.020347,STN_001,18.3,25.75
2026-08-18 15:15:12.020347,STN_001,21.16,25.04
2026-08-18 16:15:12.020347,STN_001,20.25,26.65
2026-08-18 17:15:12.020347,STN_001,14.24,25.76
2026-08-18 18:15:12.020347,STN_001,21.67,25.76
2026-08-18 19:15:12.020347,STN_001,14.37,25.93
2026-08-18 20:15:12.020347,STN_001,15.29,24.96
2026-08-18 21:15:12.020347,STN_001,22.63,25.49
2026-08-18 22:15:12.020347,STN_001,20.41,25.15
2026-08-18 23:15:12.020347,STN_001,26.74,26.43
2026-08-19 00:15:12.020347,STN_001,20.59,25.1
2026-08-19 01:15:12.020347,STN_001,18.85,25.53
2026-08-19 02:15:12.020347,STN_001,13.28,25.47
2026-08-19 03:15:12.020347,STN_001,15.99,25.4
2026-08-19 04:15:12.020347,STN_001,14.86,24.85
2026-08-19 05:15:12.020347,STN_001,14.64,24.72
2026-08-19 06:15:12.020347,STN_001,39.64,25.2
2026-08-19 07:15:12.020347,STN_001,16.29,25.59
2026-08-19 08:15:12.020347,STN_001,29.24,25.38
2026-08-19 09:15:12.020347,STN_001,20.03,25.94
2026-08-19 10:15:12.020347,STN_001,24.43,25.92
2026-08-19 11:15:12.020347,STN_001,17.79,24.51
2026-08-19 12:15:12.020347,STN_001,19.0,25.86
2026-08-19 13:15:12.020347,STN_001,17.63,26.91
2026-08-19 14:15:12.020347,STN_001,14.18,26.39
2026-08-19 15:15:12.020347,STN_001,22.16,25.95
2026-08-19 16:15:12.020347,STN_001,15.02,25.15
2026-08-19 17:15:12.020347,STN_001,12.73,25.9
2026-08-19 18:15:12.020347,STN_001,20.32,26.01
2026-08-19 19:15:12.020347,STN_001,14.01,25.51
2026-08-19 20:15:12.020347,STN_001,33.71,26.03
2026-08-19 21:15:12.020347,STN_001,35.63,26.78
2026-08-19 22:15:12.020347,STN_001,31.24,25.77
2026-08-19 23:15:12.020347,STN_001,16.23,25.54
2026-08-20 00:15:12.020347,STN_001,12.88,26.32
2026-08-20 01:15:12.020347,STN_001,32.53,26.37
2026-08-20 02:15:12.020347,STN_001,16.95,26.7
2026-08-20 03:15:12.020347,STN_001,38.27,26.75
2026-08-20 04:15:12.020347,STN_001,37.61,26.47
2026-08-20 05:15:12.020347,STN_001,27.14,27.12
2026-08-20 06:15:12.020347,STN_001,15.38,26.03
2026-08-20 07:15:12.020347,STN_001,16.41,26.48
2026-08-20 08:15:12.020347,STN_001,27.04,26.83
2026-08-20 09:15:12.020347,STN_001,15.62,26.34
2026-08-20 10:15:12.020347,STN_001,14.15,27.63
2026-08-20 11:15:12.020347,STN_001,18.86,25.46
2026-08-20 12:15:12.020347,STN_001,33.39,26.31
2026-08-20 13:15:12.020347,STN_001,21.69,26.17
2026-08-20 14:15:12.020347,STN_001,19.09,26.35
2026-08-20 15:15:12.020347,STN_001,13.53,26.27
2026-08-20 16:15:12.020347,STN_001,19.92,25.99
2026-08-20 17:15:12.020347,STN_001,47.34,27.46
2026-08-20 18:15:12.020347,STN_001,13.89,26.73
2026-08-20 19:15:12.020347,STN_001,18.24,27.14
2026-08-20 20:15:12.020347,STN_001,28.5,26.78
2026-08-20 21:15:12.020347,STN_001,22.88,26.49
2026-08-20 22:15:12.020347,STN_001,21.93,27.59
2026-08-20 23:15:12.020347,STN_001,22.06,27.29
2026-08-21 00:15:12.020347,STN_001,16.31,25.93
2026-08-21 01:15:12.020347,STN_001,15.58,25.67
2026-08-21 02:15:12.020347,STN_001,25.4,27.28
2026-08-21 03:15:12.020347,STN_001,25.43,26.34
2026-08-21 04:15:12.020347,STN_001,28.11,25.66
2026-08-21 05:15:12.020347,STN_001,31.31,27.06
2026-08-21 06:15:12.020347,STN_001,18.34,26.66
2026-08-21 07:15:12.020347,STN_001,,26.72
2026-08-21 08:15:12.020347,STN_001,24.98,26.97
2026-08-21 09:15:12.020347,STN_001,20.84,25.98
2026-08-21 10:15:12.020347,STN_001,22.05,25.92
2026-08-21 11:15:12.020347,STN_001,24.89,27.6
2026-08-21 12:15:12.020347,STN_001,29.53,26.04
2026-08-21 13:15:12.020347,STN_001,16.06,26.08
2026-08-21 14:15:12.020347,STN_001,16.5,26.14
2026-08-21 15:15:12.020347,STN_001,13.71,27.7
2026-08-21 16:15:12.020347,STN_001,19.45,26.9
2026-08-21 17:15:12.020347,STN_001,13.25,26.71
2026-08-21 18:15:12.020347,STN_001,17.67,26.37
2026-08-21 19:15:12.020347,STN_001,18.84,25.98
2026-08-21 20:15:12.020347,STN_001,15.5,26.43
2026-08-21 21:15:12.020347,STN_001,19.67,25.3
2026-08-21 22:15:12.020347,STN_001,,25.46
2026-08-21 23:15:12.020347,STN_001,13.47,26.26
2026-08-22 00:15:12.020347,STN_001,26.15,25.34
2026-08-22 01:15:12.020347,STN_001,16.53,25.94
2026-08-22 02:15:12.020347,STN_001,14.2,25.82
2026-08-22 03:15:12.020347,STN_001,18.72,25.55
2026-08-22 04:15:12.020347,STN_001,24.2,24.79
2026-08-22 05:15:12.020347,STN_001,15.01,25.24
2026-08-22 06:15:12.020347,STN_001,20.5,25.17
2026-08-22 07:15:12.020347,STN_001,13.85,25.61
2026-08-22 08:15:12.020347,STN_001,13.58,25.44
2026-08-22 09:15:12.020347,STN_001,18.87,25.55
2026-08-22 10:15:12.020347,STN_001,19.02,24.99
2026-08-22 11:15:12.020347,STN_001,20.79,25.53
2026-08-22 12:15:12.020347,STN_001,22.89,24.41
2026-08-22 13:15:12.020347,STN_001,41.11,24.59
2026-08-22 14:15:12.020347,STN_001,18.63,24.36
2026-08-22 15:15:12.020347,STN_001,16.11,25.31
2026-08-22 16:15:12.020347,STN_001,25.07,25.25
2026-08-22 17:15:12.020347,STN_001,15.55,26.05
2026-08-22 18:15:12.020347,STN_001,17.52,25.33
2026-08-22 19:15:12.020347,STN_001,13.79,25.73
2026-08-22 20:15:12.020347,STN_001,13.37,25.97
2026-08-22 21:15:12.020347,STN_001,37.84,25.45
2026-08-22 22:15:12.020347,STN_001,26.95,26.15
2026-08-22 23:15:12.020347,STN_001,22.32,26.61
2026-08-23 00:15:12.020347,STN_001,17.34,25.38
2026-08-23 01:15:12.020347,STN_001,14.82,25.99
2026-08-23 02:15:12.020347,STN_001,14.67,25.64
2026-08-23 03:15:12.020347,STN_001,15.55,25.36
2026-08-23 04:15:12.020347,STN_001,19.37,25.11
2026-08-23 05:15:12.020347,STN_001,22.8,25.38
2026-08-23 06:15:12.020347,STN_001,21.49,26.02
2026-08-23 07:15:12.020347,STN_001,,25.21
2026-08-23 08:15:12.020347,STN_001,36.63,26.03
2026-08-23 09:15:12.020347,STN_001,23.43,26.77
2026-08-23 10:15:12.020347,STN_001,19.45,26.59
2026-08-23 11:15:12.020347,STN_001,20.49,26.1
2026-08-23 12:15:12.020347,STN_001,17.47,27.14
2026-08-23 13:15:12.020347,STN_001,15.53,26.92
2026-08-23 14:15:12.020347,STN_001,16.69,25.97
2026-08-23 15:15:12.020347,STN_001,24.03,24.82
2026-08-23 16:15:12.020347,STN_001,13.5,26.35
2026-08-23 17:15:12.020347,STN_001,14.32,24.74
2026-08-23 18:15:12.020347,STN_001,13.75,26.58
2026-08-23 19:15:12.020347,STN_001,13.7,26.38
2026-08-23 20:15:12.020347,STN_001,27.9,26.91
2026-08-23 21:15:12.020347,STN_001,22.51,25.96
2026-08-23 22:15:12.020347,STN_001,18.42,25.58
2026-08-23 23:15:12.020347,STN_001,14.37,
2026-08-24 00:15:12.020347,STN_001,18.68,25.4
2026-08-24 01:15:12.020347,STN_001,18.41,26.21
2026-08-24 02:15:12.020347,STN_001,15.03,26.08
2026-08-24 03:15:12.020347,STN_001,17.87,25.82
2026-08-24 04:15:12.020347,STN_001,17.41,25.37
2026-08-24 05:15:12.020347,STN_001,20.78,27.02
2026-08-24 06:15:12.020347,STN_001,21.16,26.16
2026-08-24 07:15:12.020347,STN_001,13.95,24.88
2026-08-24 08:15:12.020347,STN_001,17.12,25.18
2026-08-24 09:15:12.020347,STN_001,20.97,25.87
2026-08-24 10:15:12.020347,STN_001,18.85,25.0
2026-08-24 11:15:12.020347,STN_001,28.16,25.67
2026-08-24 12:15:12.020347,STN_001,21.66,26.02
2026-08-24 13:15:12.020347,STN_001,14.94,23.84
2026-08-24 14:15:12.020347,STN_001,14.15,25.45
2026-08-24 15:15:12.020347,STN_001,21.31,25.44
2026-08-24 16:15:12.020347,STN_001,13.8,25.27
2026-08-24 17:15:12.020347,STN_001,20.21,25.7
2026-08-24 18:15:12.020347,STN_001,34.73,26.14
2026-08-24 19:15:12.020347,STN_001,20.03,25.96
2026-08-24 20:15:12.020347,STN_001,17.29,25.57
2026-08-24 21:15:12.020347,STN_001,21.33,26.06
2026-08-24 22:15:12.020347,STN_001,18.41,25.8
2026-08-24 23:15:12.020347,STN_001,19.73,25.73
2026-08-25 00:15:12.020347,STN_001,35.1,25.39
2026-08-25 01:15:12.020347,STN_001,17.47,25.25
2026-08-25 02:15:12.020347,STN_001,38.18,25.66
2026-08-25 03:15:12.020347,STN_001,31.49,26.63
2026-08-25 04:15:12.020347,STN_001,15.44,26.43
2026-08-25 05:15:12.020347,STN_001,14.35,25.65
2026-08-25 06:15:12.020347,STN_001,14.61,26.63
2026-08-25 07:15:12.020347,STN_001,13.95,27.0
2026-08-25 08:15:12.020347,STN_001,14.55,25.98
2026-08-25 09:15:12.020347,STN_001,22.43,25.42
2026-08-25 10:15:12.020347,STN_001,14.36,25.88
2026-08-25 11:15:12.020347,STN_001,16.69,26.52
2026-08-25 12:15:12.020347,STN_001,27.79,26.45
2026-08-25 13:15:12.020347,STN_001,13.99,25.7
2026-08-25 14:15:12.020347,STN_001,126.16,28.32
2026-08-25 15:15:12.020347,STN_001,16.29,28.17
2026-08-25 16:15:12.020347,STN_001,14.75,27.14
2026-08-25 17:15:12.020347,STN_001,22.76,27.17
2026-08-25 18:15:12.020347,STN_001,21.25,27.08
2026-08-25 19:15:12.020347,STN_001,29.56,27.24
2026-08-25 20:15:12.020347,STN_001,82.79,28.79
2026-08-25 21:15:12.020347,STN_001,26.01,28.58
2026-08-25 22:15:12.020347,STN_001,16.5,28.82
2026-08-25 23:15:12.020347,STN_001,15.48,28.66
2026-08-26 00:15:12.020347,STN_001,24.43,29.05
2026-08-26 01:15:12.020347,STN_001,26.35,27.77
2026-08-26 02:15:12.020347,STN_001,48.95,28.63
2026-08-26 03:15:12.020347,STN_001,18.01,27.18
2026-08-26 04:15:12.020347,STN_001,,27.64
2026-08-26 05:15:12.020347,STN_001,25.25,28.39
2026-08-26 06:15:12.020347,STN_001,17.14,28.67
2026-08-26 07:15:12.020347,STN_001,34.04,28.66
2026-08-26 08:15:12.020347,STN_001,170.73,30.38
2026-08-26 09:15:12.020347,STN_001,18.22,30.42
2026-08-26 10:15:12.020347,STN_001,24.44,31.42
2026-08-26 11:15:12.020347,STN_001,24.55,30.65
2026-08-26 12:15:12.020347,STN_001,14.83,31.55
2026-08-26 13:15:12.020347,STN_001,31.48,31.29
2026-08-26 14:15:12.020347,STN_001,19.3,29.79
2026-08-26 15:15:12.020347,STN_001,27.15,29.1
2026-08-26 16:15:12.020347,STN_001,16.91,30.19
2026-08-26 17:15:12.020347,STN_001,30.96,29.58
2026-08-26 18:15:12.020347,STN_001,17.71,29.18
2026-08-26 19:15:12.020347,STN_001,14.1,29.84
2026-08-26 20:15:12.020347,STN_001,31.7,28.25
2026-08-26 21:15:12.020347,STN_001,14.74,28.43
2026-08-26 22:15:12.020347,STN_001,17.11,28.84
2026-08-26 23:15:12.020347,STN_001,36.7,30.22
2026-08-27 00:15:12.020347,STN_001,36.78,28.92
2026-08-27 01:15:12.020347,STN_001,20.61,28.97
2026-08-27 02:15:12.020347,STN_001,21.72,29.22
2026-08-27 03:15:12.020347,STN_001,80.35,29.02
2026-08-27 04:15:12.020347,STN_001,16.83,29.85
2026-08-27 05:15:12.020347,STN_001,17.21,30.13
2026-08-27 06:15:12.020347,STN_001,22.6,29.44
2026-08-27 07:15:12.020347,STN_001,24.69,29.99
2026-08-27 08:15:12.020347,STN_001,25.99,27.81
2026-08-27 09:15:12.020347,STN_001,25.92,
2026-08-27 10:15:12.020347,STN_001,14.94,27.55
2026-08-27 11:15:12.020347,STN_001,19.34,27.39
2026-08-27 12:15:12.020347,STN_001,14.67,27.53
2026-08-27 13:15:12.020347,STN_001,20.21,27.51
2026-08-27 14:15:12.020347,STN_001,18.59,27.72
2026-08-27 15:15:12.020347,STN_001,30.62,27.73
2026-08-27 16:15:12.020347,STN_001,17.47,26.26
2026-08-27 17:15:12.020347,STN_001,15.16,27.23
2026-08-27 18:15:12.020347,STN_001,15.38,26.5
2026-08-27 19:15:12.020347,STN_001,24.97,27.25
2026-08-27 20:15:12.020347,STN_001,21.45,27.2
2026-08-27 21:15:12.020347,STN_001,15.02,27.75
2026-08-27 22:15:12.020347,STN_001,15.09,
2026-08-27 23:15:12.020347,STN_001,23.48,27.24
2026-08-28 00:15:12.020347,STN_001,15.0,27.23
2026-08-28 01:15:12.020347,STN_001,27.37,27.53
2026-08-28 02:15:12.020347,STN_001,23.62,26.88
2026-08-28 03:15:12.020347,STN_001,15.07,26.17
2026-08-28 04:15:12.020347,STN_001,15.09,26.11
2026-08-28 05:15:12.020347,STN_001,46.8,26.2
2026-08-28 06:15:12.020347,STN_001,17.95,26.03
2026-08-28 07:15:12.020347,STN_001,17.9,25.19
2026-08-28 08:15:12.020347,STN_001,27.0,25.8
2026-08-28 09:15:12.020347,STN_001,36.5,25.59
2026-08-28 10:15:12.020347,STN_001,46.45,27.5
2026-08-28 11:15:12.020347,STN_001,24.93,27.03
2026-08-28 12:15:12.020347,STN_001,17.97,26.92
2026-08-28 13:15:12.020347,STN_001,15.08,26.56
2026-08-28 14:15:12.020347,STN_001,25.69,27.02
2026-08-28 15:15:12.020347,STN_001,20.56,26.46
2026-08-28 16:15:12.020347,STN_001,18.57,26.98
2026-08-28 17:15:12.020347,STN_001,32.19,27.23
2026-08-28 18:15:12.020347,STN_001,15.31,26.67
2026-08-28 19:15:12.020347,STN_001,19.52,26.6
2026-08-28 20:15:12.020347,STN_001,14.52,27.43
2026-08-28 21:15:12.020347,STN_001,19.17,26.98
2026-08-28 22:15:12.020347,STN_001,15.07,26.64
2026-08-28 23:15:12.020347,STN_001,15.58,26.75
2026-08-29 00:15:12.020347,STN_001,15.57,26.44
2026-08-29 01:15:12.020347,STN_001,22.49,26.85
2026-08-29 02:15:12.020347,STN_001,24.91,27.31
2026-08-29 03:15:12.020347,STN_001,21.2,26.96
2026-08-29 04:15:12.020347,STN_001,39.19,28.46
2026-08-29 05:15:12.020347,STN_001,18.16,27.13
2026-08-29 06:15:12.020347,STN_001,17.16,27.02
2026-08-29 07:15:12.020347,STN_001,29.86,26.6
2026-08-29 08:15:12.020347,STN_001,16.53,26.81
2026-08-29 09:15:12.020347,STN_001,39.41,26.57
2026-08-29 10:15:12.020347,STN_001,14.73,25.48
2026-08-29 11:15:12.020347,STN_001,40.9,27.25
2026-08-29 12:15:12.020347,STN_001,14.96,26.47
2026-08-29 13:15:12.020347,STN_001,31.27,26.55
2026-08-29 14:15:12.020347,STN_001,20.26,26.97
2026-08-29 15:15:12.020347,STN_001,51.81,27.51
2026-08-29 16:15:12.020347,STN_001,15.21,27.05
2026-08-29 17:15:12.020347,STN_001,20.69,27.07
2026-08-29 18:15:12.020347,STN_001,40.76,27.76
2026-08-29 19:15:12.020347,STN_001,20.19,27.21
2026-08-29 20:15:12.020347,STN_001,22.08,27.64
2026-08-29 21:15:12.020347,STN_001,23.56,26.71
2026-08-29 22:15:12.020347,STN_001,19.38,27.01
2026-08-29 23:15:12.020347,STN_001,22.24,28.02
2026-08-30 00:15:12.020347,STN_001,21.42,27.14
2026-08-30 01:15:12.020347,STN_001,32.19,28.03
2026-08-30 02:15:12.020347,STN_001,15.19,27.71
2026-08-30 03:15:12.020347,STN_001,17.31,27.56
2026-08-30 04:15:12.020347,STN_001,37.37,27.3
2026-08-30 05:15:12.020347,STN_001,31.41,28.34
2026-08-30 06:15:12.020347,STN_001,19.4,
2026-08-30 07:15:12.020347,STN_001,22.1,27.96
2026-08-30 08:15:12.020347,STN_001,17.27,27.98
2026-08-30 09:15:12.020347,STN_001,16.4,27.19
2026-08-30 10:15:12.020347,STN_001,19.51,27.0
2026-08-30 11:15:12.020347,STN_001,18.11,27.29
2026-08-30 12:15:12.020347,STN_001,21.41,26.9
2026-08-30 13:15:12.020347,STN_001,15.44,26.3
2026-08-30 14:15:12.020347,STN_001,42.32,27.87
2026-08-30 15:15:12.020347,STN_001,46.97,27.83
2026-08-30 16:15:12.020347,STN_001,23.82,27.08
2026-08-30 17:15:12.020347,STN_001,20.6,27.63
2026-08-30 18:15:12.020347,STN_001,17.61,27.72
2026-08-30 19:15:12.020347,STN_001,27.44,27.42
2026-08-30 20:15:12.020347,STN_001,23.49,26.74
2026-08-30 21:15:12.020347,STN_001,16.17,27.12
2026-08-30 22:15:12.020347,STN_001,33.18,28.11
2026-08-30 23:15:12.020347,STN_001,28.01,27.64
2026-08-31 00:15:12.020347,STN_001,37.48,27.99
2026-08-31 01:15:12.020347,STN_001,24.74,27.79
2026-08-31 02:15:12.020347,STN_001,22.17,27.28
2026-08-31 03:15:12.020347,STN_001,19.1,27.42
2026-08-31 04:15:12.020347,STN_001,35.28,27.88
2026-08-31 05:15:12.020347,STN_001,30.12,28.1
2026-08-31 06:15:12.020347,STN_001,15.39,28.19
2026-08-31 07:15:12.020347,STN_001,15.24,27.13
2026-08-31 08:15:12.020347,STN_001,18.58,27.79
2026-08-31 09:15:12.020347,STN_001,27.52,28.3
2026-08-31 10:15:12.020347,STN_001,47.77,27.57
2026-08-31 11:15:12.020347,STN_001,16.26,28.78
2026-08-31 12:15:12.020347,STN_001,21.8,28.87
2026-08-31 13:15:12.020347,STN_001,18.64,29.4
2026-08-31 14:15:12.020347,STN_001,41.32,28.19
2026-08-31 15:15:12.020347,STN_001,28.88,27.97
2026-08-31 16:15:12.020347,STN_001,102.09,29.24
2026-08-31 17:15:12.020347,STN_001,19.78,29.21
2026-08-31 18:15:12.020347,STN_001,19.06,29.4
2026-08-31 19:15:12.020347,STN_001,17.43,29.1
2026-08-31 20:15:12.020347,STN_001,15.47,28.55
2026-08-31 21:15:12.020347,STN_001,30.04,29.39
2026-08-31 22:15:12.020347,STN_001,27.81,28.21
2026-08-31 23:15:12.020347,STN_001,76.53,29.36
2026-09-01 00:15:12.020347,STN_001,57.95,30.39
2026-09-01 01:15:12.020347,STN_001,21.32,28.94
2026-09-01 02:15:12.020347,STN_001,26.23,29.28
2026-09-01 03:15:12.020347,STN_001,36.96,30.18
2026-09-01 04:15:12.020347,STN_001,29.45,29.96
2026-09-01 05:15:12.020347,STN_001,17.37,29.17
2026-09-01 06:15:12.020347,STN_001,19.73,29.45
2026-09-01 07:15:12.020347,STN_001,16.28,29.08
2026-09-01 08:15:12.020347,STN_001,38.34,
2026-09-01 09:15:12.020347,STN_001,22.23,29.73
2026-09-01 10:15:12.020347,STN_001,17.19,30.37
2026-09-01 11:15:12.020347,STN_001,23.59,29.61
2026-09-01 12:15:12.020347,STN_001,22.46,29.46
2026-09-01 13:15:12.020347,STN_001,18.57,29.41
2026-09-01 14:15:12.020347,STN_001,16.14,29.14
2026-09-01 15:15:12.020347,STN_001,23.59,29.25
2026-09-01 16:15:12.020347,STN_001,20.75,29.43
2026-09-01 17:15:12.020347,STN_001,26.34,28.09
2026-09-01 18:15:12.020347,STN_001,77.65,
2026-09-01 19:15:12.020347,STN_001,29.58,29.17
2026-09-01 20:15:12.020347,STN_001,21.26,29.76
2026-09-01 21:15:12.020347,STN_001,21.41,28.4
2026-09-01 22:15:12.020347,STN_001,31.13,29.41
2026-09-01 23:15:12.020347,STN_001,19.31,28.06
2026-09-02 00:15:12.020347,STN_001,16.52,28.22
2026-09-02 01:15:12.020347,STN_001,15.66,27.63
2026-09-02 02:15:12.020347,STN_001,25.99,26.72
2026-09-02 03:15:12.020347,STN_001,22.7,27.88
2026-09-02 04:15:12.020347,STN_001,24.57,27.81
2026-09-02 05:15:12.020347,STN_001,17.24,27.34
2026-09-02 06:15:12.020347,STN_001,16.54,27.27
2026-09-02 07:15:12.020347,STN_001,15.55,26.93
2026-09-02 08:15:12.020347,STN_001,18.68,27.72
2026-09-02 09:15:12.020347,STN_001,22.12,27.78
2026-09-02 10:15:12.020347,STN_001,19.17,26.92
2026-09-02 11:15:12.020347,STN_001,19.75,27.04
2026-09-02 12:15:12.020347,STN_001,33.03,27.41
2026-09-02 13:15:12.020347,STN_001,18.65,28.58
2026-09-02 14:15:12.020347,STN_001,20.85,27.78
2026-09-02 15:15:12.020347,STN_001,26.92,27.07
2026-09-02 16:15:12.020347,STN_001,19.23,27.68
2026-09-02 17:15:12.020347,STN_001,22.74,26.79
2026-09-02 18:15:12.020347,STN_001,30.31,27.25
2026-09-02 19:15:12.020347,STN_001,37.84,27.83
2026-09-02 20:15:12.020347,STN_001,16.63,27.78
2026-09-02 21:15:12.020347,STN_001,35.03,27.47
2026-09-02 22:15:12.020347,STN_001,20.72,26.72
2026-09-02 23:15:12.020347,STN_001,,26.34
2026-09-03 00:15:12.020347,STN_001,20.25,26.34
2026-09-03 01:15:12.020347,STN_001,44.99,26.0
2026-09-03 02:15:12.020347,STN_001,62.25,28.2
2026-09-03 03:15:12.020347,STN_001,18.63,27.75
2026-09-03 04:15:12.020347,STN_001,23.16,28.24
2026-09-03 05:15:12.020347,STN_001,17.7,28.51
2026-09-03 06:15:12.020347,STN_001,80.4,28.64
2026-09-03 07:15:12.020347,STN_001,16.67,28.68
2026-09-03 08:15:12.020347,STN_001,16.66,28.35
2026-09-03 09:15:12.020347,STN_001,16.87,28.34
2026-09-03 10:15:12.020347,STN_001,16.76,28.85
2026-09-03 11:15:12.020347,STN_001,23.32,28.44
2026-09-03 12:15:12.020347,STN_001,17.14,28.17
2026-09-03 13:15:12.020347,STN_001,18.82,28.32
2026-09-03 14:15:12.020347,STN_001,32.67,28.92
2026-09-03 15:15:12.020347,STN_001,20.45,28.05
2026-09-03 16:15:12.020347,STN_001,23.9,28.42
2026-09-03 17:15:12.020347,STN_001,17.06,28.51
2026-09-03 18:15:12.020347,STN_001,17.24,28.8
2026-09-03 19:15:12.020347,STN_001,15.95,27.83
2026-09-03 20:15:12.020347,STN_001,17.02,27.6
2026-09-03 21:15:12.020347,STN_001,18.09,27.5
2026-09-03 22:15:12.020347,STN_001,17.29,28.26
2026-09-03 23:15:12.020347,STN_001,16.53,28.73
2026-09-04 00:15:12.020347,STN_001,16.8,27.01
2026-09-04 01:15:12.020347,STN_001,20.47,26.82
2026-09-04 02:15:12.020347,STN_001,17.57,26.72
2026-09-04 03:15:12.020347,STN_001,19.23,26.87
2026-09-04 04:15:12.020347,STN_001,21.08,27.18
2026-09-04 05:15:12.020347,STN_001,24.63,26.43
2026-09-04 06:15:12.020347,STN_001,16.13,25.54
2026-09-04 07:15:12.020347,STN_001,27.88,26.28
2026-09-04 08:15:12.020347,STN_001,23.25,26.16
2026-09-04 09:15:12.020347,STN_001,16.47,26.75
2026-09-04 10:15:12.020347,STN_001,31.34,26.71
2026-09-04 11:15:12.020347,STN_001,34.86,26.89
2026-09-04 12:15:12.020347,STN_001,16.31,26.55
2026-09-04 13:15:12.020347,STN_001,18.26,27.78
2026-09-04 14:15:12.020347,STN_001,28.14,26.12
2026-09-04 15:15:12.020347,STN_001,26.18,26.92
2026-09-04 16:15:12.020347,STN_001,17.36,25.9
2026-09-04 17:15:12.020347,STN_001,17.59,26.0
2026-09-04 18:15:12.020347,STN_001,19.3,26.26
2026-09-04 19:15:12.020347,STN_001,20.8,27.44
2026-09-04 20:15:12.020347,STN_001,23.06,26.83
2026-09-04 21:15:12.020347,STN_001,19.29,26.42
2026-09-04 22:15:12.020347,STN_001,20.68,26.98
2026-09-04 23:15:12.020347,STN_001,26.35,26.93
2026-09-05 00:15:12.020347,STN_001,16.31,26.66
2026-09-05 01:15:12.020347,STN_001,18.21,26.18
2026-09-05 02:15:12.020347,STN_001,25.4,27.69
2026-09-05 03:15:12.020347,STN_001,32.95,27.25
2026-09-05 04:15:12.020347,STN_001,21.4,28.24
2026-09-05 05:15:12.020347,STN_001,21.72,27.58
2026-09-05 06:15:12.020347,STN_001,16.88,27.4
2026-09-05 07:15:12.020347,STN_001,20.48,26.81
2026-09-05 08:15:12.020347,STN_001,21.73,26.46
2026-09-05 09:15:12.020347,STN_001,18.11,26.92
2026-09-05 10:15:12.020347,STN_001,18.38,26.31
2026-09-05 11:15:12.020347,STN_001,19.58,27.0
2026-09-05 12:15:12.020347,STN_001,16.18,27.49
2026-09-05 13:15:12.020347,STN_001,18.94,26.56
2026-09-05 14:15:12.020347,STN_001,17.81,27.03
2026-09-05 15:15:12.020347,STN_001,19.0,26.12
2026-09-05 16:15:12.020347,STN_001,16.98,26.31
2026-09-05 17:15:12.020347,STN_001,32.62,26.24
2026-09-05 18:15:12.020347,STN_001,22.78,25.63
2026-09-05 19:15:12.020347,STN_001,24.55,26.72
2026-09-05 20:15:12.020347,STN_001,27.7,26.86
2026-09-05 21:15:12.020347,STN_001,21.2,27.36
2026-09-05 22:15:12.020347,STN_001,16.9,27.2
2026-09-05 23:15:12.020347,STN_001,22.0,27.16
2026-09-06 00:15:12.020347,STN_001,22.85,26.35
2026-09-06 01:15:12.020347,STN_001,,27.17
2026-09-06 02:15:12.020347,STN_001,20.46,27.67
2026-09-06 03:15:12.020347,STN_001,17.24,26.87
2026-09-06 04:15:12.020347,STN_001,18.72,27.56
2026-09-06 05:15:12.020347,STN_001,19.6,27.63
2026-09-06 06:15:12.020347,STN_001,24.01,26.57
2026-09-06 07:15:12.020347,STN_001,22.56,26.39
2026-09-06 08:15:12.020347,STN_001,19.52,26.33
2026-09-06 09:15:12.020347,STN_001,233.95,28.65
2026-09-06 10:15:12.020347,STN_001,85.31,29.98
2026-09-06 11:15:12.020347,STN_001,,30.83
2026-09-06 12:15:12.020347,STN_001,17.03,29.13
2026-09-06 13:15:12.020347,STN_001,17.47,29.7
2026-09-06 14:15:12.020347,STN_001,18.34,30.16
2026-09-06 15:15:12.020347,STN_001,17.53,29.77
2026-09-06 16:15:12.020347,STN_001,17.77,29.95
2026-09-06 17:15:12.020347,STN_001,18.74,29.78
2026-09-06 18:15:12.020347,STN_001,17.65,29.85
2026-09-06 19:15:12.020347,STN_001,33.25,29.72
2026-09-06 20:15:12.020347,STN_001,16.85,29.54
2026-09-06 21:15:12.020347,STN_001,21.8,30.42
2026-09-06 22:15:12.020347,STN_001,20.37,30.56
2026-09-06 23:15:12.020347,STN_001,46.7,29.65
2026-09-07 00:15:12.020347,STN_001,17.3,28.89
2026-09-07 01:15:12.020347,STN_001,20.22,30.72
2026-09-07 02:15:12.020347,STN_001,42.58,29.85
2026-09-07 03:15:12.020347,STN_001,31.46,30.75
2026-09-07 04:15:12.020347,STN_001,29.15,29.99
2026-09-07 05:15:12.020347,STN_001,18.65,31.41
2026-09-07 06:15:12.020347,STN_001,17.82,31.96
2026-09-07 07:15:12.020347,STN_001,24.7,30.81
2026-09-07 08:15:12.020347,STN_001,36.29,30.88
2026-09-07 09:15:12.020347,STN_001,22.51,28.12
2026-09-07 10:15:12.020347,STN_001,22.77,27.89
2026-09-07 11:15:12.020347,STN_001,18.88,27.79
2026-09-07 12:15:12.020347,STN_001,27.42,28.14
2026-09-07 13:15:12.020347,STN_001,86.14,28.18
2026-09-07 14:15:12.020347,STN_001,19.35,28.68
2026-09-07 15:15:12.020347,STN_001,20.57,28.27
2026-09-07 16:15:12.020347,STN_001,21.73,28.07
2026-09-07 17:15:12.020347,STN_001,18.49,28.57
2026-09-07 18:15:12.020347,STN_001,17.33,28.13
2026-09-07 19:15:12.020347,STN_001,23.49,29.05
2026-09-07 20:15:12.020347,STN_001,18.97,28.06
2026-09-07 21:15:12.020347,STN_001,22.94,28.69
2026-09-07 22:15:12.020347,STN_001,17.86,28.2
2026-09-07 23:15:12.020347,STN_001,21.52,28.33
2026-09-08 00:15:12.020347,STN_001,22.31,27.99
2026-09-08 01:15:12.020347,STN_001,17.0,
2026-09-08 02:15:12.020347,STN_001,19.68,28.17
2026-09-08 03:15:12.020347,STN_001,17.68,27.64
2026-09-08 04:15:12.020347,STN_001,17.09,27.75
2026-09-08 05:15:12.020347,STN_001,51.11,27.8
2026-09-08 06:15:12.020347,STN_001,19.52,27.37
2026-09-08 07:15:12.020347,STN_001,29.05,28.63
2026-09-08 08:15:12.020347,STN_001,18.81,28.24
2026-09-08 09:15:12.020347,STN_001,25.18,27.62
2026-09-08 10:15:12.020347,STN_001,27.31,27.99
2026-09-08 11:15:12.020347,STN_001,23.39,28.53
2026-09-08 12:15:12.020347,STN_001,21.39,27.71
2026-09-08 13:15:12.020347,STN_001,20.58,26.97
2026-09-08 14:15:12.020347,STN_001,19.82,27.25
2026-09-08 15:15:12.020347,STN_001,36.5,27.09
2026-09-08 16:15:12.020347,STN_001,29.92,27.86
2026-09-08 17:15:12.020347,STN_001,41.75,27.63
2026-09-08 18:15:12.020347,STN_001,17.6,27.33
2026-09-08 19:15:12.020347,STN_001,26.45,28.06
2026-09-08 20:15:12.020347,STN_001,37.5,27.42
2026-09-08 21:15:12.020347,STN_001,18.1,28.94
2026-08-09 22:15:12.020347,STN_002,25.97,
2026-08-09 23:15:12.020347,STN_002,27.58,
2026-08-10 00:15:12.020347,STN_002,15.86,
2026-08-10 01:15:12.020347,STN_002,13.9,
2026-08-10 02:15:12.020347,STN_002,23.74,
2026-08-10 03:15:12.020347,STN_002,14.5,
2026-08-10 04:15:12.020347,STN_002,16.5,
2026-08-10 05:15:12.020347,STN_002,13.69,
2026-08-10 06:15:12.020347,STN_002,22.24,
2026-08-10 07:15:12.020347,STN_002,15.03,
2026-08-10 08:15:12.020347,STN_002,21.65,
2026-08-10 09:15:12.020347,STN_002,49.63,
2026-08-10 10:15:12.020347,STN_002,14.22,
2026-08-10 11:15:12.020347,STN_002,84.16,
2026-08-10 12:15:12.020347,STN_002,16.78,
2026-08-10 13:15:12.020347,STN_002,28.75,
2026-08-10 14:15:12.020347,STN_002,15.48,
2026-08-10 15:15:12.020347,STN_002,17.01,
2026-08-10 16:15:12.020347,STN_002,14.19,
2026-08-10 17:15:12.020347,STN_002,24.46,
2026-08-10 18:15:12.020347,STN_002,17.59,
2026-08-10 19:15:12.020347,STN_002,24.34,
2026-08-10 20:15:12.020347,STN_002,31.2,
2026-08-10 21:15:12.020347,STN_002,15.65,24.1
2026-08-10 22:15:12.020347,STN_002,26.23,25.54
2026-08-10 23:15:12.020347,STN_002,14.33,26.0
2026-08-11 00:15:12.020347,STN_002,31.06,25.63
2026-08-11 01:15:12.020347,STN_002,21.76,26.08
2026-08-11 02:15:12.020347,STN_002,29.42,26.27
2026-08-11 03:15:12.020347,STN_002,13.88,25.61
2026-08-11 04:15:12.020347,STN_002,15.26,25.51
2026-08-11 05:15:12.020347,STN_002,17.58,25.9
2026-08-11 06:15:12.020347,STN_002,17.45,25.85
2026-08-11 07:15:12.020347,STN_002,86.6,26.68
2026-08-11 08:15:12.020347,STN_002,17.48,26.65
2026-08-11 09:15:12.020347,STN_002,14.91,25.8
2026-08-11 10:15:12.020347,STN_002,17.87,26.59
2026-08-11 11:15:12.020347,STN_002,26.03,25.79
2026-08-11 12:15:12.020347,STN_002,18.76,24.85
2026-08-11 13:15:12.020347,STN_002,14.01,25.14
2026-08-11 14:15:12.020347,STN_002,17.98,25.41
2026-08-11 15:15:12.020347,STN_002,14.08,25.06
2026-08-11 16:15:12.020347,STN_002,39.29,25.96
2026-08-11 17:15:12.020347,STN_002,14.9,25.49
2026-08-11 18:15:12.020347,STN_002,23.1,25.67
2026-08-11 19:15:12.020347,STN_002,40.9,25.6
2026-08-11 20:15:12.020347,STN_002,26.99,24.75
2026-08-11 21:15:12.020347,STN_002,22.89,24.81
2026-08-11 22:15:12.020347,STN_002,27.81,26.18
2026-08-11 23:15:12.020347,STN_002,44.14,26.39
2026-08-12 00:15:12.020347,STN_002,21.37,26.36
2026-08-12 01:15:12.020347,STN_002,20.23,26.19
2026-08-12 02:15:12.020347,STN_002,21.51,26.13
2026-08-12 03:15:12.020347,STN_002,19.79,26.58
2026-08-12 04:15:12.020347,STN_002,21.65,26.4
2026-08-12 05:15:12.020347,STN_002,18.57,26.71
2026-08-12 06:15:12.020347,STN_002,15.94,
2026-08-12 07:15:12.020347,STN_002,15.05,25.12
2026-08-12 08:15:12.020347,STN_002,14.62,25.34
2026-08-12 09:15:12.020347,STN_002,16.38,24.84
2026-08-12 10:15:12.020347,STN_002,14.44,25.02
2026-08-12 11:15:12.020347,STN_002,20.37,25.23
2026-08-12 12:15:12.020347,STN_002,16.59,25.2
2026-08-12 13:15:12.020347,STN_002,27.14,25.23
2026-08-12 14:15:12.020347,STN_002,14.67,24.54
2026-08-12 15:15:12.020347,STN_002,16.01,25.58
2026-08-12 16:15:12.020347,STN_002,23.92,25.49
2026-08-12 17:15:12.020347,STN_002,20.94,25.97
2026-08-12 18:15:12.020347,STN_002,14.59,25.26
2026-08-12 19:15:12.020347,STN_002,29.82,24.9
2026-08-12 20:15:12.020347,STN_002,29.82,24.43
2026-08-12 21:15:12.020347,STN_002,17.1,25.61
2026-08-12 22:15:12.020347,STN_002,17.42,24.89
2026-08-12 23:15:12.020347,STN_002,48.15,24.92
2026-08-13 00:15:12.020347,STN_002,21.68,24.7
2026-08-13 01:15:12.020347,STN_002,19.99,24.66
2026-08-13 02:15:12.020347,STN_002,27.96,25.24
2026-08-13 03:15:12.020347,STN_002,16.82,24.35
2026-08-13 04:15:12.020347,STN_002,18.51,25.64
2026-08-13 05:15:12.020347,STN_002,16.64,25.5
2026-08-13 06:15:12.020347,STN_002,25.98,24.75
2026-08-13 07:15:12.020347,STN_002,20.69,24.56
2026-08-13 08:15:12.020347,STN_002,,24.09
2026-08-13 09:15:12.020347,STN_002,16.48,24.47
2026-08-13 10:15:12.020347,STN_002,16.17,25.48
2026-08-13 11:15:12.020347,STN_002,19.33,25.26
2026-08-13 12:15:12.020347,STN_002,24.34,25.45
2026-08-13 13:15:12.020347,STN_002,19.89,24.19
2026-08-13 14:15:12.020347,STN_002,14.55,24.91
2026-08-13 15:15:12.020347,STN_002,29.52,25.96
2026-08-13 16:15:12.020347,STN_002,14.81,25.11
2026-08-13 17:15:12.020347,STN_002,37.7,24.74
2026-08-13 18:15:12.020347,STN_002,14.49,25.32
2026-08-13 19:15:12.020347,STN_002,23.2,24.9
2026-08-13 20:15:12.020347,STN_002,,25.27
2026-08-13 21:15:12.020347,STN_002,32.42,25.3
2026-08-13 22:15:12.020347,STN_002,19.2,25.62
2026-08-13 23:15:12.020347,STN_002,15.63,24.33
2026-08-14 00:15:12.020347,STN_002,17.64,24.67
2026-08-14 01:15:12.020347,STN_002,15.87,25.39
2026-08-14 02:15:12.020347,STN_002,15.92,24.01
2026-08-14 03:15:12.020347,STN_002,36.71,24.44
2026-08-14 04:15:12.020347,STN_002,18.94,25.05
2026-08-14 05:15:12.020347,STN_002,26.18,25.21
2026-08-14 06:15:12.020347,STN_002,22.17,24.77
2026-08-14 07:15:12.020347,STN_002,22.98,24.91
2026-08-14 08:15:12.020347,STN_002,15.58,25.23
2026-08-14 09:15:12.020347,STN_002,16.52,25.39
2026-08-14 10:15:12.020347,STN_002,26.11,24.55
2026-08-14 11:15:12.020347,STN_002,41.01,25.54
2026-08-14 12:15:12.020347,STN_002,16.8,26.02
2026-08-14 13:15:12.020347,STN_002,16.9,25.17
2026-08-14 14:15:12.020347,STN_002,19.32,24.74
2026-08-14 15:15:12.020347,STN_002,45.46,24.92
2026-08-14 16:15:12.020347,STN_002,16.87,25.43
2026-08-14 17:15:12.020347,STN_002,18.44,25.79
2026-08-14 18:15:12.020347,STN_002,31.17,25.46
2026-08-14 19:15:12.020347,STN_002,14.54,25.46
2026-08-14 20:15:12.020347,STN_002,14.82,24.87
2026-08-14 21:15:12.020347,STN_002,21.47,25.72
2026-08-14 22:15:12.020347,STN_002,32.58,24.86
2026-08-14 23:15:12.020347,STN_002,16.78,25.19
2026-08-15 00:15:12.020347,STN_002,19.49,25.78
2026-08-15 01:15:12.020347,STN_002,19.22,24.49
2026-08-15 02:15:12.020347,STN_002,19.54,25.64
2026-08-15 03:15:12.020347,STN_002,22.04,24.85
2026-08-15 04:15:12.020347,STN_002,19.49,25.39
2026-08-15 05:15:12.020347,STN_002,19.18,25.12
2026-08-15 06:15:12.020347,STN_002,19.56,26.31
2026-08-15 07:15:12.020347,STN_002,21.44,25.04
2026-08-15 08:15:12.020347,STN_002,20.51,26.22
2026-08-15 09:15:12.020347,STN_002,29.17,25.75
2026-08-15 10:15:12.020347,STN_002,15.11,24.92
2026-08-15 11:15:12.020347,STN_002,28.17,25.33
2026-08-15 12:15:12.020347,STN_002,28.66,25.16
2026-08-15 13:15:12.020347,STN_002,17.25,25.44
2026-08-15 14:15:12.020347,STN_002,19.39,24.96
2026-08-15 15:15:12.020347,STN_002,19.06,25.83
2026-08-15 16:15:12.020347,STN_002,16.58,25.45
2026-08-15 17:15:12.020347,STN_002,18.52,25.0
2026-08-15 18:15:12.020347,STN_002,15.07,25.65
2026-08-15 19:15:12.020347,STN_002,17.17,24.85
2026-08-15 20:15:12.020347,STN_002,27.46,25.52
2026-08-15 21:15:12.020347,STN_002,17.24,24.94
2026-08-15 22:15:12.020347,STN_002,27.73,25.09
2026-08-15 23:15:12.020347,STN_002,20.64,24.9
2026-08-16 00:15:12.020347,STN_002,30.84,25.13
2026-08-16 01:15:12.020347,STN_002,21.36,25.2
2026-08-16 02:15:12.020347,STN_002,76.21,25.48
2026-08-16 03:15:12.020347,STN_002,23.39,25.64
2026-08-16 04:15:12.020347,STN_002,15.29,25.68
2026-08-16 05:15:12.020347,STN_002,19.44,25.9
2026-08-16 06:15:12.020347,STN_002,,25.96
2026-08-16 07:15:12.020347,STN_002,16.3,26.5
2026-08-16 08:15:12.020347,STN_002,18.65,26.31
2026-08-16 09:15:12.020347,STN_002,24.76,25.74
2026-08-16 10:15:12.020347,STN_002,30.99,26.72
2026-08-16 11:15:12.020347,STN_002,23.28,26.91
2026-08-16 12:15:12.020347,STN_002,17.19,24.81
2026-08-16 13:15:12.020347,STN_002,23.37,26.37
2026-08-16 14:15:12.020347,STN_002,17.59,
2026-08-16 15:15:12.020347,STN_002,24.45,26.35
2026-08-16 16:15:12.020347,STN_002,38.05,26.84
2026-08-16 17:15:12.020347,STN_002,24.53,25.86
2026-08-16 18:15:12.020347,STN_002,29.85,25.55
2026-08-16 19:15:12.020347,STN_002,14.96,26.87
2026-08-16 20:15:12.020347,STN_002,24.43,26.48
2026-08-16 21:15:12.020347,STN_002,28.22,25.72
2026-08-16 22:15:12.020347,STN_002,15.47,27.7
2026-08-16 23:15:12.020347,STN_002,30.56,26.87
2026-08-17 00:15:12.020347,STN_002,17.39,26.72
2026-08-17 01:15:12.020347,STN_002,23.37,27.1
2026-08-17 02:15:12.020347,STN_002,27.25,25.51
2026-08-17 03:15:12.020347,STN_002,23.31,25.86
2026-08-17 04:15:12.020347,STN_002,15.89,25.15
2026-08-17 05:15:12.020347,STN_002,21.96,25.53
2026-08-17 06:15:12.020347,STN_002,21.14,25.86
2026-08-17 07:15:12.020347,STN_002,32.45,25.04
2026-08-17 08:15:12.020347,STN_002,19.05,25.56
2026-08-17 09:15:12.020347,STN_002,18.07,25.33
2026-08-17 10:15:12.020347,STN_002,25.55,25.79
2026-08-17 11:15:12.020347,STN_002,19.15,25.96
2026-08-17 12:15:12.020347,STN_002,22.95,26.11
2026-08-17 13:15:12.020347,STN_002,22.96,26.24
2026-08-17 14:15:12.020347,STN_002,31.58,26.6
2026-08-17 15:15:12.020347,STN_002,22.01,26.19
2026-08-17 16:15:12.020347,STN_002,20.39,26.6
2026-08-17 17:15:12.020347,STN_002,16.28,25.62
2026-08-17 18:15:12.020347,STN_002,16.08,25.3
2026-08-17 19:15:12.020347,STN_002,16.42,25.71
2026-08-17 20:15:12.020347,STN_002,16.58,25.2
2026-08-17 21:15:12.020347,STN_002,22.78,26.16
2026-08-17 22:15:12.020347,STN_002,25.51,25.96
2026-08-17 23:15:12.020347,STN_002,21.04,25.65
2026-08-18 00:15:12.020347,STN_002,28.62,25.48
2026-08-18 01:15:12.020347,STN_002,50.93,25.56
2026-08-18 02:15:12.020347,STN_002,28.24,26.13
2026-08-18 03:15:12.020347,STN_002,,25.22
2026-08-18 04:15:12.020347,STN_002,21.08,26.62
2026-08-18 05:15:12.020347,STN_002,19.84,25.74
2026-08-18 06:15:12.020347,STN_002,16.04,25.92
2026-08-18 07:15:12.020347,STN_002,19.2,25.14
2026-08-18 08:15:12.020347,STN_002,33.45,26.14
2026-08-18 09:15:12.020347,STN_002,27.75,25.67
2026-08-18 10:15:12.020347,STN_002,17.2,26.12
2026-08-18 11:15:12.020347,STN_002,20.09,26.18
2026-08-18 12:15:12.020347,STN_002,28.1,25.55
2026-08-18 13:15:12.020347,STN_002,15.9,25.22
2026-08-18 14:15:12.020347,STN_002,19.05,26.39
2026-08-18 15:15:12.020347,STN_002,29.7,25.62
2026-08-18 16:15:12.020347,STN_002,19.25,25.82
2026-08-18 17:15:12.020347,STN_002,15.98,25.95
2026-08-18 18:15:12.020347,STN_002,21.24,25.14
2026-08-18 19:15:12.020347,STN_002,30.21,26.17
2026-08-18 20:15:12.020347,STN_002,22.07,26.06
2026-08-18 21:15:12.020347,STN_002,17.3,25.62
2026-08-18 22:15:12.020347,STN_002,19.22,25.32
2026-08-18 23:15:12.020347,STN_002,20.07,26.19
2026-08-19 00:15:12.020347,STN_002,22.08,26.37
2026-08-19 01:15:12.020347,STN_002,26.27,25.58
2026-08-19 02:15:12.020347,STN_002,16.37,24.63
2026-08-19 03:15:12.020347,STN_002,32.12,24.91
2026-08-19 04:15:12.020347,STN_002,15.68,25.16
2026-08-19 05:15:12.020347,STN_002,19.05,26.15
2026-08-19 06:15:12.020347,STN_002,15.8,25.24
2026-08-19 07:15:12.020347,STN_002,19.33,25.13
2026-08-19 08:15:12.020347,STN_002,21.18,24.37
2026-08-19 09:15:12.020347,STN_002,20.96,24.8
2026-08-19 10:15:12.020347,STN_002,16.95,24.51
2026-08-19 11:15:12.020347,STN_002,23.37,24.66
2026-08-19 12:15:12.020347,STN_002,15.93,25.07
2026-08-19 13:15:12.020347,STN_002,26.35,24.94
2026-08-19 14:15:12.020347,STN_002,37.57,26.22
2026-08-19 15:15:12.020347,STN_002,18.7,25.78
2026-08-19 16:15:12.020347,STN_002,21.05,24.95
2026-08-19 17:15:12.020347,STN_002,19.16,24.84
2026-08-19 18:15:12.020347,STN_002,15.64,25.92
2026-08-19 19:15:12.020347,STN_002,19.24,25.92
2026-08-19 20:15:12.020347,STN_002,27.35,24.06
2026-08-19 21:15:12.020347,STN_002,22.38,25.27
2026-08-19 22:15:12.020347,STN_002,16.6,25.1
2026-08-19 23:15:12.020347,STN_002,29.89,25.67
2026-08-20 00:15:12.020347,STN_002,21.48,26.31
2026-08-20 01:15:12.020347,STN_002,29.63,25.14
2026-08-20 02:15:12.020347,STN_002,22.31,24.42
2026-08-20 03:15:12.020347,STN_002,21.95,25.62
2026-08-20 04:15:12.020347,STN_002,16.63,26.03
2026-08-20 05:15:12.020347,STN_002,17.17,25.16
2026-08-20 06:15:12.020347,STN_002,42.62,25.3
2026-08-20 07:15:12.020347,STN_002,93.06,26.35
2026-08-20 08:15:12.020347,STN_002,44.24,27.29
2026-08-20 09:15:12.020347,STN_002,21.49,26.64
2026-08-20 10:15:12.020347,STN_002,16.89,27.03
2026-08-20 11:15:12.020347,STN_002,16.58,26.8
2026-08-20 12:15:12.020347,STN_002,17.56,26.76
2026-08-20 13:15:12.020347,STN_002,35.29,27.26
2026-08-20 14:15:12.020347,STN_002,19.81,26.45
2026-08-20 15:15:12.020347,STN_002,19.57,26.49
2026-08-20 16:15:12.020347,STN_002,18.62,27.07
2026-08-20 17:15:12.020347,STN_002,16.99,26.15
2026-08-20 18:15:12.020347,STN_002,,26.27
2026-08-20 19:15:12.020347,STN_002,16.84,26.05
2026-08-20 20:15:12.020347,STN_002,29.34,27.13
2026-08-20 21:15:12.020347,STN_002,19.27,26.61
2026-08-20 22:15:12.020347,STN_002,19.53,26.08
2026-08-20 23:15:12.020347,STN_002,20.83,27.05
2026-08-21 00:15:12.020347,STN_002,20.42,26.33
2026-08-21 01:15:12.020347,STN_002,55.54,26.5
2026-08-21 02:15:12.020347,STN_002,21.92,26.83
2026-08-21 03:15:12.020347,STN_002,16.7,27.6
2026-08-21 04:15:12.020347,STN_002,23.01,26.75
2026-08-21 05:15:12.020347,STN_002,17.24,27.23
2026-08-21 06:15:12.020347,STN_002,16.25,26.98
2026-08-21 07:15:12.020347,STN_002,42.5,26.2
2026-08-21 08:15:12.020347,STN_002,27.15,26.4
2026-08-21 09:15:12.020347,STN_002,45.39,25.71
2026-08-21 10:15:12.020347,STN_002,20.89,25.6
2026-08-21 11:15:12.020347,STN_002,21.71,25.65
2026-08-21 12:15:12.020347,STN_002,17.39,26.11
2026-08-21 13:15:12.020347,STN_002,18.14,25.49
2026-08-21 14:15:12.020347,STN_002,29.69,26.16
2026-08-21 15:15:12.020347,STN_002,19.31,26.12
2026-08-21 16:15:12.020347,STN_002,29.16,26.73
2026-08-21 17:15:12.020347,STN_002,25.27,26.47
2026-08-21 18:15:12.020347,STN_002,17.47,26.07
2026-08-21 19:15:12.020347,STN_002,115.23,27.71
2026-08-21 20:15:12.020347,STN_002,24.5,26.93
2026-08-21 21:15:12.020347,STN_002,18.02,27.41
2026-08-21 22:15:12.020347,STN_002,29.54,27.75
2026-08-21 23:15:12.020347,STN_002,22.13,27.67
2026-08-22 00:15:12.020347,STN_002,17.58,27.78
2026-08-22 01:15:12.020347,STN_002,22.78,26.84
2026-08-22 02:15:12.020347,STN_002,77.41,28.43
2026-08-22 03:15:12.020347,STN_002,17.45,28.78
2026-08-22 04:15:12.020347,STN_002,28.95,27.14
2026-08-22 05:15:12.020347,STN_002,17.96,27.34
2026-08-22 06:15:12.020347,STN_002,27.66,28.11
2026-08-22 07:15:12.020347,STN_002,26.17,27.76
2026-08-22 08:15:12.020347,STN_002,18.9,28.73
2026-08-22 09:15:12.020347,STN_002,19.18,27.57
2026-08-22 10:15:12.020347,STN_002,28.02,28.24
2026-08-22 11:15:12.020347,STN_002,20.86,26.51
2026-08-22 12:15:12.020347,STN_002,26.07,28.05
2026-08-22 13:15:12.020347,STN_002,17.42,27.28
2026-08-22 14:15:12.020347,STN_002,30.58,27.28
2026-08-22 15:15:12.020347,STN_002,25.53,27.6
2026-08-22 16:15:12.020347,STN_002,34.03,27.07
2026-08-22 17:15:12.020347,STN_002,17.29,27.91
2026-08-22 18:15:12.020347,STN_002,22.96,27.85
2026-08-22 19:15:12.020347,STN_002,23.08,26.73
2026-08-22 20:15:12.020347,STN_002,19.49,26.98
2026-08-22 21:15:12.020347,STN_002,20.82,27.33
2026-08-22 22:15:12.020347,STN_002,16.72,26.26
2026-08-22 23:15:12.020347,STN_002,26.71,26.74
2026-08-23 00:15:12.020347,STN_002,22.41,26.71
2026-08-23 01:15:12.020347,STN_002,16.88,26.68
2026-08-23 02:15:12.020347,STN_002,25.0,26.03
2026-08-23 03:15:12.020347,STN_002,21.15,26.68
2026-08-23 04:15:12.020347,STN_002,16.7,25.5
2026-08-23 05:15:12.020347,STN_002,42.63,25.27
2026-08-23 06:15:12.020347,STN_002,38.77,25.83
2026-08-23 07:15:12.020347,STN_002,21.83,26.5
2026-08-23 08:15:12.020347,STN_002,17.17,26.11
2026-08-23 09:15:12.020347,STN_002,26.97,25.96
2026-08-23 10:15:12.020347,STN_002,21.51,25.58
2026-08-23 11:15:12.020347,STN_002,19.13,26.2
2026-08-23 12:15:12.020347,STN_002,21.5,26.36
2026-08-23 13:15:12.020347,STN_002,21.98,26.25
2026-08-23 14:15:12.020347,STN_002,22.64,25.87
2026-08-23 15:15:12.020347,STN_002,20.8,26.01
2026-08-23 16:15:12.020347,STN_002,23.41,25.87
2026-08-23 17:15:12.020347,STN_002,35.26,26.12
2026-08-23 18:15:12.020347,STN_002,19.81,25.4
2026-08-23 19:15:12.020347,STN_002,26.13,26.12
2026-08-23 20:15:12.020347,STN_002,33.3,25.98
2026-08-23 21:15:12.020347,STN_002,21.0,26.72
2026-08-23 22:15:12.020347,STN_002,21.04,26.35
2026-08-23 23:15:12.020347,STN_002,23.55,26.67
2026-08-24 00:15:12.020347,STN_002,23.35,26.11
2026-08-24 01:15:12.020347,STN_002,28.96,26.28
2026-08-24 02:15:12.020347,STN_002,21.5,27.12
2026-08-24 03:15:12.020347,STN_002,58.29,27.05
2026-08-24 04:15:12.020347,STN_002,17.1,26.48
2026-08-24 05:15:12.020347,STN_002,16.67,26.96
2026-08-24 06:15:12.020347,STN_002,24.31,26.07
2026-08-24 07:15:12.020347,STN_002,19.3,26.41
2026-08-24 08:15:12.020347,STN_002,18.7,27.24
2026-08-24 09:15:12.020347,STN_002,19.45,25.51
2026-08-24 10:15:12.020347,STN_002,82.94,26.91
2026-08-24 11:15:12.020347,STN_002,16.88,27.17
2026-08-24 12:15:12.020347,STN_002,235.66,30.02
2026-08-24 13:15:12.020347,STN_002,,28.98
2026-08-24 14:15:12.020347,STN_002,26.57,28.88
2026-08-24 15:15:12.020347,STN_002,27.43,30.28
2026-08-24 16:15:12.020347,STN_002,36.51,29.53
2026-08-24 17:15:12.020347,STN_002,16.87,29.28
2026-08-24 18:15:12.020347,STN_002,32.06,30.59
2026-08-24 19:15:12.020347,STN_002,22.26,29.8
2026-08-24 20:15:12.020347,STN_002,24.15,29.69
2026-08-24 21:15:12.020347,STN_002,24.4,29.61
2026-08-24 22:15:12.020347,STN_002,29.7,29.23
2026-08-24 23:15:12.020347,STN_002,19.89,30.13
2026-08-25 00:15:12.020347,STN_002,26.76,30.04
2026-08-25 01:15:12.020347,STN_002,22.49,29.84
2026-08-25 02:15:12.020347,STN_002,28.68,29.79
2026-08-25 03:15:12.020347,STN_002,51.81,29.62
2026-08-25 04:15:12.020347,STN_002,18.53,30.24
2026-08-25 05:15:12.020347,STN_002,56.08,30.2
2026-08-25 06:15:12.020347,STN_002,17.56,30.16
2026-08-25 07:15:12.020347,STN_002,16.87,30.42
2026-08-25 08:15:12.020347,STN_002,17.19,30.24
2026-08-25 09:15:12.020347,STN_002,19.99,30.97
2026-08-25 10:15:12.020347,STN_002,24.37,28.53
2026-08-25 11:15:12.020347,STN_002,17.39,29.57
2026-08-25 12:15:12.020347,STN_002,16.89,26.33
2026-08-25 13:15:12.020347,STN_002,37.6,26.45
2026-08-25 14:15:12.020347,STN_002,29.79,26.74
2026-08-25 15:15:12.020347,STN_002,29.27,27.02
2026-08-25 16:15:12.020347,STN_002,33.03,27.0
2026-08-25 17:15:12.020347,STN_002,25.88,26.3
2026-08-25 18:15:12.020347,STN_002,17.68,26.61
2026-08-25 19:15:12.020347,STN_002,20.67,27.0
2026-08-25 20:15:12.020347,STN_002,26.48,26.45
2026-08-25 21:15:12.020347,STN_002,19.32,26.27
2026-08-25 22:15:12.020347,STN_002,25.78,25.68
2026-08-25 23:15:12.020347,STN_002,17.24,26.44
2026-08-26 00:15:12.020347,STN_002,19.8,26.11
2026-08-26 01:15:12.020347,STN_002,23.03,26.2
2026-08-26 02:15:12.020347,STN_002,24.56,26.51
2026-08-26 03:15:12.020347,STN_002,23.51,25.99
2026-08-26 04:15:12.020347,STN_002,26.03,25.8
2026-08-26 05:15:12.020347,STN_002,17.1,24.84
2026-08-26 06:15:12.020347,STN_002,17.86,26.05
2026-08-26 07:15:12.020347,STN_002,32.3,26.47
2026-08-26 08:15:12.020347,STN_002,25.65,26.0
2026-08-26 09:15:12.020347,STN_002,17.96,26.04
2026-08-26 10:15:12.020347,STN_002,30.9,26.26
2026-08-26 11:15:12.020347,STN_002,19.14,
2026-08-26 12:15:12.020347,STN_002,,25.56
2026-08-26 13:15:12.020347,STN_002,18.23,25.89
2026-08-26 14:15:12.020347,STN_002,26.35,25.19
2026-08-26 15:15:12.020347,STN_002,25.3,26.19
2026-08-26 16:15:12.020347,STN_002,18.84,25.76
2026-08-26 17:15:12.020347,STN_002,31.99,26.01
2026-08-26 18:15:12.020347,STN_002,20.91,26.02
2026-08-26 19:15:12.020347,STN_002,19.65,26.43
2026-08-26 20:15:12.020347,STN_002,18.3,26.1
2026-08-26 21:15:12.020347,STN_002,19.38,26.25
2026-08-26 22:15:12.020347,STN_002,17.43,25.23
2026-08-26 23:15:12.020347,STN_002,23.83,26.44
2026-08-27 00:15:12.020347,STN_002,31.11,25.62
2026-08-27 01:15:12.020347,STN_002,23.24,25.65
2026-08-27 02:15:12.020347,STN_002,19.12,26.05
2026-08-27 03:15:12.020347,STN_002,17.52,25.99
2026-08-27 04:15:12.020347,STN_002,19.08,25.22
2026-08-27 05:15:12.020347,STN_002,21.3,25.72
2026-08-27 06:15:12.020347,STN_002,27.96,26.68
2026-08-27 07:15:12.020347,STN_002,18.83,25.03
2026-08-27 08:15:12.020347,STN_002,26.81,26.52
2026-08-27 09:15:12.020347,STN_002,32.39,25.84
2026-08-27 10:15:12.020347,STN_002,21.8,24.68
2026-08-27 11:15:12.020347,STN_002,,25.3
2026-08-27 12:15:12.020347,STN_002,23.33,25.52
2026-08-27 13:15:12.020347,STN_002,24.87,25.77
2026-08-27 14:15:12.020347,STN_002,22.87,25.99
2026-08-27 15:15:12.020347,STN_002,21.93,24.65
2026-08-27 16:15:12.020347,STN_002,19.27,26.1
2026-08-27 17:15:12.020347,STN_002,19.97,
2026-08-27 18:15:12.020347,STN_002,19.83,26.54
2026-08-27 19:15:12.020347,STN_002,23.48,25.75
2026-08-27 20:15:12.020347,STN_002,18.22,26.36
2026-08-27 21:15:12.020347,STN_002,35.91,26.65
2026-08-27 22:15:12.020347,STN_002,27.04,26.79
2026-08-27 23:15:12.020347,STN_002,21.32,25.93
2026-08-28 00:15:12.020347,STN_002,18.77,25.77
2026-08-28 01:15:12.020347,STN_002,33.5,26.08
2026-08-28 02:15:12.020347,STN_002,30.49,26.65
2026-08-28 03:15:12.020347,STN_002,27.06,26.2
2026-08-28 04:15:12.020347,STN_002,19.85,26.4
2026-08-28 05:15:12.020347,STN_002,21.33,26.6
2026-08-28 06:15:12.020347,STN_002,18.28,25.89
2026-08-28 07:15:12.020347,STN_002,19.04,25.86
2026-08-28 08:15:12.020347,STN_002,28.93,26.29
2026-08-28 09:15:12.020347,STN_002,26.89,26.29
2026-08-28 10:15:12.020347,STN_002,24.22,26.55
2026-08-28 11:15:12.020347,STN_002,162.27,28.32
2026-08-28 12:15:12.020347,STN_002,24.04,27.44
2026-08-28 13:15:12.020347,STN_002,22.19,27.55
2026-08-28 14:15:12.020347,STN_002,20.59,27.44
2026-08-28 15:15:12.020347,STN_002,38.63,28.84
2026-08-28 16:15:12.020347,STN_002,18.12,28.06
2026-08-28 17:15:12.020347,STN_002,37.51,28.35
2026-08-28 18:15:12.020347,STN_002,30.62,28.51
2026-08-28 19:15:12.020347,STN_002,18.51,28.06
2026-08-28 20:15:12.020347,STN_002,23.71,29.27
2026-08-28 21:15:12.020347,STN_002,32.58,28.65
2026-08-28 22:15:12.020347,STN_002,24.04,28.46
2026-08-28 23:15:12.020347,STN_002,35.5,28.06
2026-08-29 00:15:12.020347,STN_002,39.16,28.29
2026-08-29 01:15:12.020347,STN_002,21.79,28.57
2026-08-29 02:15:12.020347,STN_002,21.23,28.26
2026-08-29 03:15:12.020347,STN_002,38.33,28.22
2026-08-29 04:15:12.020347,STN_002,26.11,28.64
2026-08-29 05:15:12.020347,STN_002,18.6,28.68
2026-08-29 06:15:12.020347,STN_002,18.0,28.86
2026-08-29 07:15:12.020347,STN_002,23.91,28.6
2026-08-29 08:15:12.020347,STN_002,37.64,28.46
2026-08-29 09:15:12.020347,STN_002,31.62,28.53
2026-08-29 10:15:12.020347,STN_002,26.12,29.65
2026-08-29 11:15:12.020347,STN_002,18.8,26.62
2026-08-29 12:15:12.020347,STN_002,19.87,27.38
2026-08-29 13:15:12.020347,STN_002,33.3,27.6
2026-08-29 14:15:12.020347,STN_002,19.19,27.26
2026-08-29 15:15:12.020347,STN_002,20.12,
2026-08-29 16:15:12.020347,STN_002,18.72,27.35
2026-08-29 17:15:12.020347,STN_002,26.13,27.87
2026-08-29 18:15:12.020347,STN_002,39.29,26.74
2026-08-29 19:15:12.020347,STN_002,20.02,26.76
2026-08-29 20:15:12.020347,STN_002,22.51,27.33
2026-08-29 21:15:12.020347,STN_002,25.22,26.84
2026-08-29 22:15:12.020347,STN_002,74.39,28.48
2026-08-29 23:15:12.020347,STN_002,18.71,27.6
2026-08-30 00:15:12.020347,STN_002,23.05,26.7
2026-08-30 01:15:12.020347,STN_002,21.53,26.35
2026-08-30 02:15:12.020347,STN_002,32.94,27.33
2026-08-30 03:15:12.020347,STN_002,22.72,27.13
2026-08-30 04:15:12.020347,STN_002,18.76,27.24
2026-08-30 05:15:12.020347,STN_002,25.42,27.77
2026-08-30 06:15:12.020347,STN_002,28.93,27.84
2026-08-30 07:15:12.020347,STN_002,17.9,26.94
2026-08-30 08:15:12.020347,STN_002,32.57,26.52
2026-08-30 09:15:12.020347,STN_002,19.42,26.39
2026-08-30 10:15:12.020347,STN_002,23.9,26.61
2026-08-30 11:15:12.020347,STN_002,21.91,26.84
2026-08-30 12:15:12.020347,STN_002,27.42,27.27
2026-08-30 13:15:12.020347,STN_002,21.36,26.57
2026-08-30 14:15:12.020347,STN_002,33.17,27.28
2026-08-30 15:15:12.020347,STN_002,27.71,27.42
2026-08-30 16:15:12.020347,STN_002,25.7,27.4
2026-08-30 17:15:12.020347,STN_002,29.81,26.81
2026-08-30 18:15:12.020347,STN_002,28.4,27.47
2026-08-30 19:15:12.020347,STN_002,18.15,28.25
2026-08-30 20:15:12.020347,STN_002,21.64,27.32
2026-08-30 21:15:12.020347,STN_002,37.91,25.88
2026-08-30 22:15:12.020347,STN_002,19.09,27.32
2026-08-30 23:15:12.020347,STN_002,28.1,26.46
2026-08-31 00:15:12.020347,STN_002,45.62,28.23
2026-08-31 01:15:12.020347,STN_002,18.48,27.12
2026-08-31 02:15:12.020347,STN_002,26.68,26.14
2026-08-31 03:15:12.020347,STN_002,22.82,25.95
2026-08-31 04:15:12.020347,STN_002,24.57,27.83
2026-08-31 05:15:12.020347,STN_002,18.75,27.52
2026-08-31 06:15:12.020347,STN_002,18.41,27.95
2026-08-31 07:15:12.020347,STN_002,26.32,26.95
2026-08-31 08:15:12.020347,STN_002,31.08,26.9
2026-08-31 09:15:12.020347,STN_002,29.5,26.86
2026-08-31 10:15:12.020347,STN_002,23.97,26.72
2026-08-31 11:15:12.020347,STN_002,18.87,26.82
2026-08-31 12:15:12.020347,STN_002,26.82,27.12
2026-08-31 13:15:12.020347,STN_002,20.16,26.57
2026-08-31 14:15:12.020347,STN_002,36.23,26.2
2026-08-31 15:15:12.020347,STN_002,31.74,27.16
2026-08-31 16:15:12.020347,STN_002,27.35,26.67
2026-08-31 17:15:12.020347,STN_002,40.38,25.62
2026-08-31 18:15:12.020347,STN_002,18.32,27.39
2026-08-31 19:15:12.020347,STN_002,28.07,26.68
2026-08-31 20:15:12.020347,STN_002,21.09,
2026-08-31 21:15:12.020347,STN_002,35.82,27.52
2026-08-31 22:15:12.020347,STN_002,20.61,27.39
2026-08-31 23:15:12.020347,STN_002,27.96,28.5
2026-09-01 00:15:12.020347,STN_002,34.04,27.04
2026-09-01 01:15:12.020347,STN_002,18.6,26.96
2026-09-01 02:15:12.020347,STN_002,22.08,27.39
2026-09-01 03:15:12.020347,STN_002,29.06,27.1
2026-09-01 04:15:12.020347,STN_002,22.83,27.68
2026-09-01 05:15:12.020347,STN_002,20.61,26.49
2026-09-01 06:15:12.020347,STN_002,20.14,26.52
2026-09-01 07:15:12.020347,STN_002,19.34,27.45
2026-09-01 08:15:12.020347,STN_002,32.87,26.5
2026-09-01 09:15:12.020347,STN_002,24.7,27.33
2026-09-01 10:15:12.020347,STN_002,18.88,27.15
2026-09-01 11:15:12.020347,STN_002,21.9,
2026-09-01 12:15:12.020347,STN_002,21.72,27.12
2026-09-01 13:15:12.020347,STN_002,19.78,26.31
2026-09-01 14:15:12.020347,STN_002,22.57,26.26
2026-09-01 15:15:12.020347,STN_002,21.31,26.51
2026-09-01 16:15:12.020347,STN_002,21.42,26.59
2026-09-01 17:15:12.020347,STN_002,28.36,26.25
2026-09-01 18:15:12.020347,STN_002,20.18,26.64
2026-09-01 19:15:12.020347,STN_002,25.98,26.6
2026-09-01 20:15:12.020347,STN_002,24.62,27.21
2026-09-01 21:15:12.020347,STN_002,24.58,26.26
2026-09-01 22:15:12.020347,STN_002,26.64,27.01
2026-09-01 23:15:12.020347,STN_002,24.44,26.83
2026-09-02 00:15:12.020347,STN_002,34.34,27.52
2026-09-02 01:15:12.020347,STN_002,26.92,26.41
2026-09-02 02:15:12.020347,STN_002,24.42,26.3
2026-09-02 03:15:12.020347,STN_002,184.22,29.07
2026-09-02 04:15:12.020347,STN_002,25.47,28.67
2026-09-02 05:15:12.020347,STN_002,21.06,29.12
2026-09-02 06:15:12.020347,STN_002,20.22,28.84
2026-09-02 07:15:12.020347,STN_002,19.72,27.44
2026-09-02 08:15:12.020347,STN_002,35.71,28.71
2026-09-02 09:15:12.020347,STN_002,158.53,30.35
2026-09-02 10:15:12.020347,STN_002,39.26,30.52
2026-09-02 11:15:12.020347,STN_002,25.41,30.43
2026-09-02 12:15:12.020347,STN_002,23.29,29.72
2026-09-02 13:15:12.020347,STN_002,18.94,30.94
2026-09-02 14:15:12.020347,STN_002,26.83,30.75
2026-09-02 15:15:12.020347,STN_002,25.03,31.16
2026-09-02 16:15:12.020347,STN_002,53.18,30.23
2026-09-02 17:15:12.020347,STN_002,20.53,31.16
2026-09-02 18:15:12.020347,STN_002,24.15,30.84
2026-09-02 19:15:12.020347,STN_002,26.37,31.03
2026-09-02 20:15:12.020347,STN_002,26.24,30.87
2026-09-02 21:15:12.020347,STN_002,24.66,31.25
2026-09-02 22:15:12.020347,STN_002,29.93,30.97
2026-09-02 23:15:12.020347,STN_002,20.4,30.48
2026-09-03 00:15:12.020347,STN_002,28.38,30.97
2026-09-03 01:15:12.020347,STN_002,25.93,30.81
2026-09-03 02:15:12.020347,STN_002,35.66,31.01
2026-09-03 03:15:12.020347,STN_002,32.77,27.57
2026-09-03 04:15:12.020347,STN_002,21.52,29.46
2026-09-03 05:15:12.020347,STN_002,21.1,28.96
2026-09-03 06:15:12.020347,STN_002,48.66,28.8
2026-09-03 07:15:12.020347,STN_002,24.3,29.99
2026-09-03 08:15:12.020347,STN_002,36.44,29.85
2026-09-03 09:15:12.020347,STN_002,20.02,27.64
2026-09-03 10:15:12.020347,STN_002,26.4,27.07
2026-09-03 11:15:12.020347,STN_002,,27.8
2026-09-03 12:15:12.020347,STN_002,40.76,28.0
2026-09-03 13:15:12.020347,STN_002,21.76,28.43
2026-09-03 14:15:12.020347,STN_002,28.36,27.77
2026-09-03 15:15:12.020347,STN_002,24.48,28.58
2026-09-03 16:15:12.020347,STN_002,19.15,27.29
2026-09-03 17:15:12.020347,STN_002,27.46,26.97
2026-09-03 18:15:12.020347,STN_002,27.46,27.12
2026-09-03 19:15:12.020347,STN_002,38.69,27.81
2026-09-03 20:15:12.020347,STN_002,23.84,27.78
2026-09-03 21:15:12.020347,STN_002,20.64,27.92
2026-09-03 22:15:12.020347,STN_002,19.22,27.61
2026-09-03 23:15:12.020347,STN_002,22.9,28.18
2026-09-04 00:15:12.020347,STN_002,21.57,27.47
2026-09-04 01:15:12.020347,STN_002,29.61,26.65
2026-09-04 02:15:12.020347,STN_002,22.15,27.42
2026-09-04 03:15:12.020347,STN_002,41.2,26.58
2026-09-04 04:15:12.020347,STN_002,43.46,27.99
2026-09-04 05:15:12.020347,STN_002,26.15,28.45
2026-09-04 06:15:12.020347,STN_002,38.68,27.3
2026-09-04 07:15:12.020347,STN_002,29.6,28.57
2026-09-04 08:15:12.020347,STN_002,24.81,28.14
2026-09-04 09:15:12.020347,STN_002,20.36,28.33
2026-09-04 10:15:12.020347,STN_002,23.48,27.78
2026-09-04 11:15:12.020347,STN_002,25.05,27.11
2026-09-04 12:15:12.020347,STN_002,33.83,27.91
2026-09-04 13:15:12.020347,STN_002,23.8,27.24
2026-09-04 14:15:12.020347,STN_002,35.97,27.7
2026-09-04 15:15:12.020347,STN_002,27.29,27.59
2026-09-04 16:15:12.020347,STN_002,19.98,28.25
2026-09-04 17:15:12.020347,STN_002,58.58,28.44
2026-09-04 18:15:12.020347,STN_002,96.85,28.91
2026-09-04 19:15:12.020347,STN_002,22.6,27.77
2026-09-04 20:15:12.020347,STN_002,26.95,28.47
2026-09-04 21:15:12.020347,STN_002,19.74,29.12
2026-09-04 22:15:12.020347,STN_002,26.66,29.04
2026-09-04 23:15:12.020347,STN_002,24.24,28.16
2026-09-05 00:15:12.020347,STN_002,22.98,28.03
2026-09-05 01:15:12.020347,STN_002,42.0,
2026-09-05 02:15:12.020347,STN_002,24.61,28.59
2026-09-05 03:15:12.020347,STN_002,20.92,28.38
2026-09-05 04:15:12.020347,STN_002,121.23,30.17
2026-09-05 05:15:12.020347,STN_002,37.95,30.58
2026-09-05 06:15:12.020347,STN_002,20.52,29.38
2026-09-05 07:15:12.020347,STN_002,20.87,29.62
2026-09-05 08:15:12.020347,STN_002,19.17,29.54
2026-09-05 09:15:12.020347,STN_002,19.18,29.48
2026-09-05 10:15:12.020347,STN_002,126.48,30.87
2026-09-05 11:15:12.020347,STN_002,28.95,31.28
2026-09-05 12:15:12.020347,STN_002,22.36,30.42
2026-09-05 13:15:12.020347,STN_002,28.06,30.04
2026-09-05 14:15:12.020347,STN_002,22.84,31.49
2026-09-05 15:15:12.020347,STN_002,41.98,31.37
2026-09-05 16:15:12.020347,STN_002,44.66,30.58
2026-09-05 17:15:12.020347,STN_002,22.81,30.76
2026-09-05 18:15:12.020347,STN_002,33.51,30.4
2026-09-05 19:15:12.020347,STN_002,30.19,30.37
2026-09-05 20:15:12.020347,STN_002,21.85,30.16
2026-09-05 21:15:12.020347,STN_002,,29.86
2026-09-05 22:15:12.020347,STN_002,23.86,30.8
2026-09-05 23:15:12.020347,STN_002,30.66,30.13
2026-09-06 00:15:12.020347,STN_002,43.43,30.02
2026-09-06 01:15:12.020347,STN_002,30.08,30.56
2026-09-06 02:15:12.020347,STN_002,33.75,30.29
2026-09-06 03:15:12.020347,STN_002,26.19,30.48
2026-09-06 04:15:12.020347,STN_002,32.79,29.3
2026-09-06 05:15:12.020347,STN_002,30.77,29.36
2026-09-06 06:15:12.020347,STN_002,22.81,28.65
2026-09-06 07:15:12.020347,STN_002,25.28,
2026-09-06 08:15:12.020347,STN_002,31.51,30.07
2026-09-06 09:15:12.020347,STN_002,19.62,29.48
2026-09-06 10:15:12.020347,STN_002,31.64,28.55
2026-09-06 11:15:12.020347,STN_002,20.73,27.19
2026-09-06 12:15:12.020347,STN_002,24.68,28.63
2026-09-06 13:15:12.020347,STN_002,31.65,27.88
2026-09-06 14:15:12.020347,STN_002,21.46,27.72
2026-09-06 15:15:12.020347,STN_002,21.38,27.83
2026-09-06 16:15:12.020347,STN_002,23.13,27.11
2026-09-06 17:15:12.020347,STN_002,36.14,27.76
2026-09-06 18:15:12.020347,STN_002,19.26,27.52
2026-09-06 19:15:12.020347,STN_002,36.64,28.2
2026-09-06 20:15:12.020347,STN_002,20.51,28.41
2026-09-06 21:15:12.020347,STN_002,53.87,28.8
2026-09-06 22:15:12.020347,STN_002,42.69,27.19
2026-09-06 23:15:12.020347,STN_002,24.57,27.78
2026-09-07 00:15:12.020347,STN_002,24.85,26.88
2026-09-07 01:15:12.020347,STN_002,24.38,27.35
2026-09-07 02:15:12.020347,STN_002,27.02,27.54
2026-09-07 03:15:12.020347,STN_002,60.85,28.5
2026-09-07 04:15:12.020347,STN_002,19.7,27.87
2026-09-07 05:15:12.020347,STN_002,19.9,27.75
2026-09-07 06:15:12.020347,STN_002,23.86,28.1
2026-09-07 07:15:12.020347,STN_002,21.87,27.11
2026-09-07 08:15:12.020347,STN_002,26.75,27.49
2026-09-07 09:15:12.020347,STN_002,56.09,28.11
2026-09-07 10:15:12.020347,STN_002,23.12,28.15
2026-09-07 11:15:12.020347,STN_002,25.85,28.36
2026-09-07 12:15:12.020347,STN_002,23.48,29.05
2026-09-07 13:15:12.020347,STN_002,33.55,28.78
2026-09-07 14:15:12.020347,STN_002,36.89,28.14
2026-09-07 15:15:12.020347,STN_002,35.19,28.56
2026-09-07 16:15:12.020347,STN_002,46.93,28.83
2026-09-07 17:15:12.020347,STN_002,19.66,28.53
2026-09-07 18:15:12.020347,STN_002,33.19,29.1
2026-09-07 19:15:12.020347,STN_002,29.9,27.95
2026-09-07 20:15:12.020347,STN_002,21.4,29.33
2026-09-07 21:15:12.020347,STN_002,42.93,29.6
2026-09-07 22:15:12.020347,STN_002,20.85,28.37
2026-09-07 23:15:12.020347,STN_002,28.18,28.41
2026-09-08 00:15:12.020347,STN_002,21.55,28.59
2026-09-08 01:15:12.020347,STN_002,23.88,29.01
2026-09-08 02:15:12.020347,STN_002,29.17,28.37
2026-09-08 03:15:12.020347,STN_002,25.86,28.56
2026-09-08 04:15:12.020347,STN_002,23.83,28.39
2026-09-08 05:15:12.020347,STN_002,22.61,29.36
2026-09-08 06:15:12.020347,STN_002,33.37,28.13
2026-09-08 07:15:12.020347,STN_002,20.81,27.3
2026-09-08 08:15:12.020347,STN_002,23.86,27.53
2026-09-08 09:15:12.020347,STN_002,37.2,28.02
2026-09-08 10:15:12.020347,STN_002,33.67,28.66
2026-09-08 11:15:12.020347,STN_002,23.49,27.79
2026-09-08 12:15:12.020347,STN_002,30.44,28.09
2026-09-08 13:15:12.020347,STN_002,32.64,28.53
2026-09-08 14:15:12.020347,STN_002,36.12,27.7
2026-09-08 15:15:12.020347,STN_002,25.54,27.75
2026-09-08 16:15:12.020347,STN_002,21.36,
2026-09-08 17:15:12.020347,STN_002,21.85,28.36
2026-09-08 18:15:12.020347,STN_002,22.27,28.4
2026-09-08 19:15:12.020347,STN_002,26.4,26.8
2026-09-08 20:15:12.020347,STN_002,19.89,27.5
2026-09-08 21:15:12.020347,STN_002,27.22,28.08
2026-08-09 22:15:12.020347,STN_003,36.84,
2026-08-09 23:15:12.020347,STN_003,21.15,
2026-08-10 00:15:12.020347,STN_003,31.5,
2026-08-10 01:15:12.020347,STN_003,27.15,
2026-08-10 02:15:12.020347,STN_003,23.07,
2026-08-10 03:15:12.020347,STN_003,35.46,
2026-08-10 04:15:12.020347,STN_003,20.03,
2026-08-10 05:15:12.020347,STN_003,21.86,
2026-08-10 06:15:12.020347,STN_003,26.21,
2026-08-10 07:15:12.020347,STN_003,23.18,
2026-08-10 08:15:12.020347,STN_003,27.0,
2026-08-10 09:15:12.020347,STN_003,20.12,
2026-08-10 10:15:12.020347,STN_003,20.86,
2026-08-10 11:15:12.020347,STN_003,20.95,
2026-08-10 12:15:12.020347,STN_003,21.51,
2026-08-10 13:15:12.020347,STN_003,24.55,
2026-08-10 14:15:12.020347,STN_003,30.4,
2026-08-10 15:15:12.020347,STN_003,37.63,
2026-08-10 16:15:12.020347,STN_003,33.47,
2026-08-10 17:15:12.020347,STN_003,21.58,
2026-08-10 18:15:12.020347,STN_003,24.3,
2026-08-10 19:15:12.020347,STN_003,21.6,
2026-08-10 20:15:12.020347,STN_003,22.24,
2026-08-10 21:15:12.020347,STN_003,25.19,19.91
2026-08-10 22:15:12.020347,STN_003,20.68,19.91
2026-08-10 23:15:12.020347,STN_003,22.0,19.98
2026-08-11 00:15:12.020347,STN_003,40.69,18.79
2026-08-11 01:15:12.020347,STN_003,24.86,19.35
2026-08-11 02:15:12.020347,STN_003,24.57,19.31
2026-08-11 03:15:12.020347,STN_003,20.26,19.61
2026-08-11 04:15:12.020347,STN_003,22.28,19.83
2026-08-11 05:15:12.020347,STN_003,,20.5
2026-08-11 06:15:12.020347,STN_003,21.5,19.45
2026-08-11 07:15:12.020347,STN_003,24.17,19.46
2026-08-11 08:15:12.020347,STN_003,20.26,20.2
2026-08-11 09:15:12.020347,STN_003,25.03,19.83
2026-08-11 10:15:12.020347,STN_003,20.31,
2026-08-11 11:15:12.020347,STN_003,32.99,19.97
2026-08-11 12:15:12.020347,STN_003,33.22,19.39
2026-08-11 13:15:12.020347,STN_003,31.77,19.4
2026-08-11 14:15:12.020347,STN_003,22.65,19.19
2026-08-11 15:15:12.020347,STN_003,33.77,20.25
2026-08-11 16:15:12.020347,STN_003,26.02,20.42
2026-08-11 17:15:12.020347,STN_003,23.66,20.78
2026-08-11 18:15:12.020347,STN_003,27.51,20.31
2026-08-11 19:15:12.020347,STN_003,20.24,20.46
2026-08-11 20:15:12.020347,STN_003,21.31,19.57
2026-08-11 21:15:12.020347,STN_003,30.32,19.35
2026-08-11 22:15:12.020347,STN_003,22.46,20.41
2026-08-11 23:15:12.020347,STN_003,27.2,20.26
2026-08-12 00:15:12.020347,STN_003,24.01,19.89
2026-08-12 01:15:12.020347,STN_003,34.84,20.16
2026-08-12 02:15:12.020347,STN_003,43.2,20.36
2026-08-12 03:15:12.020347,STN_003,36.49,21.04
2026-08-12 04:15:12.020347,STN_003,22.73,21.05
2026-08-12 05:15:12.020347,STN_003,21.98,20.51
2026-08-12 06:15:12.020347,STN_003,25.19,20.71
2026-08-12 07:15:12.020347,STN_003,20.42,20.5
2026-08-12 08:15:12.020347,STN_003,20.56,20.01
2026-08-12 09:15:12.020347,STN_003,26.41,20.64
2026-08-12 10:15:12.020347,STN_003,113.29,20.73
2026-08-12 11:15:12.020347,STN_003,59.5,22.28
2026-08-12 12:15:12.020347,STN_003,22.06,21.02
2026-08-12 13:15:12.020347,STN_003,22.6,
2026-08-12 14:15:12.020347,STN_003,21.27,21.06
2026-08-12 15:15:12.020347,STN_003,39.08,21.83
2026-08-12 16:15:12.020347,STN_003,31.65,21.6
2026-08-12 17:15:12.020347,STN_003,33.32,20.94
2026-08-12 18:15:12.020347,STN_003,37.84,22.08
2026-08-12 19:15:12.020347,STN_003,25.95,21.65
2026-08-12 20:15:12.020347,STN_003,24.86,22.43
2026-08-12 21:15:12.020347,STN_003,23.37,21.9
2026-08-12 22:15:12.020347,STN_003,27.25,22.19
2026-08-12 23:15:12.020347,STN_003,25.12,21.49
2026-08-13 00:15:12.020347,STN_003,25.08,21.69
2026-08-13 01:15:12.020347,STN_003,41.31,21.83
2026-08-13 02:15:12.020347,STN_003,51.61,22.59
2026-08-13 03:15:12.020347,STN_003,32.52,22.96
2026-08-13 04:15:12.020347,STN_003,31.18,21.82
2026-08-13 05:15:12.020347,STN_003,29.14,22.85
2026-08-13 06:15:12.020347,STN_003,21.94,21.19
2026-08-13 07:15:12.020347,STN_003,21.04,21.68
2026-08-13 08:15:12.020347,STN_003,29.38,21.91
2026-08-13 09:15:12.020347,STN_003,30.37,21.76
2026-08-13 10:15:12.020347,STN_003,20.94,20.49
2026-08-13 11:15:12.020347,STN_003,40.32,21.25
2026-08-13 12:15:12.020347,STN_003,21.3,20.93
2026-08-13 13:15:12.020347,STN_003,,21.23
2026-08-13 14:15:12.020347,STN_003,158.62,23.1
2026-08-13 15:15:12.020347,STN_003,21.98,22.68
2026-08-13 16:15:12.020347,STN_003,21.01,22.74
2026-08-13 17:15:12.020347,STN_003,23.6,22.25
2026-08-13 18:15:12.020347,STN_003,31.47,21.62
2026-08-13 19:15:12.020347,STN_003,24.58,22.72
2026-08-13 20:15:12.020347,STN_003,28.52,21.94
2026-08-13 21:15:12.020347,STN_003,27.08,21.82
2026-08-13 22:15:12.020347,STN_003,20.96,22.15
2026-08-13 23:15:12.020347,STN_003,54.31,22.15
2026-08-14 00:15:12.020347,STN_003,21.11,22.35
2026-08-14 01:15:12.020347,STN_003,46.56,22.79
2026-08-14 02:15:12.020347,STN_003,26.78,22.49
2026-08-14 03:15:12.020347,STN_003,45.55,22.03
2026-08-14 04:15:12.020347,STN_003,21.71,22.11
2026-08-14 05:15:12.020347,STN_003,80.65,23.54
2026-08-14 06:15:12.020347,STN_003,22.19,23.25
2026-08-14 07:15:12.020347,STN_003,21.19,24.04
2026-08-14 08:15:12.020347,STN_003,28.0,23.58
2026-08-14 09:15:12.020347,STN_003,22.54,23.46
2026-08-14 10:15:12.020347,STN_003,27.44,22.28
2026-08-14 11:15:12.020347,STN_003,21.69,23.12
2026-08-14 12:15:12.020347,STN_003,23.82,22.74
2026-08-14 13:15:12.020347,STN_003,32.21,22.61
2026-08-14 14:15:12.020347,STN_003,25.1,21.3
2026-08-14 15:15:12.020347,STN_003,28.21,21.76
2026-08-14 16:15:12.020347,STN_003,28.61,21.64
2026-08-14 17:15:12.020347,STN_003,34.72,21.09
2026-08-14 18:15:12.020347,STN_003,23.74,21.8
2026-08-14 19:15:12.020347,STN_003,29.51,21.17
2026-08-14 20:15:12.020347,STN_003,45.25,21.81
2026-08-14 21:15:12.020347,STN_003,30.62,21.59
2026-08-14 22:15:12.020347,STN_003,26.06,21.73
2026-08-14 23:15:12.020347,STN_003,28.48,21.9
2026-08-15 00:15:12.020347,STN_003,31.1,21.12
2026-08-15 01:15:12.020347,STN_003,28.12,22.39
2026-08-15 02:15:12.020347,STN_003,21.14,20.43
2026-08-15 03:15:12.020347,STN_003,22.63,20.76
2026-08-15 04:15:12.020347,STN_003,33.48,21.39
2026-08-15 05:15:12.020347,STN_003,23.4,20.78
2026-08-15 06:15:12.020347,STN_003,30.87,20.55
2026-08-15 07:15:12.020347,STN_003,24.5,20.61
2026-08-15 08:15:12.020347,STN_003,121.46,22.01
2026-08-15 09:15:12.020347,STN_003,21.54,21.68
2026-08-15 10:15:12.020347,STN_003,22.51,22.43
2026-08-15 11:15:12.020347,STN_003,44.64,22.44
2026-08-15 12:15:12.020347,STN_003,37.57,
2026-08-15 13:15:12.020347,STN_003,28.93,21.67
2026-08-15 14:15:12.020347,STN_003,25.63,22.12
2026-08-15 15:15:12.020347,STN_003,,22.02
2026-08-15 16:15:12.020347,STN_003,28.24,21.67
2026-08-15 17:15:12.020347,STN_003,27.31,22.26
2026-08-15 18:15:12.020347,STN_003,21.47,21.78
2026-08-15 19:15:12.020347,STN_003,28.52,22.36
2026-08-15 20:15:12.020347,STN_003,32.0,21.33
2026-08-15 21:15:12.020347,STN_003,59.48,23.09
2026-08-15 22:15:12.020347,STN_003,21.31,21.76
2026-08-15 23:15:12.020347,STN_003,31.05,22.35
2026-08-16 00:15:12.020347,STN_003,27.58,22.59
2026-08-16 01:15:12.020347,STN_003,25.49,21.87
2026-08-16 02:15:12.020347,STN_003,22.25,22.6
2026-08-16 03:15:12.020347,STN_003,25.17,21.59
2026-08-16 04:15:12.020347,STN_003,24.5,
2026-08-16 05:15:12.020347,STN_003,23.93,22.11
2026-08-16 06:15:12.020347,STN_003,31.07,21.8
2026-08-16 07:15:12.020347,STN_003,130.69,23.28
2026-08-16 08:15:12.020347,STN_003,27.89,22.66
2026-08-16 09:15:12.020347,STN_003,42.16,22.23
2026-08-16 10:15:12.020347,STN_003,24.45,22.17
2026-08-16 11:15:12.020347,STN_003,23.32,22.16
2026-08-16 12:15:12.020347,STN_003,29.22,21.58
2026-08-16 13:15:12.020347,STN_003,22.89,23.01
2026-08-16 14:15:12.020347,STN_003,24.06,21.79
2026-08-16 15:15:12.020347,STN_003,23.13,22.41
2026-08-16 16:15:12.020347,STN_003,21.76,22.02
2026-08-16 17:15:12.020347,STN_003,34.4,21.51
2026-08-16 18:15:12.020347,STN_003,23.43,22.03
2026-08-16 19:15:12.020347,STN_003,26.03,22.39
2026-08-16 20:15:12.020347,STN_003,21.56,21.77
2026-08-16 21:15:12.020347,STN_003,30.24,22.1
2026-08-16 22:15:12.020347,STN_003,24.45,22.09
2026-08-16 23:15:12.020347,STN_003,31.68,22.04
2026-08-17 00:15:12.020347,STN_003,25.43,21.33
2026-08-17 01:15:12.020347,STN_003,23.07,20.99
2026-08-17 02:15:12.020347,STN_003,26.84,21.28
2026-08-17 03:15:12.020347,STN_003,22.49,21.65
2026-08-17 04:15:12.020347,STN_003,25.79,21.84
2026-08-17 05:15:12.020347,STN_003,24.3,20.48
2026-08-17 06:15:12.020347,STN_003,39.66,21.67
2026-08-17 07:15:12.020347,STN_003,21.91,20.4
2026-08-17 08:15:12.020347,STN_003,30.32,20.21
2026-08-17 09:15:12.020347,STN_003,22.95,20.75
2026-08-17 10:15:12.020347,STN_003,24.32,20.32
2026-08-17 11:15:12.020347,STN_003,25.46,20.79
2026-08-17 12:15:12.020347,STN_003,39.33,20.15
2026-08-17 13:15:12.020347,STN_003,23.52,20.74
2026-08-17 14:15:12.020347,STN_003,22.16,21.06
2026-08-17 15:15:12.020347,STN_003,24.32,20.91
2026-08-17 16:15:12.020347,STN_003,22.27,19.72
2026-08-17 17:15:12.020347,STN_003,22.47,19.99
2026-08-17 18:15:12.020347,STN_003,27.83,20.0
2026-08-17 19:15:12.020347,STN_003,21.91,20.36
2026-08-17 20:15:12.020347,STN_003,21.67,20.46
2026-08-17 21:15:12.020347,STN_003,30.84,19.71
2026-08-17 22:15:12.020347,STN_003,25.02,20.2
2026-08-17 23:15:12.020347,STN_003,22.66,19.05
2026-08-18 00:15:12.020347,STN_003,23.84,20.76
2026-08-18 01:15:12.020347,STN_003,29.36,19.86
2026-08-18 02:15:12.020347,STN_003,24.07,20.11
2026-08-18 03:15:12.020347,STN_003,26.77,19.98
2026-08-18 04:15:12.020347,STN_003,,20.67
2026-08-18 05:15:12.020347,STN_003,28.3,18.73
2026-08-18 06:15:12.020347,STN_003,24.5,19.95
2026-08-18 07:15:12.020347,STN_003,29.05,19.99
2026-08-18 08:15:12.020347,STN_003,34.04,19.86
2026-08-18 09:15:12.020347,STN_003,28.74,21.03
2026-08-18 10:15:12.020347,STN_003,24.28,
2026-08-18 11:15:12.020347,STN_003,23.87,20.53
2026-08-18 12:15:12.020347,STN_003,24.63,20.14
2026-08-18 13:15:12.020347,STN_003,23.0,20.58
2026-08-18 14:15:12.020347,STN_003,23.15,19.63
2026-08-18 15:15:12.020347,STN_003,33.38,19.71
2026-08-18 16:15:12.020347,STN_003,25.29,20.66
2026-08-18 17:15:12.020347,STN_003,25.95,20.37
2026-08-18 18:15:12.020347,STN_003,28.41,19.39
2026-08-18 19:15:12.020347,STN_003,28.33,19.98
2026-08-18 20:15:12.020347,STN_003,22.17,20.45
2026-08-18 21:15:12.020347,STN_003,35.01,20.72
2026-08-18 22:15:12.020347,STN_003,23.33,19.98
2026-08-18 23:15:12.020347,STN_003,31.49,18.97
2026-08-19 00:15:12.020347,STN_003,32.97,20.81
2026-08-19 01:15:12.020347,STN_003,31.28,19.96
2026-08-19 02:15:12.020347,STN_003,28.35,19.61
2026-08-19 03:15:12.020347,STN_003,21.97,19.15
2026-08-19 04:15:12.020347,STN_003,25.21,21.0
2026-08-19 05:15:12.020347,STN_003,28.83,20.66
2026-08-19 06:15:12.020347,STN_003,25.54,20.5
2026-08-19 07:15:12.020347,STN_003,36.8,21.4
2026-08-19 08:15:12.020347,STN_003,24.63,20.91
2026-08-19 09:15:12.020347,STN_003,24.47,21.35
2026-08-19 10:15:12.020347,STN_003,24.18,19.84
2026-08-19 11:15:12.020347,STN_003,24.9,20.53
2026-08-19 12:15:12.020347,STN_003,27.98,19.78
2026-08-19 13:15:12.020347,STN_003,31.07,20.58
2026-08-19 14:15:12.020347,STN_003,30.01,20.65
2026-08-19 15:15:12.020347,STN_003,34.23,21.1
2026-08-19 16:15:12.020347,STN_003,38.14,20.97
2026-08-19 17:15:12.020347,STN_003,34.56,21.37
2026-08-19 18:15:12.020347,STN_003,22.01,21.33
2026-08-19 19:15:12.020347,STN_003,31.85,22.1
2026-08-19 20:15:12.020347,STN_003,23.62,20.88
2026-08-19 21:15:12.020347,STN_003,22.93,20.42
2026-08-19 22:15:12.020347,STN_003,29.71,21.13
2026-08-19 23:15:12.020347,STN_003,24.97,20.52
2026-08-20 00:15:12.020347,STN_003,22.52,21.53
2026-08-20 01:15:12.020347,STN_003,23.19,20.55
2026-08-20 02:15:12.020347,STN_003,22.08,20.33
2026-08-20 03:15:12.020347,STN_003,39.59,20.6
2026-08-20 04:15:12.020347,STN_003,22.26,21.15
2026-08-20 05:15:12.020347,STN_003,23.84,20.65
2026-08-20 06:15:12.020347,STN_003,26.11,20.42
2026-08-20 07:15:12.020347,STN_003,25.38,21.43
2026-08-20 08:15:12.020347,STN_003,40.28,20.36
2026-08-20 09:15:12.020347,STN_003,22.38,20.78
2026-08-20 10:15:12.020347,STN_003,27.46,21.13
2026-08-20 11:15:12.020347,STN_003,30.63,20.06
2026-08-20 12:15:12.020347,STN_003,42.2,21.3
2026-08-20 13:15:12.020347,STN_003,29.34,20.51
2026-08-20 14:15:12.020347,STN_003,34.29,21.5
2026-08-20 15:15:12.020347,STN_003,22.73,20.46
2026-08-20 16:15:12.020347,STN_003,25.73,21.14
2026-08-20 17:15:12.020347,STN_003,25.59,21.23
2026-08-20 18:15:12.020347,STN_003,38.38,21.31
2026-08-20 19:15:12.020347,STN_003,23.31,20.9
2026-08-20 20:15:12.020347,STN_003,23.31,20.66
2026-08-20 21:15:12.020347,STN_003,25.06,20.51
2026-08-20 22:15:12.020347,STN_003,22.71,21.48
2026-08-20 23:15:12.020347,STN_003,23.8,20.38
2026-08-21 00:15:12.020347,STN_003,47.48,20.52
2026-08-21 01:15:12.020347,STN_003,26.48,21.42
2026-08-21 02:15:12.020347,STN_003,29.79,20.78
2026-08-21 03:15:12.020347,STN_003,32.0,20.61
2026-08-21 04:15:12.020347,STN_003,25.72,20.41
2026-08-21 05:15:12.020347,STN_003,23.48,20.88
2026-08-21 06:15:12.020347,STN_003,,21.06
2026-08-21 07:15:12.020347,STN_003,25.11,21.22
2026-08-21 08:15:12.020347,STN_003,29.87,21.44
2026-08-21 09:15:12.020347,STN_003,26.1,21.27
2026-08-21 10:15:12.020347,STN_003,22.34,20.85
2026-08-21 11:15:12.020347,STN_003,27.85,20.81
2026-08-21 12:15:12.020347,STN_003,41.37,21.16
2026-08-21 13:15:12.020347,STN_003,34.83,21.61
2026-08-21 14:15:12.020347,STN_003,35.37,21.05
2026-08-21 15:15:12.020347,STN_003,34.18,20.89
2026-08-21 16:15:12.020347,STN_003,25.22,20.62
2026-08-21 17:15:12.020347,STN_003,33.15,20.49
2026-08-21 18:15:12.020347,STN_003,23.45,21.36
2026-08-21 19:15:12.020347,STN_003,30.33,21.4
2026-08-21 20:15:12.020347,STN_003,29.98,21.49
2026-08-21 21:15:12.020347,STN_003,22.48,21.1
2026-08-21 22:15:12.020347,STN_003,34.13,22.05
2026-08-21 23:15:12.020347,STN_003,40.02,21.3
2026-08-22 00:15:12.020347,STN_003,24.83,21.74
2026-08-22 01:15:12.020347,STN_003,35.05,21.35
2026-08-22 02:15:12.020347,STN_003,94.58,21.88
2026-08-22 03:15:12.020347,STN_003,29.37,22.44
2026-08-22 04:15:12.020347,STN_003,27.48,22.37
2026-08-22 05:15:12.020347,STN_003,28.42,22.41
2026-08-22 06:15:12.020347,STN_003,42.05,22.5
2026-08-22 07:15:12.020347,STN_003,37.88,22.6
2026-08-22 08:15:12.020347,STN_003,34.03,23.86
2026-08-22 09:15:12.020347,STN_003,24.9,23.24
2026-08-22 10:15:12.020347,STN_003,40.71,23.24
2026-08-22 11:15:12.020347,STN_003,102.54,23.87
2026-08-22 12:15:12.020347,STN_003,36.9,24.26
2026-08-22 13:15:12.020347,STN_003,25.48,23.9
2026-08-22 14:15:12.020347,STN_003,22.91,23.5
2026-08-22 15:15:12.020347,STN_003,30.8,23.29
2026-08-22 16:15:12.020347,STN_003,24.47,23.4
2026-08-22 17:15:12.020347,STN_003,24.59,21.74
2026-08-22 18:15:12.020347,STN_003,25.24,23.46
2026-08-22 19:15:12.020347,STN_003,22.99,23.01
2026-08-22 20:15:12.020347,STN_003,23.96,23.98
2026-08-22 21:15:12.020347,STN_003,22.54,23.19
2026-08-22 22:15:12.020347,STN_003,27.13,22.54
2026-08-22 23:15:12.020347,STN_003,23.37,22.9
2026-08-23 00:15:12.020347,STN_003,31.32,
2026-08-23 01:15:12.020347,STN_003,24.72,23.11
2026-08-23 02:15:12.020347,STN_003,44.27,22.39
2026-08-23 03:15:12.020347,STN_003,38.08,22.83
2026-08-23 04:15:12.020347,STN_003,25.27,21.93
2026-08-23 05:15:12.020347,STN_003,34.17,22.42
2026-08-23 06:15:12.020347,STN_003,34.9,21.63
2026-08-23 07:15:12.020347,STN_003,55.03,22.87
2026-08-23 08:15:12.020347,STN_003,29.54,22.73
2026-08-23 09:15:12.020347,STN_003,23.35,22.7
2026-08-23 10:15:12.020347,STN_003,30.51,22.32
2026-08-23 11:15:12.020347,STN_003,30.06,21.62
2026-08-23 12:15:12.020347,STN_003,30.34,22.14
2026-08-23 13:15:12.020347,STN_003,25.46,21.19
2026-08-23 14:15:12.020347,STN_003,37.44,21.58
2026-08-23 15:15:12.020347,STN_003,46.75,21.17
2026-08-23 16:15:12.020347,STN_003,24.55,21.28
2026-08-23 17:15:12.020347,STN_003,23.4,21.75
2026-08-23 18:15:12.020347,STN_003,24.33,22.24
2026-08-23 19:15:12.020347,STN_003,35.59,21.72
2026-08-23 20:15:12.020347,STN_003,31.18,21.82
2026-08-23 21:15:12.020347,STN_003,30.29,21.83
2026-08-23 22:15:12.020347,STN_003,26.77,21.79
2026-08-23 23:15:12.020347,STN_003,29.39,22.28
2026-08-24 00:15:12.020347,STN_003,25.68,21.32
2026-08-24 01:15:12.020347,STN_003,27.78,22.75
2026-08-24 02:15:12.020347,STN_003,34.73,21.65
2026-08-24 03:15:12.020347,STN_003,52.74,22.53
2026-08-24 04:15:12.020347,STN_003,43.13,21.76
2026-08-24 05:15:12.020347,STN_003,43.29,22.84
2026-08-24 06:15:12.020347,STN_003,26.78,22.74
2026-08-24 07:15:12.020347,STN_003,27.66,22.25
2026-08-24 08:15:12.020347,STN_003,32.09,21.6
2026-08-24 09:15:12.020347,STN_003,42.07,22.45
2026-08-24 10:15:12.020347,STN_003,24.07,21.66
2026-08-24 11:15:12.020347,STN_003,,22.07
2026-08-24 12:15:12.020347,STN_003,24.04,22.63
2026-08-24 13:15:12.020347,STN_003,30.02,22.57
2026-08-24 14:15:12.020347,STN_003,25.66,22.03
2026-08-24 15:15:12.020347,STN_003,25.88,21.28
2026-08-24 16:15:12.020347,STN_003,23.47,22.07
2026-08-24 17:15:12.020347,STN_003,26.15,21.79
2026-08-24 18:15:12.020347,STN_003,37.8,20.79
2026-08-24 19:15:12.020347,STN_003,24.91,22.21
2026-08-24 20:15:12.020347,STN_003,31.83,21.81
2026-08-24 21:15:12.020347,STN_003,30.37,22.43
2026-08-24 22:15:12.020347,STN_003,38.06,21.45
2026-08-24 23:15:12.020347,STN_003,24.19,20.35
2026-08-25 00:15:12.020347,STN_003,51.61,22.4
2026-08-25 01:15:12.020347,STN_003,29.68,22.43
2026-08-25 02:15:12.020347,STN_003,63.61,21.8
2026-08-25 03:15:12.020347,STN_003,41.31,22.01
2026-08-25 04:15:12.020347,STN_003,25.0,23.65
2026-08-25 05:15:12.020347,STN_003,23.56,21.88
2026-08-25 06:15:12.020347,STN_003,25.34,22.38
2026-08-25 07:15:12.020347,STN_003,28.75,21.7
2026-08-25 08:15:12.020347,STN_003,24.54,20.89
2026-08-25 09:15:12.020347,STN_003,24.5,21.63
2026-08-25 10:15:12.020347,STN_003,27.78,21.63
2026-08-25 11:15:12.020347,STN_003,23.38,21.53
2026-08-25 12:15:12.020347,STN_003,24.1,21.67
2026-08-25 13:15:12.020347,STN_003,27.16,21.83
2026-08-25 14:15:12.020347,STN_003,23.62,21.59
2026-08-25 15:15:12.020347,STN_003,26.92,21.05
2026-08-25 16:15:12.020347,STN_003,27.94,21.98
2026-08-25 17:15:12.020347,STN_003,27.63,20.78
2026-08-25 18:15:12.020347,STN_003,38.38,20.74
2026-08-25 19:15:12.020347,STN_003,28.79,22.18
2026-08-25 20:15:12.020347,STN_003,27.86,22.02
2026-08-25 21:15:12.020347,STN_003,27.09,21.69
2026-08-25 22:15:12.020347,STN_003,36.1,21.03
2026-08-25 23:15:12.020347,STN_003,40.24,21.58
2026-08-26 00:15:12.020347,STN_003,37.73,21.63
2026-08-26 01:15:12.020347,STN_003,31.73,20.99
2026-08-26 02:15:12.020347,STN_003,24.44,20.92
2026-08-26 03:15:12.020347,STN_003,25.77,21.43
2026-08-26 04:15:12.020347,STN_003,23.69,21.8
2026-08-26 05:15:12.020347,STN_003,43.37,21.12
2026-08-26 06:15:12.020347,STN_003,31.44,21.79
2026-08-26 07:15:12.020347,STN_003,33.62,20.51
2026-08-26 08:15:12.020347,STN_003,26.13,21.82
2026-08-26 09:15:12.020347,STN_003,37.35,21.25
2026-08-26 10:15:12.020347,STN_003,25.59,21.77
2026-08-26 11:15:12.020347,STN_003,23.35,21.5
2026-08-26 12:15:12.020347,STN_003,26.88,22.32
2026-08-26 13:15:12.020347,STN_003,29.68,21.25
2026-08-26 14:15:12.020347,STN_003,28.22,22.06
2026-08-26 15:15:12.020347,STN_003,38.19,21.75
2026-08-26 16:15:12.020347,STN_003,24.17,21.76
2026-08-26 17:15:12.020347,STN_003,29.39,21.77
2026-08-26 18:15:12.020347,STN_003,28.73,21.32
2026-08-26 19:15:12.020347,STN_003,25.81,21.69
2026-08-26 20:15:12.020347,STN_003,36.29,21.78
2026-08-26 21:15:12.020347,STN_003,33.82,22.01
2026-08-26 22:15:12.020347,STN_003,33.44,21.93
2026-08-26 23:15:12.020347,STN_003,39.21,22.28
2026-08-27 00:15:12.020347,STN_003,33.16,22.28
2026-08-27 01:15:12.020347,STN_003,25.52,21.22
2026-08-27 02:15:12.020347,STN_003,32.71,22.28
2026-08-27 03:15:12.020347,STN_003,26.3,21.26
2026-08-27 04:15:12.020347,STN_003,25.62,22.17
2026-08-27 05:15:12.020347,STN_003,24.11,21.95
2026-08-27 06:15:12.020347,STN_003,33.76,20.71
2026-08-27 07:15:12.020347,STN_003,32.85,21.7
2026-08-27 08:15:12.020347,STN_003,25.54,21.41
2026-08-27 09:15:12.020347,STN_003,33.92,21.23
2026-08-27 10:15:12.020347,STN_003,42.28,22.49
2026-08-27 11:15:12.020347,STN_003,24.4,21.5
2026-08-27 12:15:12.020347,STN_003,25.53,21.41
2026-08-27 13:15:12.020347,STN_003,33.95,21.9
2026-08-27 14:15:12.020347,STN_003,25.95,22.18
2026-08-27 15:15:12.020347,STN_003,30.89,21.67
2026-08-27 16:15:12.020347,STN_003,24.18,22.33
2026-08-27 17:15:12.020347,STN_003,28.05,21.99
2026-08-27 18:15:12.020347,STN_003,33.62,20.7
2026-08-27 19:15:12.020347,STN_003,32.24,21.6
2026-08-27 20:15:12.020347,STN_003,36.2,21.59
2026-08-27 21:15:12.020347,STN_003,39.28,22.18
2026-08-27 22:15:12.020347,STN_003,34.87,20.68
2026-08-27 23:15:12.020347,STN_003,32.1,23.17
2026-08-28 00:15:12.020347,STN_003,23.99,22.05
2026-08-28 01:15:12.020347,STN_003,29.49,21.91
2026-08-28 02:15:12.020347,STN_003,24.03,22.32
2026-08-28 03:15:12.020347,STN_003,36.13,23.02
2026-08-28 04:15:12.020347,STN_003,26.65,22.3
2026-08-28 05:15:12.020347,STN_003,29.94,22.41
2026-08-28 06:15:12.020347,STN_003,26.2,21.9
2026-08-28 07:15:12.020347,STN_003,35.19,21.8
2026-08-28 08:15:12.020347,STN_003,40.07,21.81
2026-08-28 09:15:12.020347,STN_003,27.56,21.56
2026-08-28 10:15:12.020347,STN_003,38.65,21.58
2026-08-28 11:15:12.020347,STN_003,26.08,21.27
2026-08-28 12:15:12.020347,STN_003,29.48,21.96
2026-08-28 13:15:12.020347,STN_003,38.43,21.21
2026-08-28 14:15:12.020347,STN_003,26.7,22.16
2026-08-28 15:15:12.020347,STN_003,46.85,22.24
2026-08-28 16:15:12.020347,STN_003,24.72,22.34
2026-08-28 17:15:12.020347,STN_003,23.88,21.95
2026-08-28 18:15:12.020347,STN_003,41.33,23.85
2026-08-28 19:15:12.020347,STN_003,24.28,22.89
2026-08-28 20:15:12.020347,STN_003,59.86,21.89
2026-08-28 21:15:12.020347,STN_003,46.43,22.71
2026-08-28 22:15:12.020347,STN_003,25.06,22.2
2026-08-28 23:15:12.020347,STN_003,29.74,21.97
2026-08-29 00:15:12.020347,STN_003,25.48,21.83
2026-08-29 01:15:12.020347,STN_003,28.14,22.7
2026-08-29 02:15:12.020347,STN_003,24.43,22.14
2026-08-29 03:15:12.020347,STN_003,81.83,23.54
2026-08-29 04:15:12.020347,STN_003,,23.56
2026-08-29 05:15:12.020347,STN_003,28.28,23.73
2026-08-29 06:15:12.020347,STN_003,52.41,22.94
2026-08-29 07:15:12.020347,STN_003,36.32,23.62
2026-08-29 08:15:12.020347,STN_003,33.98,23.63
2026-08-29 09:15:12.020347,STN_003,29.73,23.1
2026-08-29 10:15:12.020347,STN_003,37.69,22.94
2026-08-29 11:15:12.020347,STN_003,27.06,24.14
2026-08-29 12:15:12.020347,STN_003,33.21,23.5
2026-08-29 13:15:12.020347,STN_003,62.06,24.0
2026-08-29 14:15:12.020347,STN_003,26.78,23.27
2026-08-29 15:15:12.020347,STN_003,32.36,22.89
2026-08-29 16:15:12.020347,STN_003,37.9,23.38
2026-08-29 17:15:12.020347,STN_003,42.51,23.83
2026-08-29 18:15:12.020347,STN_003,33.44,23.27
2026-08-29 19:15:12.020347,STN_003,26.45,23.82
2026-08-29 20:15:12.020347,STN_003,26.91,22.57
2026-08-29 21:15:12.020347,STN_003,24.11,22.57
2026-08-29 22:15:12.020347,STN_003,34.88,23.62
2026-08-29 23:15:12.020347,STN_003,24.48,23.53
2026-08-30 00:15:12.020347,STN_003,226.53,
2026-08-30 01:15:12.020347,STN_003,25.1,25.19
2026-08-30 02:15:12.020347,STN_003,25.57,25.2
2026-08-30 03:15:12.020347,STN_003,29.01,24.87
2026-08-30 04:15:12.020347,STN_003,34.2,25.46
2026-08-30 05:15:12.020347,STN_003,25.28,25.56
2026-08-30 06:15:12.020347,STN_003,122.01,25.72
2026-08-30 07:15:12.020347,STN_003,29.1,25.3
2026-08-30 08:15:12.020347,STN_003,25.94,
2026-08-30 09:15:12.020347,STN_003,25.07,25.31
2026-08-30 10:15:12.020347,STN_003,37.73,25.46
2026-08-30 11:15:12.020347,STN_003,29.39,26.41
2026-08-30 12:15:12.020347,STN_003,139.16,27.49
2026-08-30 13:15:12.020347,STN_003,36.34,26.83
2026-08-30 14:15:12.020347,STN_003,53.8,26.46
2026-08-30 15:15:12.020347,STN_003,31.14,27.18
2026-08-30 16:15:12.020347,STN_003,29.41,27.5
2026-08-30 17:15:12.020347,STN_003,39.96,26.75
2026-08-30 18:15:12.020347,STN_003,47.01,27.78
2026-08-30 19:15:12.020347,STN_003,34.69,27.86
2026-08-30 20:15:12.020347,STN_003,28.58,28.06
2026-08-30 21:15:12.020347,STN_003,30.88,27.47
2026-08-30 22:15:12.020347,STN_003,33.41,27.62
2026-08-30 23:15:12.020347,STN_003,25.98,28.06
2026-08-31 00:15:12.020347,STN_003,28.8,25.1
2026-08-31 01:15:12.020347,STN_003,37.64,24.78
2026-08-31 02:15:12.020347,STN_003,32.33,24.89
2026-08-31 03:15:12.020347,STN_003,28.33,25.23
2026-08-31 04:15:12.020347,STN_003,32.52,24.44
2026-08-31 05:15:12.020347,STN_003,25.3,25.02
2026-08-31 06:15:12.020347,STN_003,28.21,24.47
2026-08-31 07:15:12.020347,STN_003,36.17,22.91
2026-08-31 08:15:12.020347,STN_003,26.22,24.78
2026-08-31 09:15:12.020347,STN_003,25.9,24.58
2026-08-31 10:15:12.020347,STN_003,46.95,23.9
2026-08-31 11:15:12.020347,STN_003,26.12,24.37
2026-08-31 12:15:12.020347,STN_003,26.62,22.69
2026-08-31 13:15:12.020347,STN_003,50.56,23.48
2026-08-31 14:15:12.020347,STN_003,34.31,23.11
2026-08-31 15:15:12.020347,STN_003,33.38,21.95
2026-08-31 16:15:12.020347,STN_003,38.73,23.06
2026-08-31 17:15:12.020347,STN_003,25.28,22.48
2026-08-31 18:15:12.020347,STN_003,33.54,22.46
2026-08-31 19:15:12.020347,STN_003,29.61,21.99
2026-08-31 20:15:12.020347,STN_003,37.61,23.34
2026-08-31 21:15:12.020347,STN_003,29.68,22.97
2026-08-31 22:15:12.020347,STN_003,31.82,22.09
2026-08-31 23:15:12.020347,STN_003,29.43,21.84
2026-09-01 00:15:12.020347,STN_003,29.43,22.32
2026-09-01 01:15:12.020347,STN_003,35.51,22.7
2026-09-01 02:15:12.020347,STN_003,31.98,22.6
2026-09-01 03:15:12.020347,STN_003,32.08,23.15
2026-09-01 04:15:12.020347,STN_003,29.04,22.88
2026-09-01 05:15:12.020347,STN_003,30.24,23.03
2026-09-01 06:15:12.020347,STN_003,34.83,22.79
2026-09-01 07:15:12.020347,STN_003,37.67,
2026-09-01 08:15:12.020347,STN_003,33.5,22.64
2026-09-01 09:15:12.020347,STN_003,43.89,23.49
2026-09-01 10:15:12.020347,STN_003,37.43,22.82
2026-09-01 11:15:12.020347,STN_003,30.75,23.15
2026-09-01 12:15:12.020347,STN_003,32.9,22.82
2026-09-01 13:15:12.020347,STN_003,44.12,22.38
2026-09-01 14:15:12.020347,STN_003,31.8,22.81
2026-09-01 15:15:12.020347,STN_003,37.62,23.08
2026-09-01 16:15:12.020347,STN_003,33.31,22.53
2026-09-01 17:15:12.020347,STN_003,30.58,22.8
2026-09-01 18:15:12.020347,STN_003,26.63,22.36
2026-09-01 19:15:12.020347,STN_003,28.72,23.38
2026-09-01 20:15:12.020347,STN_003,50.31,22.83
2026-09-01 21:15:12.020347,STN_003,32.6,23.74
2026-09-01 22:15:12.020347,STN_003,30.99,23.8
2026-09-01 23:15:12.020347,STN_003,45.02,23.19
2026-09-02 00:15:12.020347,STN_003,31.38,22.75
2026-09-02 01:15:12.020347,STN_003,30.36,22.15
2026-09-02 02:15:12.020347,STN_003,35.44,22.5
2026-09-02 03:15:12.020347,STN_003,34.11,22.58
2026-09-02 04:15:12.020347,STN_003,26.37,23.92
2026-09-02 05:15:12.020347,STN_003,29.54,23.28
2026-09-02 06:15:12.020347,STN_003,29.55,23.35
2026-09-02 07:15:12.020347,STN_003,28.32,21.93
2026-09-02 08:15:12.020347,STN_003,30.22,22.4
2026-09-02 09:15:12.020347,STN_003,28.75,23.25
2026-09-02 10:15:12.020347,STN_003,,22.81
2026-09-02 11:15:12.020347,STN_003,28.74,22.57
2026-09-02 12:15:12.020347,STN_003,25.32,22.83
2026-09-02 13:15:12.020347,STN_003,31.19,23.21
2026-09-02 14:15:12.020347,STN_003,39.17,22.37
2026-09-02 15:15:12.020347,STN_003,34.45,22.48
2026-09-02 16:15:12.020347,STN_003,28.11,22.47
2026-09-02 17:15:12.020347,STN_003,25.44,23.51
2026-09-02 18:15:12.020347,STN_003,26.45,21.26
2026-09-02 19:15:12.020347,STN_003,30.67,22.68
2026-09-02 20:15:12.020347,STN_003,26.5,21.98
2026-09-02 21:15:12.020347,STN_003,30.64,22.29
2026-09-02 22:15:12.020347,STN_003,26.93,21.66
2026-09-02 23:15:12.020347,STN_003,39.13,21.89
2026-09-03 00:15:12.020347,STN_003,28.75,22.24
2026-09-03 01:15:12.020347,STN_003,27.07,23.4
2026-09-03 02:15:12.020347,STN_003,37.5,22.27
2026-09-03 03:15:12.020347,STN_003,28.1,21.37
2026-09-03 04:15:12.020347,STN_003,25.84,21.58
2026-09-03 05:15:12.020347,STN_003,31.29,21.58
2026-09-03 06:15:12.020347,STN_003,31.49,20.94
2026-09-03 07:15:12.020347,STN_003,34.36,21.75
2026-09-03 08:15:12.020347,STN_003,27.01,22.24
2026-09-03 09:15:12.020347,STN_003,29.35,21.24
2026-09-03 10:15:12.020347,STN_003,27.44,22.41
2026-09-03 11:15:12.020347,STN_003,25.59,22.1
2026-09-03 12:15:12.020347,STN_003,40.65,21.68
2026-09-03 13:15:12.020347,STN_003,34.74,22.02
2026-09-03 14:15:12.020347,STN_003,27.64,22.74
2026-09-03 15:15:12.020347,STN_003,31.81,22.28
2026-09-03 16:15:12.020347,STN_003,,21.9
2026-09-03 17:15:12.020347,STN_003,41.52,21.97
2026-09-03 18:15:12.020347,STN_003,25.87,22.12
2026-09-03 19:15:12.020347,STN_003,24.98,21.76
2026-09-03 20:15:12.020347,STN_003,30.18,21.01
2026-09-03 21:15:12.020347,STN_003,31.52,23.09
2026-09-03 22:15:12.020347,STN_003,31.64,22.24
2026-09-03 23:15:12.020347,STN_003,25.57,22.19
2026-09-04 00:15:12.020347,STN_003,27.98,21.95
2026-09-04 01:15:12.020347,STN_003,30.34,
2026-09-04 02:15:12.020347,STN_003,26.98,21.8
2026-09-04 03:15:12.020347,STN_003,40.6,21.25
2026-09-04 04:15:12.020347,STN_003,25.83,23.19
2026-09-04 05:15:12.020347,STN_003,30.16,21.42
2026-09-04 06:15:12.020347,STN_003,33.97,21.55
2026-09-04 07:15:12.020347,STN_003,27.43,21.76
2026-09-04 08:15:12.020347,STN_003,32.49,22.69
2026-09-04 09:15:12.020347,STN_003,38.41,22.17
2026-09-04 10:15:12.020347,STN_003,26.73,21.53
2026-09-04 11:15:12.020347,STN_003,43.84,23.01
2026-09-04 12:15:12.020347,STN_003,31.2,22.63
2026-09-04 13:15:12.020347,STN_003,27.82,22.44
2026-09-04 14:15:12.020347,STN_003,29.38,22.55
2026-09-04 15:15:12.020347,STN_003,27.96,23.35
2026-09-04 16:15:12.020347,STN_003,34.83,23.34
2026-09-04 17:15:12.020347,STN_003,37.08,21.85
2026-09-04 18:15:12.020347,STN_003,38.57,23.17
2026-09-04 19:15:12.020347,STN_003,57.04,22.95
2026-09-04 20:15:12.020347,STN_003,36.9,23.09
2026-09-04 21:15:12.020347,STN_003,32.05,22.0
2026-09-04 22:15:12.020347,STN_003,28.45,22.75
2026-09-04 23:15:12.020347,STN_003,31.24,22.5
2026-09-05 00:15:12.020347,STN_003,25.66,23.29
2026-09-05 01:15:12.020347,STN_003,35.59,
2026-09-05 02:15:12.020347,STN_003,29.77,21.94
2026-09-05 03:15:12.020347,STN_003,25.5,22.78
2026-09-05 04:15:12.020347,STN_003,25.83,
2026-09-05 05:15:12.020347,STN_003,29.02,22.68
2026-09-05 06:15:12.020347,STN_003,31.91,23.11
2026-09-05 07:15:12.020347,STN_003,30.02,22.96
2026-09-05 08:15:12.020347,STN_003,32.59,22.95
2026-09-05 09:15:12.020347,STN_003,30.25,22.55
2026-09-05 10:15:12.020347,STN_003,33.47,22.16
2026-09-05 11:15:12.020347,STN_003,27.2,22.0
2026-09-05 12:15:12.020347,STN_003,26.24,22.85
2026-09-05 13:15:12.020347,STN_003,32.15,22.56
2026-09-05 14:15:12.020347,STN_003,30.32,22.49
2026-09-05 15:15:12.020347,STN_003,25.55,22.32
2026-09-05 16:15:12.020347,STN_003,28.94,22.31
2026-09-05 17:15:12.020347,STN_003,26.19,22.85
2026-09-05 18:15:12.020347,STN_003,31.03,22.06
2026-09-05 19:15:12.020347,STN_003,29.12,21.21
2026-09-05 20:15:12.020347,STN_003,32.47,22.2
2026-09-05 21:15:12.020347,STN_003,37.63,21.79
2026-09-05 22:15:12.020347,STN_003,28.21,21.94
2026-09-05 23:15:12.020347,STN_003,50.08,22.96
2026-09-06 00:15:12.020347,STN_003,31.29,22.22
2026-09-06 01:15:12.020347,STN_003,32.76,22.34
2026-09-06 02:15:12.020347,STN_003,34.1,21.66
2026-09-06 03:15:12.020347,STN_003,33.78,22.24
2026-09-06 04:15:12.020347,STN_003,30.9,22.72
2026-09-06 05:15:12.020347,STN_003,29.74,21.64
2026-09-06 06:15:12.020347,STN_003,25.95,22.45
2026-09-06 07:15:12.020347,STN_003,25.7,22.34
2026-09-06 08:15:12.020347,STN_003,28.86,22.27
2026-09-06 09:15:12.020347,STN_003,28.58,22.74
2026-09-06 10:15:12.020347,STN_003,29.22,22.34
2026-09-06 11:15:12.020347,STN_003,26.65,22.9
2026-09-06 12:15:12.020347,STN_003,35.59,21.79
2026-09-06 13:15:12.020347,STN_003,40.12,22.45
2026-09-06 14:15:12.020347,STN_003,,22.63
2026-09-06 15:15:12.020347,STN_003,30.62,22.11
2026-09-06 16:15:12.020347,STN_003,34.59,23.2
2026-09-06 17:15:12.020347,STN_003,40.05,24.05
2026-09-06 18:15:12.020347,STN_003,,22.87
2026-09-06 19:15:12.020347,STN_003,28.31,23.12
2026-09-06 20:15:12.020347,STN_003,46.24,23.08
2026-09-06 21:15:12.020347,STN_003,30.97,22.6
2026-09-06 22:15:12.020347,STN_003,30.89,22.11
2026-09-06 23:15:12.020347,STN_003,27.2,22.38
2026-09-07 00:15:12.020347,STN_003,26.59,21.98
2026-09-07 01:15:12.020347,STN_003,39.57,23.61
2026-09-07 02:15:12.020347,STN_003,32.87,22.68
2026-09-07 03:15:12.020347,STN_003,28.69,22.51
2026-09-07 04:15:12.020347,STN_003,27.33,23.08
2026-09-07 05:15:12.020347,STN_003,31.81,
2026-09-07 06:15:12.020347,STN_003,32.31,22.36
2026-09-07 07:15:12.020347,STN_003,27.47,22.79
2026-09-07 08:15:12.020347,STN_003,40.03,23.41
2026-09-07 09:15:12.020347,STN_003,26.39,23.12
2026-09-07 10:15:12.020347,STN_003,29.03,22.99
2026-09-07 11:15:12.020347,STN_003,34.28,23.01
2026-09-07 12:15:12.020347,STN_003,28.13,23.07
2026-09-07 13:15:12.020347,STN_003,38.92,22.96
2026-09-07 14:15:12.020347,STN_003,35.83,22.21
2026-09-07 15:15:12.020347,STN_003,37.4,22.83
2026-09-07 16:15:12.020347,STN_003,26.68,22.17
2026-09-07 17:15:12.020347,STN_003,26.86,22.59
2026-09-07 18:15:12.020347,STN_003,28.26,22.29
2026-09-07 19:15:12.020347,STN_003,31.2,23.83
2026-09-07 20:15:12.020347,STN_003,36.07,22.42
2026-09-07 21:15:12.020347,STN_003,39.31,21.84
2026-09-07 22:15:12.020347,STN_003,35.06,22.56
2026-09-07 23:15:12.020347,STN_003,45.71,23.12
2026-09-08 00:15:12.020347,STN_003,35.99,23.81
2026-09-08 01:15:12.020347,STN_003,28.66,22.54
2026-09-08 02:15:12.020347,STN_003,28.23,21.99
2026-09-08 03:15:12.020347,STN_003,34.85,23.26
2026-09-08 04:15:12.020347,STN_003,27.53,22.17
2026-09-08 05:15:12.020347,STN_003,26.65,22.58
2026-09-08 06:15:12.020347,STN_003,161.39,24.28
2026-09-08 07:15:12.020347,STN_003,38.85,24.52
2026-09-08 08:15:12.020347,STN_003,26.72,24.73
2026-09-08 09:15:12.020347,STN_003,37.69,24.18
2026-09-08 10:15:12.020347,STN_003,38.44,24.51
2026-09-08 11:15:12.020347,STN_003,30.86,24.59
2026-09-08 12:15:12.020347,STN_003,26.36,24.65
2026-09-08 13:15:12.020347,STN_003,27.36,24.48
2026-09-08 14:15:12.020347,STN_003,138.26,25.93
2026-09-08 15:15:12.020347,STN_003,35.25,26.11
2026-09-08 16:15:12.020347,STN_003,43.07,26.09
2026-09-08 17:15:12.020347,STN_003,32.47,26.19
2026-09-08 18:15:12.020347,STN_003,26.91,25.15
2026-09-08 19:15:12.020347,STN_003,132.38,27.23
2026-09-08 20:15:12.020347,STN_003,35.5,27.44
2026-09-08 21:15:12.020347,STN_003,27.44,27.42
2026-08-09 22:15:12.020347,STN_004,9.12,
2026-08-09 23:15:12.020347,STN_004,19.13,
2026-08-10 00:15:12.020347,STN_004,8.89,
2026-08-10 01:15:12.020347,STN_004,7.85,
2026-08-10 02:15:12.020347,STN_004,56.41,
2026-08-10 03:15:12.020347,STN_004,7.52,
2026-08-10 04:15:12.020347,STN_004,20.86,
2026-08-10 05:15:12.020347,STN_004,10.75,
2026-08-10 06:15:12.020347,STN_004,21.16,
2026-08-10 07:15:12.020347,STN_004,13.4,
2026-08-10 08:15:12.020347,STN_004,24.73,
2026-08-10 09:15:12.020347,STN_004,26.88,
2026-08-10 10:15:12.020347,STN_004,7.4,
2026-08-10 11:15:12.020347,STN_004,7.92,
2026-08-10 12:15:12.020347,STN_004,9.5,
2026-08-10 13:15:12.020347,STN_004,15.63,
2026-08-10 14:15:12.020347,STN_004,23.77,
2026-08-10 15:15:12.020347,STN_004,11.96,
2026-08-10 16:15:12.020347,STN_004,14.34,
2026-08-10 17:15:12.020347,STN_004,8.9,
2026-08-10 18:15:12.020347,STN_004,19.59,
2026-08-10 19:15:12.020347,STN_004,32.99,
2026-08-10 20:15:12.020347,STN_004,9.68,
2026-08-10 21:15:12.020347,STN_004,12.46,17.96
2026-08-10 22:15:12.020347,STN_004,8.23,19.15
2026-08-10 23:15:12.020347,STN_004,13.69,18.22
2026-08-11 00:15:12.020347,STN_004,12.79,18.04
2026-08-11 01:15:12.020347,STN_004,8.72,18.72
2026-08-11 02:15:12.020347,STN_004,11.93,16.82
2026-08-11 03:15:12.020347,STN_004,10.6,17.34
2026-08-11 04:15:12.020347,STN_004,13.08,17.17
2026-08-11 05:15:12.020347,STN_004,14.16,17.73
2026-08-11 06:15:12.020347,STN_004,7.61,17.81
2026-08-11 07:15:12.020347,STN_004,18.29,17.66
2026-08-11 08:15:12.020347,STN_004,16.91,17.57
2026-08-11 09:15:12.020347,STN_004,10.97,16.94
2026-08-11 10:15:12.020347,STN_004,7.96,17.29
2026-08-11 11:15:12.020347,STN_004,18.1,16.84
2026-08-11 12:15:12.020347,STN_004,30.84,
2026-08-11 13:15:12.020347,STN_004,9.61,17.2
2026-08-11 14:15:12.020347,STN_004,10.48,16.72
2026-08-11 15:15:12.020347,STN_004,9.07,17.27
2026-08-11 16:15:12.020347,STN_004,14.0,16.29
2026-08-11 17:15:12.020347,STN_004,8.81,17.98
2026-08-11 18:15:12.020347,STN_004,10.85,17.53
2026-08-11 19:15:12.020347,STN_004,16.51,17.1
2026-08-11 20:15:12.020347,STN_004,13.71,16.17
2026-08-11 21:15:12.020347,STN_004,11.21,16.61
2026-08-11 22:15:12.020347,STN_004,11.85,17.06
2026-08-11 23:15:12.020347,STN_004,13.96,16.91
2026-08-12 00:15:12.020347,STN_004,7.81,16.14
2026-08-12 01:15:12.020347,STN_004,8.38,16.32
2026-08-12 02:15:12.020347,STN_004,23.75,16.99
2026-08-12 03:15:12.020347,STN_004,8.37,16.46
2026-08-12 04:15:12.020347,STN_004,16.97,17.83
2026-08-12 05:15:12.020347,STN_004,26.71,17.55
2026-08-12 06:15:12.020347,STN_004,10.13,16.93
2026-08-12 07:15:12.020347,STN_004,,17.83
2026-08-12 08:15:12.020347,STN_004,14.08,
2026-08-12 09:15:12.020347,STN_004,23.78,17.52
2026-08-12 10:15:12.020347,STN_004,29.11,17.62
2026-08-12 11:15:12.020347,STN_004,17.86,17.48
2026-08-12 12:15:12.020347,STN_004,8.45,17.08
2026-08-12 13:15:12.020347,STN_004,16.06,16.77
2026-08-12 14:15:12.020347,STN_004,11.73,18.21
2026-08-12 15:15:12.020347,STN_004,12.54,17.23
2026-08-12 16:15:12.020347,STN_004,8.14,17.43
2026-08-12 17:15:12.020347,STN_004,9.36,16.97
2026-08-12 18:15:12.020347,STN_004,19.49,17.41
2026-08-12 19:15:12.020347,STN_004,12.3,18.91
2026-08-12 20:15:12.020347,STN_004,10.46,17.08
2026-08-12 21:15:12.020347,STN_004,11.4,18.17
2026-08-12 22:15:12.020347,STN_004,22.43,17.6
2026-08-12 23:15:12.020347,STN_004,18.35,18.01
2026-08-13 00:15:12.020347,STN_004,10.36,18.32
2026-08-13 01:15:12.020347,STN_004,8.92,17.84
2026-08-13 02:15:12.020347,STN_004,10.16,17.36
2026-08-13 03:15:12.020347,STN_004,26.99,17.67
2026-08-13 04:15:12.020347,STN_004,14.52,17.66
2026-08-13 05:15:12.020347,STN_004,13.7,18.51
2026-08-13 06:15:12.020347,STN_004,14.79,16.89
2026-08-13 07:15:12.020347,STN_004,11.4,16.75
2026-08-13 08:15:12.020347,STN_004,20.32,16.86
2026-08-13 09:15:12.020347,STN_004,13.54,17.14
2026-08-13 10:15:12.020347,STN_004,8.91,17.68
2026-08-13 11:15:12.020347,STN_004,9.02,17.6
2026-08-13 12:15:12.020347,STN_004,13.75,16.98
2026-08-13 13:15:12.020347,STN_004,28.66,
2026-08-13 14:15:12.020347,STN_004,10.75,16.87
2026-08-13 15:15:12.020347,STN_004,23.26,17.06
2026-08-13 16:15:12.020347,STN_004,18.81,17.99
2026-08-13 17:15:12.020347,STN_004,10.12,18.23
2026-08-13 18:15:12.020347,STN_004,8.26,17.33
2026-08-13 19:15:12.020347,STN_004,8.79,18.34
2026-08-13 20:15:12.020347,STN_004,17.76,18.1
2026-08-13 21:15:12.020347,STN_004,9.65,18.39
2026-08-13 22:15:12.020347,STN_004,11.68,17.34
2026-08-13 23:15:12.020347,STN_004,13.42,18.19
2026-08-14 00:15:12.020347,STN_004,17.89,18.62
2026-08-14 01:15:12.020347,STN_004,9.1,17.32
2026-08-14 02:15:12.020347,STN_004,12.11,17.48
2026-08-14 03:15:12.020347,STN_004,13.17,16.91
2026-08-14 04:15:12.020347,STN_004,14.03,16.8
2026-08-14 05:15:12.020347,STN_004,20.99,16.9
2026-08-14 06:15:12.020347,STN_004,9.61,17.0
2026-08-14 07:15:12.020347,STN_004,20.57,17.65
2026-08-14 08:15:12.020347,STN_004,17.05,17.09
2026-08-14 09:15:12.020347,STN_004,14.28,
2026-08-14 10:15:12.020347,STN_004,17.21,17.72
2026-08-14 11:15:12.020347,STN_004,12.18,17.39
2026-08-14 12:15:12.020347,STN_004,9.31,17.54
2026-08-14 13:15:12.020347,STN_004,16.41,17.16
2026-08-14 14:15:12.020347,STN_004,13.77,17.3
2026-08-14 15:15:12.020347,STN_004,15.84,16.96
2026-08-14 16:15:12.020347,STN_004,11.29,17.31
2026-08-14 17:15:12.020347,STN_004,26.0,17.17
2026-08-14 18:15:12.020347,STN_004,14.83,16.97
2026-08-14 19:15:12.020347,STN_004,8.86,17.85
2026-08-14 20:15:12.020347,STN_004,12.68,17.8
2026-08-14 21:15:12.020347,STN_004,18.79,18.16
2026-08-14 22:15:12.020347,STN_004,20.26,17.23
2026-08-14 23:15:12.020347,STN_004,13.53,17.51
2026-08-15 00:15:12.020347,STN_004,25.3,17.95
2026-08-15 01:15:12.020347,STN_004,10.75,17.61
2026-08-15 02:15:12.020347,STN_004,12.37,18.15
2026-08-15 03:15:12.020347,STN_004,25.57,18.27
2026-08-15 04:15:12.020347,STN_004,25.4,18.4
2026-08-15 05:15:12.020347,STN_004,17.09,18.84
2026-08-15 06:15:12.020347,STN_004,23.1,18.6
2026-08-15 07:15:12.020347,STN_004,9.11,18.21
2026-08-15 08:15:12.020347,STN_004,23.43,18.12
2026-08-15 09:15:12.020347,STN_004,11.31,18.12
2026-08-15 10:15:12.020347,STN_004,9.88,17.56
2026-08-15 11:15:12.020347,STN_004,10.46,17.18
2026-08-15 12:15:12.020347,STN_004,12.47,18.34
2026-08-15 13:15:12.020347,STN_004,10.58,18.64
2026-08-15 14:15:12.020347,STN_004,11.31,17.84
2026-08-15 15:15:12.020347,STN_004,9.5,18.72
2026-08-15 16:15:12.020347,STN_004,11.04,17.83
2026-08-15 17:15:12.020347,STN_004,14.78,16.8
2026-08-15 18:15:12.020347,STN_004,12.78,18.21
2026-08-15 19:15:12.020347,STN_004,11.6,17.55
2026-08-15 20:15:12.020347,STN_004,18.7,18.37
2026-08-15 21:15:12.020347,STN_004,25.21,17.3
2026-08-15 22:15:12.020347,STN_004,19.23,18.17
2026-08-15 23:15:12.020347,STN_004,11.65,17.54
2026-08-16 00:15:12.020347,STN_004,18.86,17.96
2026-08-16 01:15:12.020347,STN_004,9.86,18.23
2026-08-16 02:15:12.020347,STN_004,9.67,18.08
2026-08-16 03:15:12.020347,STN_004,11.8,17.68
2026-08-16 04:15:12.020347,STN_004,20.99,16.9
2026-08-16 05:15:12.020347,STN_004,10.75,17.87
2026-08-16 06:15:12.020347,STN_004,9.11,17.85
2026-08-16 07:15:12.020347,STN_004,9.68,16.82
2026-08-16 08:15:12.020347,STN_004,23.3,16.89
2026-08-16 09:15:12.020347,STN_004,16.16,17.94
2026-08-16 10:15:12.020347,STN_004,10.81,17.31
2026-08-16 11:15:12.020347,STN_004,14.7,17.03
2026-08-16 12:15:12.020347,STN_004,14.25,17.62
2026-08-16 13:15:12.020347,STN_004,16.62,17.24
2026-08-16 14:15:12.020347,STN_004,10.62,17.63
2026-08-16 15:15:12.020347,STN_004,23.61,17.52
2026-08-16 16:15:12.020347,STN_004,11.4,
2026-08-16 17:15:12.020347,STN_004,17.51,18.32
2026-08-16 18:15:12.020347,STN_004,8.75,16.48
2026-08-16 19:15:12.020347,STN_004,12.12,18.0
2026-08-16 20:15:12.020347,STN_004,11.87,18.11
2026-08-16 21:15:12.020347,STN_004,14.51,17.19
2026-08-16 22:15:12.020347,STN_004,9.4,17.89
2026-08-16 23:15:12.020347,STN_004,20.55,
2026-08-17 00:15:12.020347,STN_004,10.68,17.1
2026-08-17 01:15:12.020347,STN_004,17.31,17.13
2026-08-17 02:15:12.020347,STN_004,21.03,18.14
2026-08-17 03:15:12.020347,STN_004,15.03,16.83
2026-08-17 04:15:12.020347,STN_004,18.97,18.5
2026-08-17 05:15:12.020347,STN_004,16.97,17.6
2026-08-17 06:15:12.020347,STN_004,12.13,18.1
2026-08-17 07:15:12.020347,STN_004,21.25,18.2
2026-08-17 08:15:12.020347,STN_004,11.46,17.86
2026-08-17 09:15:12.020347,STN_004,15.19,17.48
2026-08-17 10:15:12.020347,STN_004,19.1,18.5
2026-08-17 11:15:12.020347,STN_004,12.41,17.59
2026-08-17 12:15:12.020347,STN_004,11.54,17.45
2026-08-17 13:15:12.020347,STN_004,13.45,18.22
2026-08-17 14:15:12.020347,STN_004,21.61,17.99
2026-08-17 15:15:12.020347,STN_004,28.77,18.66
2026-08-17 16:15:12.020347,STN_004,14.75,17.99
2026-08-17 17:15:12.020347,STN_004,16.96,17.69
2026-08-17 18:15:12.020347,STN_004,26.36,18.37
2026-08-17 19:15:12.020347,STN_004,9.62,17.98
2026-08-17 20:15:12.020347,STN_004,10.82,17.88
2026-08-17 21:15:12.020347,STN_004,18.09,18.65
2026-08-17 22:15:12.020347,STN_004,22.07,19.34
2026-08-17 23:15:12.020347,STN_004,23.64,18.34
2026-08-18 00:15:12.020347,STN_004,13.07,18.01
2026-08-18 01:15:12.020347,STN_004,9.75,18.33
2026-08-18 02:15:12.020347,STN_004,13.37,18.56
2026-08-18 03:15:12.020347,STN_004,11.02,18.38
2026-08-18 04:15:12.020347,STN_004,11.63,18.76
2026-08-18 05:15:12.020347,STN_004,20.15,18.54
2026-08-18 06:15:12.020347,STN_004,9.64,17.62
2026-08-18 07:15:12.020347,STN_004,22.24,17.94
2026-08-18 08:15:12.020347,STN_004,13.24,17.52
2026-08-18 09:15:12.020347,STN_004,15.85,18.79
2026-08-18 10:15:12.020347,STN_004,9.76,17.1
2026-08-18 11:15:12.020347,STN_004,12.14,17.45
2026-08-18 12:15:12.020347,STN_004,9.76,17.82
2026-08-18 13:15:12.020347,STN_004,,18.61
2026-08-18 14:15:12.020347,STN_004,21.4,18.06
2026-08-18 15:15:12.020347,STN_004,13.67,17.95
2026-08-18 16:15:12.020347,STN_004,10.95,17.91
2026-08-18 17:15:12.020347,STN_004,29.38,18.33
2026-08-18 18:15:12.020347,STN_004,12.22,17.45
2026-08-18 19:15:12.020347,STN_004,10.37,17.6
2026-08-18 20:15:12.020347,STN_004,15.26,18.97
2026-08-18 21:15:12.020347,STN_004,30.64,18.49
2026-08-18 22:15:12.020347,STN_004,9.29,18.54
2026-08-18 23:15:12.020347,STN_004,11.3,18.03
2026-08-19 00:15:12.020347,STN_004,30.17,18.15
2026-08-19 01:15:12.020347,STN_004,10.67,18.46
2026-08-19 02:15:12.020347,STN_004,10.17,18.55
2026-08-19 03:15:12.020347,STN_004,56.31,19.18
2026-08-19 04:15:12.020347,STN_004,24.11,18.85
2026-08-19 05:15:12.020347,STN_004,14.13,19.31
2026-08-19 06:15:12.020347,STN_004,48.37,18.09
2026-08-19 07:15:12.020347,STN_004,,19.71
2026-08-19 08:15:12.020347,STN_004,9.84,19.01
2026-08-19 09:15:12.020347,STN_004,46.3,19.88
2026-08-19 10:15:12.020347,STN_004,13.19,19.32
2026-08-19 11:15:12.020347,STN_004,11.81,18.98
2026-08-19 12:15:12.020347,STN_004,15.39,19.88
2026-08-19 13:15:12.020347,STN_004,11.99,18.69
2026-08-19 14:15:12.020347,STN_004,9.94,19.1
2026-08-19 15:15:12.020347,STN_004,9.27,18.84
2026-08-19 16:15:12.020347,STN_004,13.74,19.19
2026-08-19 17:15:12.020347,STN_004,22.86,19.6
2026-08-19 18:15:12.020347,STN_004,15.63,19.0
2026-08-19 19:15:12.020347,STN_004,62.81,20.06
2026-08-19 20:15:12.020347,STN_004,11.8,20.22
2026-08-19 21:15:12.020347,STN_004,11.73,19.31
2026-08-19 22:15:12.020347,STN_004,10.78,19.37
2026-08-19 23:15:12.020347,STN_004,10.82,20.35
2026-08-20 00:15:12.020347,STN_004,11.99,19.4
2026-08-20 01:15:12.020347,STN_004,21.28,19.82
2026-08-20 02:15:12.020347,STN_004,27.19,20.03
2026-08-20 03:15:12.020347,STN_004,37.17,18.94
2026-08-20 04:15:12.020347,STN_004,11.46,19.01
2026-08-20 05:15:12.020347,STN_004,25.46,19.71
2026-08-20 06:15:12.020347,STN_004,12.46,18.04
2026-08-20 07:15:12.020347,STN_004,10.37,18.88
2026-08-20 08:15:12.020347,STN_004,24.78,18.74
2026-08-20 09:15:12.020347,STN_004,17.06,19.36
2026-08-20 10:15:12.020347,STN_004,52.08,19.47
2026-08-20 11:15:12.020347,STN_004,13.69,19.91
2026-08-20 12:15:12.020347,STN_004,12.02,19.25
2026-08-20 13:15:12.020347,STN_004,19.49,19.31
2026-08-20 14:15:12.020347,STN_004,14.01,19.27
2026-08-20 15:15:12.020347,STN_004,43.49,19.6
2026-08-20 16:15:12.020347,STN_004,9.9,21.14
2026-08-20 17:15:12.020347,STN_004,12.77,20.08
2026-08-20 18:15:12.020347,STN_004,14.41,19.12
2026-08-20 19:15:12.020347,STN_004,14.72,20.38
2026-08-20 20:15:12.020347,STN_004,12.32,18.86
2026-08-20 21:15:12.020347,STN_004,19.28,19.32
2026-08-20 22:15:12.020347,STN_004,25.27,19.84
2026-08-20 23:15:12.020347,STN_004,30.63,18.85
2026-08-21 00:15:12.020347,STN_004,21.95,19.33
2026-08-21 01:15:12.020347,STN_004,23.95,20.6
2026-08-21 02:15:12.020347,STN_004,15.69,19.52
2026-08-21 03:15:12.020347,STN_004,22.8,19.95
2026-08-21 04:15:12.020347,STN_004,12.4,19.24
2026-08-21 05:15:12.020347,STN_004,13.5,19.27
2026-08-21 06:15:12.020347,STN_004,12.55,20.21
2026-08-21 07:15:12.020347,STN_004,14.41,19.59
2026-08-21 08:15:12.020347,STN_004,12.21,19.04
2026-08-21 09:15:12.020347,STN_004,34.14,19.08
2026-08-21 10:15:12.020347,STN_004,12.5,18.63
2026-08-21 11:15:12.020347,STN_004,10.46,19.51
2026-08-21 12:15:12.020347,STN_004,15.3,19.31
2026-08-21 13:15:12.020347,STN_004,10.13,18.24
2026-08-21 14:15:12.020347,STN_004,10.57,18.81
2026-08-21 15:15:12.020347,STN_004,11.55,18.34
2026-08-21 16:15:12.020347,STN_004,14.37,18.58
2026-08-21 17:15:12.020347,STN_004,13.95,18.14
2026-08-21 18:15:12.020347,STN_004,21.75,19.08
2026-08-21 19:15:12.020347,STN_004,19.78,18.6
2026-08-21 20:15:12.020347,STN_004,13.86,18.8
2026-08-21 21:15:12.020347,STN_004,12.73,18.14
2026-08-21 22:15:12.020347,STN_004,12.75,18.04
2026-08-21 23:15:12.020347,STN_004,21.05,19.62
2026-08-22 00:15:12.020347,STN_004,10.3,19.05
2026-08-22 01:15:12.020347,STN_004,10.0,17.94
2026-08-22 02:15:12.020347,STN_004,21.8,18.81
2026-08-22 03:15:12.020347,STN_004,14.76,18.55
2026-08-22 04:15:12.020347,STN_004,10.95,17.62
2026-08-22 05:15:12.020347,STN_004,11.91,17.55
2026-08-22 06:15:12.020347,STN_004,30.12,18.46
2026-08-22 07:15:12.020347,STN_004,24.62,18.39
2026-08-22 08:15:12.020347,STN_004,19.18,18.14
2026-08-22 09:15:12.020347,STN_004,14.84,18.46
2026-08-22 10:15:12.020347,STN_004,15.41,17.42
2026-08-22 11:15:12.020347,STN_004,37.64,18.54
2026-08-22 12:15:12.020347,STN_004,35.21,18.11
2026-08-22 13:15:12.020347,STN_004,11.72,18.14
2026-08-22 14:15:12.020347,STN_004,93.53,19.43
2026-08-22 15:15:12.020347,STN_004,11.55,19.97
2026-08-22 16:15:12.020347,STN_004,11.7,19.41
2026-08-22 17:15:12.020347,STN_004,18.35,19.2
2026-08-22 18:15:12.020347,STN_004,13.79,19.94
2026-08-22 19:15:12.020347,STN_004,30.01,
2026-08-22 20:15:12.020347,STN_004,10.6,20.11
2026-08-22 21:15:12.020347,STN_004,15.27,20.73
2026-08-22 22:15:12.020347,STN_004,28.92,20.77
2026-08-22 23:15:12.020347,STN_004,27.69,19.9
2026-08-23 00:15:12.020347,STN_004,57.42,21.05
2026-08-23 01:15:12.020347,STN_004,13.53,20.73
2026-08-23 02:15:12.020347,STN_004,17.35,21.25
2026-08-23 03:15:12.020347,STN_004,11.41,20.63
2026-08-23 04:15:12.020347,STN_004,35.93,20.6
2026-08-23 05:15:12.020347,STN_004,28.58,21.89
2026-08-23 06:15:12.020347,STN_004,11.48,21.13
2026-08-23 07:15:12.020347,STN_004,11.08,20.47
2026-08-23 08:15:12.020347,STN_004,10.78,20.44
2026-08-23 09:15:12.020347,STN_004,28.12,20.52
2026-08-23 10:15:12.020347,STN_004,11.72,20.31
2026-08-23 11:15:12.020347,STN_004,14.15,20.28
2026-08-23 12:15:12.020347,STN_004,14.58,20.45
2026-08-23 13:15:12.020347,STN_004,16.96,20.36
2026-08-23 14:15:12.020347,STN_004,10.67,19.07
2026-08-23 15:15:12.020347,STN_004,12.04,20.04
2026-08-23 16:15:12.020347,STN_004,30.22,18.52
2026-08-23 17:15:12.020347,STN_004,28.04,19.8
2026-08-23 18:15:12.020347,STN_004,21.51,19.67
2026-08-23 19:15:12.020347,STN_004,10.26,19.01
2026-08-23 20:15:12.020347,STN_004,72.82,20.46
2026-08-23 21:15:12.020347,STN_004,17.53,20.2
2026-08-23 22:15:12.020347,STN_004,12.73,20.76
2026-08-23 23:15:12.020347,STN_004,28.34,20.58
2026-08-24 00:15:12.020347,STN_004,17.85,
2026-08-24 01:15:12.020347,STN_004,10.88,19.38
2026-08-24 02:15:12.020347,STN_004,28.3,20.45
2026-08-24 03:15:12.020347,STN_004,34.05,19.45
2026-08-24 04:15:12.020347,STN_004,37.59,20.0
2026-08-24 05:15:12.020347,STN_004,16.02,19.67
2026-08-24 06:15:12.020347,STN_004,,20.22
2026-08-24 07:15:12.020347,STN_004,14.06,20.25
2026-08-24 08:15:12.020347,STN_004,11.8,19.52
2026-08-24 09:15:12.020347,STN_004,16.79,20.16
2026-08-24 10:15:12.020347,STN_004,197.79,21.96
2026-08-24 11:15:12.020347,STN_004,15.56,21.76
2026-08-24 12:15:12.020347,STN_004,10.97,22.12
2026-08-24 13:15:12.020347,STN_004,17.58,21.4
2026-08-24 14:15:12.020347,STN_004,13.44,22.63
2026-08-24 15:15:12.020347,STN_004,24.85,22.3
2026-08-24 16:15:12.020347,STN_004,14.6,22.12
2026-08-24 17:15:12.020347,STN_004,11.93,21.89
2026-08-24 18:15:12.020347,STN_004,11.91,22.64
2026-08-24 19:15:12.020347,STN_004,21.3,22.71
2026-08-24 20:15:12.020347,STN_004,12.63,21.87
2026-08-24 21:15:12.020347,STN_004,21.25,21.2
2026-08-24 22:15:12.020347,STN_004,12.26,20.71
2026-08-24 23:15:12.020347,STN_004,13.44,21.08
2026-08-25 00:15:12.020347,STN_004,15.23,21.21
2026-08-25 01:15:12.020347,STN_004,32.04,21.72
2026-08-25 02:15:12.020347,STN_004,30.66,21.5
2026-08-25 03:15:12.020347,STN_004,12.27,20.56
2026-08-25 04:15:12.020347,STN_004,13.85,20.51
2026-08-25 05:15:12.020347,STN_004,11.74,20.41
2026-08-25 06:15:12.020347,STN_004,15.88,21.03
2026-08-25 07:15:12.020347,STN_004,15.16,21.06
2026-08-25 08:15:12.020347,STN_004,139.59,22.72
2026-08-25 09:15:12.020347,STN_004,30.47,22.69
2026-08-25 10:15:12.020347,STN_004,,19.22
2026-08-25 11:15:12.020347,STN_004,15.6,19.38
2026-08-25 12:15:12.020347,STN_004,27.52,20.38
2026-08-25 13:15:12.020347,STN_004,22.85,20.57
2026-08-25 14:15:12.020347,STN_004,10.55,21.11
2026-08-25 15:15:12.020347,STN_004,13.42,20.38
2026-08-25 16:15:12.020347,STN_004,14.64,19.85
2026-08-25 17:15:12.020347,STN_004,12.48,20.68
2026-08-25 18:15:12.020347,STN_004,12.2,20.34
2026-08-25 19:15:12.020347,STN_004,10.82,20.02
2026-08-25 20:15:12.020347,STN_004,18.26,19.48
2026-08-25 21:15:12.020347,STN_004,12.81,20.23
2026-08-25 22:15:12.020347,STN_004,11.14,20.32
2026-08-25 23:15:12.020347,STN_004,48.16,20.14
2026-08-26 00:15:12.020347,STN_004,22.88,21.11
2026-08-26 01:15:12.020347,STN_004,25.04,20.97
2026-08-26 02:15:12.020347,STN_004,15.68,20.48
2026-08-26 03:15:12.020347,STN_004,14.77,20.5
2026-08-26 04:15:12.020347,STN_004,39.31,21.28
2026-08-26 05:15:12.020347,STN_004,67.06,21.68
2026-08-26 06:15:12.020347,STN_004,12.55,21.11
2026-08-26 07:15:12.020347,STN_004,13.32,21.34
2026-08-26 08:15:12.020347,STN_004,12.16,20.12
2026-08-26 09:15:12.020347,STN_004,14.31,18.63
2026-08-26 10:15:12.020347,STN_004,28.86,19.36
2026-08-26 11:15:12.020347,STN_004,17.9,20.2
2026-08-26 12:15:12.020347,STN_004,14.72,20.3
2026-08-26 13:15:12.020347,STN_004,31.17,20.31
2026-08-26 14:15:12.020347,STN_004,11.11,20.25
2026-08-26 15:15:12.020347,STN_004,,19.86
2026-08-26 16:15:12.020347,STN_004,16.99,19.31
2026-08-26 17:15:12.020347,STN_004,17.9,19.79
2026-08-26 18:15:12.020347,STN_004,11.04,18.88
2026-08-26 19:15:12.020347,STN_004,14.6,20.57
2026-08-26 20:15:12.020347,STN_004,18.59,19.52
2026-08-26 21:15:12.020347,STN_004,19.72,19.75
2026-08-26 22:15:12.020347,STN_004,18.57,20.67
2026-08-26 23:15:12.020347,STN_004,13.84,18.9
2026-08-27 00:15:12.020347,STN_004,11.68,18.98
2026-08-27 01:15:12.020347,STN_004,15.12,19.58
2026-08-27 02:15:12.020347,STN_004,11.98,19.66
2026-08-27 03:15:12.020347,STN_004,33.06,19.59
2026-08-27 04:15:12.020347,STN_004,15.78,19.32
2026-08-27 05:15:12.020347,STN_004,13.8,19.3
2026-08-27 06:15:12.020347,STN_004,21.84,19.1
2026-08-27 07:15:12.020347,STN_004,16.11,19.07
2026-08-27 08:15:12.020347,STN_004,13.72,19.23
2026-08-27 09:15:12.020347,STN_004,23.47,18.8
2026-08-27 10:15:12.020347,STN_004,26.08,20.01
2026-08-27 11:15:12.020347,STN_004,19.33,17.78
2026-08-27 12:15:12.020347,STN_004,11.3,19.62
2026-08-27 13:15:12.020347,STN_004,17.21,19.17
2026-08-27 14:15:12.020347,STN_004,,18.98
2026-08-27 15:15:12.020347,STN_004,12.04,18.89
2026-08-27 16:15:12.020347,STN_004,12.89,18.72
2026-08-27 17:15:12.020347,STN_004,27.0,19.46
2026-08-27 18:15:12.020347,STN_004,11.09,18.89
2026-08-27 19:15:12.020347,STN_004,81.57,19.38
2026-08-27 20:15:12.020347,STN_004,15.76,20.16
2026-08-27 21:15:12.020347,STN_004,15.38,20.45
2026-08-27 22:15:12.020347,STN_004,11.2,18.64
2026-08-27 23:15:12.020347,STN_004,23.98,20.9
2026-08-28 00:15:12.020347,STN_004,14.49,19.24
2026-08-28 01:15:12.020347,STN_004,16.98,19.3
2026-08-28 02:15:12.020347,STN_004,19.63,19.26
2026-08-28 03:15:12.020347,STN_004,20.24,19.72
2026-08-28 04:15:12.020347,STN_004,34.57,19.31
2026-08-28 05:15:12.020347,STN_004,16.83,19.41
2026-08-28 06:15:12.020347,STN_004,14.97,19.56
2026-08-28 07:15:12.020347,STN_004,34.19,20.2
2026-08-28 08:15:12.020347,STN_004,18.85,20.31
2026-08-28 09:15:12.020347,STN_004,13.8,20.7
2026-08-28 10:15:12.020347,STN_004,12.16,20.51
2026-08-28 11:15:12.020347,STN_004,25.01,20.49
2026-08-28 12:15:12.020347,STN_004,14.52,19.88
2026-08-28 13:15:12.020347,STN_004,19.25,19.12
2026-08-28 14:15:12.020347,STN_004,15.92,19.03
2026-08-28 15:15:12.020347,STN_004,12.81,20.48
2026-08-28 16:15:12.020347,STN_004,18.05,20.46
2026-08-28 17:15:12.020347,STN_004,11.62,19.54
2026-08-28 18:15:12.020347,STN_004,15.15,19.18
2026-08-28 19:15:12.020347,STN_004,17.08,18.57
2026-08-28 20:15:12.020347,STN_004,15.44,19.18
2026-08-28 21:15:12.020347,STN_004,21.5,19.25
2026-08-28 22:15:12.020347,STN_004,24.55,19.89
2026-08-28 23:15:12.020347,STN_004,22.41,19.12
2026-08-29 00:15:12.020347,STN_004,11.65,19.19
2026-08-29 01:15:12.020347,STN_004,12.97,19.82
2026-08-29 02:15:12.020347,STN_004,17.12,18.17
2026-08-29 03:15:12.020347,STN_004,31.83,19.53
2026-08-29 04:15:12.020347,STN_004,24.86,19.08
2026-08-29 05:15:12.020347,STN_004,25.22,19.71
2026-08-29 06:15:12.020347,STN_004,14.06,19.6
2026-08-29 07:15:12.020347,STN_004,15.56,18.76
2026-08-29 08:15:12.020347,STN_004,16.12,18.82
2026-08-29 09:15:12.020347,STN_004,12.64,17.91
2026-08-29 10:15:12.020347,STN_004,11.59,19.43
2026-08-29 11:15:12.020347,STN_004,33.37,19.28
2026-08-29 12:15:12.020347,STN_004,13.42,19.85
2026-08-29 13:15:12.020347,STN_004,13.41,18.87
2026-08-29 14:15:12.020347,STN_004,12.0,19.48
2026-08-29 15:15:12.020347,STN_004,31.14,18.72
2026-08-29 16:15:12.020347,STN_004,17.85,17.9
2026-08-29 17:15:12.020347,STN_004,19.6,19.3
2026-08-29 18:15:12.020347,STN_004,29.54,
2026-08-29 19:15:12.020347,STN_004,14.53,18.97
2026-08-29 20:15:12.020347,STN_004,18.64,19.99
2026-08-29 21:15:12.020347,STN_004,11.65,20.02
2026-08-29 22:15:12.020347,STN_004,13.11,19.36
2026-08-29 23:15:12.020347,STN_004,24.9,19.25
2026-08-30 00:15:12.020347,STN_004,22.47,19.5
2026-08-30 01:15:12.020347,STN_004,14.79,19.17
2026-08-30 02:15:12.020347,STN_004,15.1,19.75
2026-08-30 03:15:12.020347,STN_004,17.27,18.52
2026-08-30 04:15:12.020347,STN_004,11.56,18.58
2026-08-30 05:15:12.020347,STN_004,13.62,18.58
2026-08-30 06:15:12.020347,STN_004,13.31,19.24
2026-08-30 07:15:12.020347,STN_004,13.72,18.79
2026-08-30 08:15:12.020347,STN_004,23.85,19.72
2026-08-30 09:15:12.020347,STN_004,14.01,19.46
2026-08-30 10:15:12.020347,STN_004,13.15,18.68
2026-08-30 11:15:12.020347,STN_004,16.82,19.19
2026-08-30 12:15:12.020347,STN_004,26.61,18.83
2026-08-30 13:15:12.020347,STN_004,48.51,19.71
2026-08-30 14:15:12.020347,STN_004,12.17,19.9
2026-08-30 15:15:12.020347,STN_004,14.86,19.83
2026-08-30 16:15:12.020347,STN_004,21.88,19.42
2026-08-30 17:15:12.020347,STN_004,17.55,20.1
2026-08-30 18:15:12.020347,STN_004,24.28,19.45
2026-08-30 19:15:12.020347,STN_004,35.62,19.56
2026-08-30 20:15:12.020347,STN_004,23.35,19.4
2026-08-30 21:15:12.020347,STN_004,18.5,19.32
2026-08-30 22:15:12.020347,STN_004,16.86,19.93
2026-08-30 23:15:12.020347,STN_004,12.06,19.61
2026-08-31 00:15:12.020347,STN_004,42.92,19.94
2026-08-31 01:15:12.020347,STN_004,15.38,20.06
2026-08-31 02:15:12.020347,STN_004,12.99,19.92
2026-08-31 03:15:12.020347,STN_004,20.0,20.84
2026-08-31 04:15:12.020347,STN_004,14.26,19.6
2026-08-31 05:15:12.020347,STN_004,18.37,20.14
2026-08-31 06:15:12.020347,STN_004,18.38,19.87
2026-08-31 07:15:12.020347,STN_004,16.18,18.79
2026-08-31 08:15:12.020347,STN_004,25.32,19.94
2026-08-31 09:15:12.020347,STN_004,14.07,19.57
2026-08-31 10:15:12.020347,STN_004,16.22,20.04
2026-08-31 11:15:12.020347,STN_004,17.54,20.07
2026-08-31 12:15:12.020347,STN_004,19.93,20.19
2026-08-31 13:15:12.020347,STN_004,23.25,19.42
2026-08-31 14:15:12.020347,STN_004,15.52,19.52
2026-08-31 15:15:12.020347,STN_004,19.55,20.13
2026-08-31 16:15:12.020347,STN_004,12.98,19.27
2026-08-31 17:15:12.020347,STN_004,31.99,18.93
2026-08-31 18:15:12.020347,STN_004,90.18,20.76
2026-08-31 19:15:12.020347,STN_004,21.56,21.04
2026-08-31 20:15:12.020347,STN_004,11.91,20.7
2026-08-31 21:15:12.020347,STN_004,13.48,20.38
2026-08-31 22:15:12.020347,STN_004,16.96,20.95
2026-08-31 23:15:12.020347,STN_004,27.75,21.07
2026-09-01 00:15:12.020347,STN_004,17.58,20.04
2026-09-01 01:15:12.020347,STN_004,31.89,20.54
2026-09-01 02:15:12.020347,STN_004,16.92,20.61
2026-09-01 03:15:12.020347,STN_004,17.01,20.38
2026-09-01 04:15:12.020347,STN_004,12.91,20.98
2026-09-01 05:15:12.020347,STN_004,24.13,20.41
2026-09-01 06:15:12.020347,STN_004,14.08,20.18
2026-09-01 07:15:12.020347,STN_004,29.2,19.29
2026-09-01 08:15:12.020347,STN_004,30.09,20.25
2026-09-01 09:15:12.020347,STN_004,33.48,20.23
2026-09-01 10:15:12.020347,STN_004,17.47,20.89
2026-09-01 11:15:12.020347,STN_004,20.43,20.32
2026-09-01 12:15:12.020347,STN_004,23.26,21.29
2026-09-01 13:15:12.020347,STN_004,13.01,
2026-09-01 14:15:12.020347,STN_004,18.85,20.88
2026-09-01 15:15:12.020347,STN_004,12.22,20.32
2026-09-01 16:15:12.020347,STN_004,17.12,21.0
2026-09-01 17:15:12.020347,STN_004,13.22,21.57
2026-09-01 18:15:12.020347,STN_004,13.47,20.46
2026-09-01 19:15:12.020347,STN_004,15.36,18.89
2026-09-01 20:15:12.020347,STN_004,16.2,18.92
2026-09-01 21:15:12.020347,STN_004,19.28,18.87
2026-09-01 22:15:12.020347,STN_004,12.74,19.13
2026-09-01 23:15:12.020347,STN_004,17.41,19.69
2026-09-02 00:15:12.020347,STN_004,13.67,19.24
2026-09-02 01:15:12.020347,STN_004,18.56,18.93
2026-09-02 02:15:12.020347,STN_004,19.76,19.9
2026-09-02 03:15:12.020347,STN_004,18.26,19.67
2026-09-02 04:15:12.020347,STN_004,22.21,18.66
2026-09-02 05:15:12.020347,STN_004,15.22,19.9
2026-09-02 06:15:12.020347,STN_004,23.02,19.77
2026-09-02 07:15:12.020347,STN_004,16.41,19.62
2026-09-02 08:15:12.020347,STN_004,17.12,18.91
2026-09-02 09:15:12.020347,STN_004,19.99,18.93
2026-09-02 10:15:12.020347,STN_004,12.3,17.98
2026-09-02 11:15:12.020347,STN_004,20.12,19.39
2026-09-02 12:15:12.020347,STN_004,19.39,18.41
2026-09-02 13:15:12.020347,STN_004,14.94,18.5
2026-09-02 14:15:12.020347,STN_004,12.83,18.42
2026-09-02 15:15:12.020347,STN_004,12.87,19.77
2026-09-02 16:15:12.020347,STN_004,31.41,18.71
2026-09-02 17:15:12.020347,STN_004,20.92,19.61
2026-09-02 18:15:12.020347,STN_004,13.18,19.13
2026-09-02 19:15:12.020347,STN_004,15.47,18.72
2026-09-02 20:15:12.020347,STN_004,18.89,18.67
2026-09-02 21:15:12.020347,STN_004,25.7,18.94
2026-09-02 22:15:12.020347,STN_004,12.69,19.25
2026-09-02 23:15:12.020347,STN_004,14.38,19.55
2026-09-03 00:15:12.020347,STN_004,28.89,19.2
2026-09-03 01:15:12.020347,STN_004,12.42,19.11
2026-09-03 02:15:12.020347,STN_004,14.04,18.85
2026-09-03 03:15:12.020347,STN_004,36.31,18.92
2026-09-03 04:15:12.020347,STN_004,19.48,18.84
2026-09-03 05:15:12.020347,STN_004,14.63,19.97
2026-09-03 06:15:12.020347,STN_004,12.87,19.08
2026-09-03 07:15:12.020347,STN_004,12.57,19.08
2026-09-03 08:15:12.020347,STN_004,14.46,18.93
2026-09-03 09:15:12.020347,STN_004,28.35,19.21
2026-09-03 10:15:12.020347,STN_004,16.39,19.6
2026-09-03 11:15:12.020347,STN_004,21.91,19.2
2026-09-03 12:15:12.020347,STN_004,31.14,19.68
2026-09-03 13:15:12.020347,STN_004,16.29,20.31
2026-09-03 14:15:12.020347,STN_004,13.95,19.21
2026-09-03 15:15:12.020347,STN_004,17.81,
2026-09-03 16:15:12.020347,STN_004,30.26,19.99
2026-09-03 17:15:12.020347,STN_004,24.59,20.46
2026-09-03 18:15:12.020347,STN_004,12.86,19.09
2026-09-03 19:15:12.020347,STN_004,21.2,18.93
2026-09-03 20:15:12.020347,STN_004,18.72,19.78
2026-09-03 21:15:12.020347,STN_004,30.21,19.78
2026-09-03 22:15:12.020347,STN_004,13.53,20.23
2026-09-03 23:15:12.020347,STN_004,18.28,20.2
2026-09-04 00:15:12.020347,STN_004,28.42,19.9
2026-09-04 01:15:12.020347,STN_004,16.51,20.5
2026-09-04 02:15:12.020347,STN_004,17.48,19.67
2026-09-04 03:15:12.020347,STN_004,13.1,19.83
2026-09-04 04:15:12.020347,STN_004,14.99,19.06
2026-09-04 05:15:12.020347,STN_004,15.49,19.66
2026-09-04 06:15:12.020347,STN_004,34.32,19.22
2026-09-04 07:15:12.020347,STN_004,15.04,19.42
2026-09-04 08:15:12.020347,STN_004,17.18,20.87
2026-09-04 09:15:12.020347,STN_004,20.89,19.01
2026-09-04 10:15:12.020347,STN_004,13.88,19.78
2026-09-04 11:15:12.020347,STN_004,17.55,20.25
2026-09-04 12:15:12.020347,STN_004,22.61,20.84
2026-09-04 13:15:12.020347,STN_004,27.67,19.96
2026-09-04 14:15:12.020347,STN_004,19.93,20.06
2026-09-04 15:15:12.020347,STN_004,20.84,20.0
2026-09-04 16:15:12.020347,STN_004,13.56,20.3
2026-09-04 17:15:12.020347,STN_004,34.41,20.11
2026-09-04 18:15:12.020347,STN_004,13.62,19.62
2026-09-04 19:15:12.020347,STN_004,23.73,20.49
2026-09-04 20:15:12.020347,STN_004,14.86,19.66
2026-09-04 21:15:12.020347,STN_004,32.89,19.12
2026-09-04 22:15:12.020347,STN_004,22.29,19.26
2026-09-04 23:15:12.020347,STN_004,23.26,20.02
2026-09-05 00:15:12.020347,STN_004,14.6,20.0
2026-09-05 01:15:12.020347,STN_004,17.13,20.44
2026-09-05 02:15:12.020347,STN_004,19.96,20.31
2026-09-05 03:15:12.020347,STN_004,23.77,20.16
2026-09-05 04:15:12.020347,STN_004,13.57,20.61
2026-09-05 05:15:12.020347,STN_004,37.34,20.39
2026-09-05 06:15:12.020347,STN_004,29.31,19.67
2026-09-05 07:15:12.020347,STN_004,15.11,19.56
2026-09-05 08:15:12.020347,STN_004,25.72,21.06
2026-09-05 09:15:12.020347,STN_004,18.22,19.27
2026-09-05 10:15:12.020347,STN_004,17.39,20.33
2026-09-05 11:15:12.020347,STN_004,15.58,21.9
2026-09-05 12:15:12.020347,STN_004,19.27,20.6
2026-09-05 13:15:12.020347,STN_004,22.56,20.2
2026-09-05 14:15:12.020347,STN_004,16.71,19.42
2026-09-05 15:15:12.020347,STN_004,20.19,21.06
2026-09-05 16:15:12.020347,STN_004,21.76,20.96
2026-09-05 17:15:12.020347,STN_004,22.06,20.55
2026-09-05 18:15:12.020347,STN_004,13.15,20.2
2026-09-05 19:15:12.020347,STN_004,27.48,20.53
2026-09-05 20:15:12.020347,STN_004,17.34,20.2
2026-09-05 21:15:12.020347,STN_004,15.03,19.57
2026-09-05 22:15:12.020347,STN_004,15.01,20.47
2026-09-05 23:15:12.020347,STN_004,17.89,
2026-09-06 00:15:12.020347,STN_004,29.28,20.37
2026-09-06 01:15:12.020347,STN_004,16.5,20.04
2026-09-06 02:15:12.020347,STN_004,23.33,20.37
2026-09-06 03:15:12.020347,STN_004,13.7,20.01
2026-09-06 04:15:12.020347,STN_004,17.79,20.02
2026-09-06 05:15:12.020347,STN_004,48.86,20.23
2026-09-06 06:15:12.020347,STN_004,23.98,21.63
2026-09-06 07:15:12.020347,STN_004,14.71,20.54
2026-09-06 08:15:12.020347,STN_004,18.16,21.34
2026-09-06 09:15:12.020347,STN_004,14.93,20.0
2026-09-06 10:15:12.020347,STN_004,16.89,
2026-09-06 11:15:12.020347,STN_004,24.3,19.57
2026-09-06 12:15:12.020347,STN_004,24.0,20.97
2026-09-06 13:15:12.020347,STN_004,14.88,19.62
2026-09-06 14:15:12.020347,STN_004,32.09,21.17
2026-09-06 15:15:12.020347,STN_004,19.67,19.75
2026-09-06 16:15:12.020347,STN_004,16.52,20.64
2026-09-06 17:15:12.020347,STN_004,18.17,19.35
2026-09-06 18:15:12.020347,STN_004,19.91,20.01
2026-09-06 19:15:12.020347,STN_004,19.09,20.13
2026-09-06 20:15:12.020347,STN_004,17.94,19.83
2026-09-06 21:15:12.020347,STN_004,18.21,20.09
2026-09-06 22:15:12.020347,STN_004,14.59,20.11
2026-09-06 23:15:12.020347,STN_004,25.69,20.7
2026-09-07 00:15:12.020347,STN_004,18.98,19.12
2026-09-07 01:15:12.020347,STN_004,14.18,19.85
2026-09-07 02:15:12.020347,STN_004,24.03,20.77
2026-09-07 03:15:12.020347,STN_004,33.34,20.67
2026-09-07 04:15:12.020347,STN_004,35.2,21.24
2026-09-07 05:15:12.020347,STN_004,16.58,20.58
2026-09-07 06:15:12.020347,STN_004,14.22,19.54
2026-09-07 07:15:12.020347,STN_004,18.61,20.46
2026-09-07 08:15:12.020347,STN_004,14.03,20.13
2026-09-07 09:15:12.020347,STN_004,33.51,21.45
2026-09-07 10:15:12.020347,STN_004,14.65,20.68
2026-09-07 11:15:12.020347,STN_004,15.32,20.43
2026-09-07 12:15:12.020347,STN_004,17.04,20.42
2026-09-07 13:15:12.020347,STN_004,16.75,20.34
2026-09-07 14:15:12.020347,STN_004,25.0,20.24
2026-09-07 15:15:12.020347,STN_004,17.7,
2026-09-07 16:15:12.020347,STN_004,14.53,20.24
2026-09-07 17:15:12.020347,STN_004,15.46,20.41
2026-09-07 18:15:12.020347,STN_004,18.47,20.45
2026-09-07 19:15:12.020347,STN_004,14.33,20.33
2026-09-07 20:15:12.020347,STN_004,20.22,20.64
2026-09-07 21:15:12.020347,STN_004,19.39,20.46
2026-09-07 22:15:12.020347,STN_004,22.73,20.35
2026-09-07 23:15:12.020347,STN_004,34.14,19.57
2026-09-08 00:15:12.020347,STN_004,31.57,19.73
2026-09-08 01:15:12.020347,STN_004,35.22,20.44
2026-09-08 02:15:12.020347,STN_004,15.42,20.48
2026-09-08 03:15:12.020347,STN_004,14.38,20.91
2026-09-08 04:15:12.020347,STN_004,16.02,18.59
2026-09-08 05:15:12.020347,STN_004,131.85,20.9
2026-09-08 06:15:12.020347,STN_004,40.15,21.64
2026-09-08 07:15:12.020347,STN_004,28.03,21.36
2026-09-08 08:15:12.020347,STN_004,14.19,21.46
2026-09-08 09:15:12.020347,STN_004,35.41,21.63
2026-09-08 10:15:12.020347,STN_004,17.45,21.45
2026-09-08 11:15:12.020347,STN_004,13.39,21.51
2026-09-08 12:15:12.020347,STN_004,17.7,22.58
2026-09-08 13:15:12.020347,STN_004,13.67,22.17
2026-09-08 14:15:12.020347,STN_004,19.21,22.17
2026-09-08 15:15:12.020347,STN_004,16.42,21.76
2026-09-08 16:15:12.020347,STN_004,18.13,22.33
2026-09-08 17:15:12.020347,STN_004,20.44,22.31
2026-09-08 18:15:12.020347,STN_004,28.55,22.31
2026-09-08 19:15:12.020347,STN_004,21.45,21.77
2026-09-08 20:15:12.020347,STN_004,17.59,21.84
2026-09-08 21:15:12.020347,STN_004,26.16,22.68
2026-08-09 22:15:12.020347,STN_005,14.83,
2026-08-09 23:15:12.020347,STN_005,20.78,
2026-08-10 00:15:12.020347,STN_005,11.68,
2026-08-10 01:15:12.020347,STN_005,23.08,
2026-08-10 02:15:12.020347,STN_005,12.97,
2026-08-10 03:15:12.020347,STN_005,12.92,
2026-08-10 04:15:12.020347,STN_005,17.47,
2026-08-10 05:15:12.020347,STN_005,11.32,
2026-08-10 06:15:12.020347,STN_005,,
2026-08-10 07:15:12.020347,STN_005,13.04,
2026-08-10 08:15:12.020347,STN_005,16.57,
2026-08-10 09:15:12.020347,STN_005,28.64,
2026-08-10 10:15:12.020347,STN_005,24.83,
2026-08-10 11:15:12.020347,STN_005,15.83,
2026-08-10 12:15:12.020347,STN_005,11.06,
2026-08-10 13:15:12.020347,STN_005,16.52,
2026-08-10 14:15:12.020347,STN_005,19.93,
2026-08-10 15:15:12.020347,STN_005,13.88,
2026-08-10 16:15:12.020347,STN_005,11.66,
2026-08-10 17:15:12.020347,STN_005,13.22,
2026-08-10 18:15:12.020347,STN_005,21.85,
2026-08-10 19:15:12.020347,STN_005,14.02,
2026-08-10 20:15:12.020347,STN_005,23.31,
2026-08-10 21:15:12.020347,STN_005,13.66,22.17
2026-08-10 22:15:12.020347,STN_005,12.33,22.4
2026-08-10 23:15:12.020347,STN_005,15.28,22.81
2026-08-11 00:15:12.020347,STN_005,15.51,22.78
2026-08-11 01:15:12.020347,STN_005,11.11,22.71
2026-08-11 02:15:12.020347,STN_005,11.92,23.13
2026-08-11 03:15:12.020347,STN_005,12.52,22.87
2026-08-11 04:15:12.020347,STN_005,11.9,22.83
2026-08-11 05:15:12.020347,STN_005,14.12,23.03
2026-08-11 06:15:12.020347,STN_005,36.05,23.54
2026-08-11 07:15:12.020347,STN_005,16.33,21.52
2026-08-11 08:15:12.020347,STN_005,18.4,22.88
2026-08-11 09:15:12.020347,STN_005,14.3,22.45
2026-08-11 10:15:12.020347,STN_005,13.92,22.99
2026-08-11 11:15:12.020347,STN_005,11.17,22.46
2026-08-11 12:15:12.020347,STN_005,16.19,22.8
2026-08-11 13:15:12.020347,STN_005,15.95,23.18
2026-08-11 14:15:12.020347,STN_005,12.28,22.36
2026-08-11 15:15:12.020347,STN_005,21.83,22.94
2026-08-11 16:15:12.020347,STN_005,16.08,23.59
2026-08-11 17:15:12.020347,STN_005,14.1,23.24
2026-08-11 18:15:12.020347,STN_005,12.18,21.91
2026-08-11 19:15:12.020347,STN_005,17.02,22.59
2026-08-11 20:15:12.020347,STN_005,21.47,22.89
2026-08-11 21:15:12.020347,STN_005,13.48,22.99
2026-08-11 22:15:12.020347,STN_005,13.06,22.63
2026-08-11 23:15:12.020347,STN_005,16.74,22.46
2026-08-12 00:15:12.020347,STN_005,12.47,22.77
2026-08-12 01:15:12.020347,STN_005,19.44,22.3
2026-08-12 02:15:12.020347,STN_005,18.18,23.47
2026-08-12 03:15:12.020347,STN_005,11.89,23.85
2026-08-12 04:15:12.020347,STN_005,11.49,23.1
2026-08-12 05:15:12.020347,STN_005,18.47,22.85
2026-08-12 06:15:12.020347,STN_005,13.82,23.15
2026-08-12 07:15:12.020347,STN_005,11.88,23.01
2026-08-12 08:15:12.020347,STN_005,21.89,22.53
2026-08-12 09:15:12.020347,STN_005,14.03,22.64
2026-08-12 10:15:12.020347,STN_005,15.82,22.39
2026-08-12 11:15:12.020347,STN_005,13.23,22.8
2026-08-12 12:15:12.020347,STN_005,18.61,22.9
2026-08-12 13:15:12.020347,STN_005,13.9,22.33
2026-08-12 14:15:12.020347,STN_005,37.03,22.49
2026-08-12 15:15:12.020347,STN_005,20.31,22.35
2026-08-12 16:15:12.020347,STN_005,12.31,23.17
2026-08-12 17:15:12.020347,STN_005,15.25,22.97
2026-08-12 18:15:12.020347,STN_005,14.86,22.97
2026-08-12 19:15:12.020347,STN_005,16.94,23.24
2026-08-12 20:15:12.020347,STN_005,25.04,22.61
2026-08-12 21:15:12.020347,STN_005,17.77,22.58
2026-08-12 22:15:12.020347,STN_005,11.9,23.25
2026-08-12 23:15:12.020347,STN_005,19.41,22.3
2026-08-13 00:15:12.020347,STN_005,11.48,23.02
2026-08-13 01:15:12.020347,STN_005,22.78,24.43
2026-08-13 02:15:12.020347,STN_005,19.66,22.54
2026-08-13 03:15:12.020347,STN_005,14.19,23.03
2026-08-13 04:15:12.020347,STN_005,14.02,22.21
2026-08-13 05:15:12.020347,STN_005,23.43,23.22
2026-08-13 06:15:12.020347,STN_005,22.89,24.43
2026-08-13 07:15:12.020347,STN_005,14.68,23.72
2026-08-13 08:15:12.020347,STN_005,14.08,23.08
2026-08-13 09:15:12.020347,STN_005,17.58,24.52
2026-08-13 10:15:12.020347,STN_005,11.48,22.5
2026-08-13 11:15:12.020347,STN_005,12.07,23.59
2026-08-13 12:15:12.020347,STN_005,12.43,23.32
2026-08-13 13:15:12.020347,STN_005,12.96,23.15
2026-08-13 14:15:12.020347,STN_005,16.8,23.42
2026-08-13 15:15:12.020347,STN_005,47.86,22.77
2026-08-13 16:15:12.020347,STN_005,19.35,23.61
2026-08-13 17:15:12.020347,STN_005,11.9,23.5
2026-08-13 18:15:12.020347,STN_005,17.01,23.0
2026-08-13 19:15:12.020347,STN_005,16.57,24.41
2026-08-13 20:15:12.020347,STN_005,12.59,23.18
2026-08-13 21:15:12.020347,STN_005,30.39,23.36
2026-08-13 22:15:12.020347,STN_005,15.99,23.01
2026-08-13 23:15:12.020347,STN_005,50.74,23.83
2026-08-14 00:15:12.020347,STN_005,15.72,25.13
2026-08-14 01:15:12.020347,STN_005,18.66,23.79
2026-08-14 02:15:12.020347,STN_005,12.47,24.08
2026-08-14 03:15:12.020347,STN_005,16.18,24.32
2026-08-14 04:15:12.020347,STN_005,13.68,23.75
2026-08-14 05:15:12.020347,STN_005,25.18,23.66
2026-08-14 06:15:12.020347,STN_005,23.13,24.1
2026-08-14 07:15:12.020347,STN_005,24.67,23.87
2026-08-14 08:15:12.020347,STN_005,21.28,23.92
2026-08-14 09:15:12.020347,STN_005,25.04,24.65
2026-08-14 10:15:12.020347,STN_005,13.32,24.16
2026-08-14 11:15:12.020347,STN_005,16.15,24.86
2026-08-14 12:15:12.020347,STN_005,20.46,24.3
2026-08-14 13:15:12.020347,STN_005,19.24,23.77
2026-08-14 14:15:12.020347,STN_005,21.09,22.77
2026-08-14 15:15:12.020347,STN_005,13.54,23.13
2026-08-14 16:15:12.020347,STN_005,12.41,23.13
2026-08-14 17:15:12.020347,STN_005,30.29,24.33
2026-08-14 18:15:12.020347,STN_005,17.8,23.72
2026-08-14 19:15:12.020347,STN_005,12.89,23.17
2026-08-14 20:15:12.020347,STN_005,23.46,24.23
2026-08-14 21:15:12.020347,STN_005,30.12,23.75
2026-08-14 22:15:12.020347,STN_005,13.24,24.52
2026-08-14 23:15:12.020347,STN_005,24.6,24.19
2026-08-15 00:15:12.020347,STN_005,32.15,24.44
2026-08-15 01:15:12.020347,STN_005,32.75,23.07
2026-08-15 02:15:12.020347,STN_005,30.26,24.59
2026-08-15 03:15:12.020347,STN_005,17.78,24.53
2026-08-15 04:15:12.020347,STN_005,15.15,24.0
2026-08-15 05:15:12.020347,STN_005,11.91,23.37
2026-08-15 06:15:12.020347,STN_005,12.32,24.25
2026-08-15 07:15:12.020347,STN_005,16.05,24.73
2026-08-15 08:15:12.020347,STN_005,15.67,22.84
2026-08-15 09:15:12.020347,STN_005,13.38,23.57
2026-08-15 10:15:12.020347,STN_005,15.63,24.08
2026-08-15 11:15:12.020347,STN_005,13.29,24.54
2026-08-15 12:15:12.020347,STN_005,26.02,23.89
2026-08-15 13:15:12.020347,STN_005,76.72,25.73
2026-08-15 14:15:12.020347,STN_005,18.7,23.84
2026-08-15 15:15:12.020347,STN_005,17.09,23.77
2026-08-15 16:15:12.020347,STN_005,12.25,25.29
2026-08-15 17:15:12.020347,STN_005,33.24,23.64
2026-08-15 18:15:12.020347,STN_005,17.47,25.04
2026-08-15 19:15:12.020347,STN_005,14.8,24.69
2026-08-15 20:15:12.020347,STN_005,13.14,24.25
2026-08-15 21:15:12.020347,STN_005,14.95,24.3
2026-08-15 22:15:12.020347,STN_005,12.22,23.89
2026-08-15 23:15:12.020347,STN_005,15.45,24.26
2026-08-16 00:15:12.020347,STN_005,17.75,24.25
2026-08-16 01:15:12.020347,STN_005,27.47,23.97
2026-08-16 02:15:12.020347,STN_005,20.79,23.77
2026-08-16 03:15:12.020347,STN_005,12.95,24.12
2026-08-16 04:15:12.020347,STN_005,13.26,24.8
2026-08-16 05:15:12.020347,STN_005,16.26,23.9
2026-08-16 06:15:12.020347,STN_005,13.7,24.46
2026-08-16 07:15:12.020347,STN_005,12.28,23.52
2026-08-16 08:15:12.020347,STN_005,24.33,23.44
2026-08-16 09:15:12.020347,STN_005,12.21,24.32
2026-08-16 10:15:12.020347,STN_005,25.38,24.1
2026-08-16 11:15:12.020347,STN_005,13.23,24.78
2026-08-16 12:15:12.020347,STN_005,39.64,25.05
2026-08-16 13:15:12.020347,STN_005,60.11,24.6
2026-08-16 14:15:12.020347,STN_005,22.02,24.63
2026-08-16 15:15:12.020347,STN_005,12.94,22.45
2026-08-16 16:15:12.020347,STN_005,26.92,24.57
2026-08-16 17:15:12.020347,STN_005,25.77,24.69
2026-08-16 18:15:12.020347,STN_005,20.0,23.65
2026-08-16 19:15:12.020347,STN_005,17.3,24.32
2026-08-16 20:15:12.020347,STN_005,21.65,23.9
2026-08-16 21:15:12.020347,STN_005,,24.9
2026-08-16 22:15:12.020347,STN_005,19.01,24.03
2026-08-16 23:15:12.020347,STN_005,26.38,24.25
2026-08-17 00:15:12.020347,STN_005,15.59,24.39
2026-08-17 01:15:12.020347,STN_005,13.14,25.56
2026-08-17 02:15:12.020347,STN_005,16.38,24.89
2026-08-17 03:15:12.020347,STN_005,22.02,25.3
2026-08-17 04:15:12.020347,STN_005,13.13,23.59
2026-08-17 05:15:12.020347,STN_005,14.01,23.83
2026-08-17 06:15:12.020347,STN_005,13.48,25.13
2026-08-17 07:15:12.020347,STN_005,24.24,23.73
2026-08-17 08:15:12.020347,STN_005,12.77,24.13
2026-08-17 09:15:12.020347,STN_005,20.98,25.61
2026-08-17 10:15:12.020347,STN_005,15.7,23.98
2026-08-17 11:15:12.020347,STN_005,22.85,23.67
2026-08-17 12:15:12.020347,STN_005,37.29,24.57
2026-08-17 13:15:12.020347,STN_005,13.19,23.07
2026-08-17 14:15:12.020347,STN_005,15.11,24.49
2026-08-17 15:15:12.020347,STN_005,24.74,23.58
2026-08-17 16:15:12.020347,STN_005,73.88,24.06
2026-08-17 17:15:12.020347,STN_005,14.1,24.48
2026-08-17 18:15:12.020347,STN_005,25.37,24.33
2026-08-17 19:15:12.020347,STN_005,44.9,25.0
2026-08-17 20:15:12.020347,STN_005,18.38,25.1
2026-08-17 21:15:12.020347,STN_005,14.72,24.76
2026-08-17 22:15:12.020347,STN_005,,24.29
2026-08-17 23:15:12.020347,STN_005,13.89,25.08
2026-08-18 00:15:12.020347,STN_005,23.25,24.46
2026-08-18 01:15:12.020347,STN_005,23.63,24.51
2026-08-18 02:15:12.020347,STN_005,28.09,25.16
2026-08-18 03:15:12.020347,STN_005,12.69,24.01
2026-08-18 04:15:12.020347,STN_005,18.68,25.23
2026-08-18 05:15:12.020347,STN_005,82.13,25.99
2026-08-18 06:15:12.020347,STN_005,15.62,26.48
2026-08-18 07:15:12.020347,STN_005,24.02,25.66
2026-08-18 08:15:12.020347,STN_005,14.09,26.59
2026-08-18 09:15:12.020347,STN_005,20.12,26.19
2026-08-18 10:15:12.020347,STN_005,20.46,25.97
2026-08-18 11:15:12.020347,STN_005,35.6,27.05
2026-08-18 12:15:12.020347,STN_005,23.68,26.02
2026-08-18 13:15:12.020347,STN_005,24.7,25.85
2026-08-18 14:15:12.020347,STN_005,18.18,26.21
2026-08-18 15:15:12.020347,STN_005,14.04,25.75
2026-08-18 16:15:12.020347,STN_005,16.65,25.49
2026-08-18 17:15:12.020347,STN_005,18.47,26.02
2026-08-18 18:15:12.020347,STN_005,21.0,25.3
2026-08-18 19:15:12.020347,STN_005,19.51,25.03
2026-08-18 20:15:12.020347,STN_005,16.25,25.36
2026-08-18 21:15:12.020347,STN_005,14.8,25.55
2026-08-18 22:15:12.020347,STN_005,14.09,24.74
2026-08-18 23:15:12.020347,STN_005,21.58,25.15
2026-08-19 00:15:12.020347,STN_005,20.48,25.43
2026-08-19 01:15:12.020347,STN_005,21.43,25.16
2026-08-19 02:15:12.020347,STN_005,16.2,23.92
2026-08-19 03:15:12.020347,STN_005,14.99,25.37
2026-08-19 04:15:12.020347,STN_005,23.4,25.2
2026-08-19 05:15:12.020347,STN_005,23.85,24.51
2026-08-19 06:15:12.020347,STN_005,17.27,23.63
2026-08-19 07:15:12.020347,STN_005,19.8,24.25
2026-08-19 08:15:12.020347,STN_005,16.21,24.63
2026-08-19 09:15:12.020347,STN_005,21.78,23.79
2026-08-19 10:15:12.020347,STN_005,26.25,23.99
2026-08-19 11:15:12.020347,STN_005,21.45,24.55
2026-08-19 12:15:12.020347,STN_005,18.09,23.72
2026-08-19 13:15:12.020347,STN_005,17.31,23.85
2026-08-19 14:15:12.020347,STN_005,20.42,23.47
2026-08-19 15:15:12.020347,STN_005,21.25,24.99
2026-08-19 16:15:12.020347,STN_005,18.84,24.36
2026-08-19 17:15:12.020347,STN_005,20.06,24.0
2026-08-19 18:15:12.020347,STN_005,13.47,23.81
2026-08-19 19:15:12.020347,STN_005,35.44,23.61
2026-08-19 20:15:12.020347,STN_005,24.44,24.28
2026-08-19 21:15:12.020347,STN_005,16.22,24.68
2026-08-19 22:15:12.020347,STN_005,19.12,24.04
2026-08-19 23:15:12.020347,STN_005,13.28,24.39
2026-08-20 00:15:12.020347,STN_005,13.23,24.07
2026-08-20 01:15:12.020347,STN_005,15.08,24.86
2026-08-20 02:15:12.020347,STN_005,21.69,23.92
2026-08-20 03:15:12.020347,STN_005,27.25,24.78
2026-08-20 04:15:12.020347,STN_005,19.06,25.04
2026-08-20 05:15:12.020347,STN_005,18.61,24.09
2026-08-20 06:15:12.020347,STN_005,,23.97
2026-08-20 07:15:12.020347,STN_005,14.24,24.66
2026-08-20 08:15:12.020347,STN_005,80.4,24.11
2026-08-20 09:15:12.020347,STN_005,23.64,
2026-08-20 10:15:12.020347,STN_005,32.6,24.32
2026-08-20 11:15:12.020347,STN_005,17.51,25.67
2026-08-20 12:15:12.020347,STN_005,21.0,24.96
2026-08-20 13:15:12.020347,STN_005,31.36,25.22
2026-08-20 14:15:12.020347,STN_005,13.63,24.82
2026-08-20 15:15:12.020347,STN_005,23.96,24.42
2026-08-20 16:15:12.020347,STN_005,20.11,25.86
2026-08-20 17:15:12.020347,STN_005,19.76,25.14
2026-08-20 18:15:12.020347,STN_005,15.51,26.86
2026-08-20 19:15:12.020347,STN_005,21.55,24.67
2026-08-20 20:15:12.020347,STN_005,24.8,24.76
2026-08-20 21:15:12.020347,STN_005,13.82,24.61
2026-08-20 22:15:12.020347,STN_005,18.85,25.0
2026-08-20 23:15:12.020347,STN_005,13.93,25.88
2026-08-21 00:15:12.020347,STN_005,28.58,25.79
2026-08-21 01:15:12.020347,STN_005,18.44,24.57
2026-08-21 02:15:12.020347,STN_005,25.5,25.98
2026-08-21 03:15:12.020347,STN_005,16.57,25.58
2026-08-21 04:15:12.020347,STN_005,,25.42
2026-08-21 05:15:12.020347,STN_005,13.45,24.77
2026-08-21 06:15:12.020347,STN_005,15.61,24.79
2026-08-21 07:15:12.020347,STN_005,15.23,25.18
2026-08-21 08:15:12.020347,STN_005,19.29,24.07
2026-08-21 09:15:12.020347,STN_005,13.29,24.88
2026-08-21 10:15:12.020347,STN_005,18.64,23.75
2026-08-21 11:15:12.020347,STN_005,16.86,23.06
2026-08-21 12:15:12.020347,STN_005,19.58,23.37
2026-08-21 13:15:12.020347,STN_005,22.22,23.29
2026-08-21 14:15:12.020347,STN_005,20.67,23.86
2026-08-21 15:15:12.020347,STN_005,44.45,24.36
2026-08-21 16:15:12.020347,STN_005,14.24,24.2
2026-08-21 17:15:12.020347,STN_005,17.34,24.38
2026-08-21 18:15:12.020347,STN_005,17.28,24.04
2026-08-21 19:15:12.020347,STN_005,,24.0
2026-08-21 20:15:12.020347,STN_005,21.3,24.94
2026-08-21 21:15:12.020347,STN_005,18.18,24.73
2026-08-21 22:15:12.020347,STN_005,18.8,24.36
2026-08-21 23:15:12.020347,STN_005,17.59,24.66
2026-08-22 00:15:12.020347,STN_005,49.28,23.5
2026-08-22 01:15:12.020347,STN_005,33.03,24.23
2026-08-22 02:15:12.020347,STN_005,16.1,24.31
2026-08-22 03:15:12.020347,STN_005,14.23,24.09
2026-08-22 04:15:12.020347,STN_005,27.07,23.89
2026-08-22 05:15:12.020347,STN_005,57.35,25.42
2026-08-22 06:15:12.020347,STN_005,15.94,25.9
2026-08-22 07:15:12.020347,STN_005,16.66,25.22
2026-08-22 08:15:12.020347,STN_005,34.65,25.74
2026-08-22 09:15:12.020347,STN_005,22.65,25.52
2026-08-22 10:15:12.020347,STN_005,,25.28
2026-08-22 11:15:12.020347,STN_005,19.86,26.0
2026-08-22 12:15:12.020347,STN_005,34.99,25.02
2026-08-22 13:15:12.020347,STN_005,25.87,24.85
2026-08-22 14:15:12.020347,STN_005,23.5,25.09
2026-08-22 15:15:12.020347,STN_005,23.36,25.98
2026-08-22 16:15:12.020347,STN_005,14.81,25.6
2026-08-22 17:15:12.020347,STN_005,26.4,25.86
2026-08-22 18:15:12.020347,STN_005,15.76,26.49
2026-08-22 19:15:12.020347,STN_005,33.32,25.27
2026-08-22 20:15:12.020347,STN_005,16.74,26.4
2026-08-22 21:15:12.020347,STN_005,27.96,25.72
2026-08-22 22:15:12.020347,STN_005,15.87,25.64
2026-08-22 23:15:12.020347,STN_005,18.97,25.97
2026-08-23 00:15:12.020347,STN_005,14.4,25.62
2026-08-23 01:15:12.020347,STN_005,21.64,25.25
2026-08-23 02:15:12.020347,STN_005,27.11,25.8
2026-08-23 03:15:12.020347,STN_005,23.06,25.65
2026-08-23 04:15:12.020347,STN_005,19.11,25.4
2026-08-23 05:15:12.020347,STN_005,13.9,24.75
2026-08-23 06:15:12.020347,STN_005,33.87,25.3
2026-08-23 07:15:12.020347,STN_005,22.72,24.58
2026-08-23 08:15:12.020347,STN_005,23.82,24.59
2026-08-23 09:15:12.020347,STN_005,25.42,24.98
2026-08-23 10:15:12.020347,STN_005,23.88,25.53
2026-08-23 11:15:12.020347,STN_005,17.91,26.31
2026-08-23 12:15:12.020347,STN_005,23.47,25.01
2026-08-23 13:15:12.020347,STN_005,20.91,24.14
2026-08-23 14:15:12.020347,STN_005,27.98,24.69
2026-08-23 15:15:12.020347,STN_005,25.71,25.44
2026-08-23 16:15:12.020347,STN_005,13.87,24.62
2026-08-23 17:15:12.020347,STN_005,17.12,24.33
2026-08-23 18:15:12.020347,STN_005,13.81,25.29
2026-08-23 19:15:12.020347,STN_005,14.36,24.96
2026-08-23 20:15:12.020347,STN_005,80.8,24.79
2026-08-23 21:15:12.020347,STN_005,29.08,25.09
2026-08-23 22:15:12.020347,STN_005,14.72,26.18
2026-08-23 23:15:12.020347,STN_005,18.26,25.98
2026-08-24 00:15:12.020347,STN_005,31.89,25.17
2026-08-24 01:15:12.020347,STN_005,26.39,24.83
2026-08-24 02:15:12.020347,STN_005,19.26,25.86
2026-08-24 03:15:12.020347,STN_005,24.83,25.6
2026-08-24 04:15:12.020347,STN_005,19.31,25.85
2026-08-24 05:15:12.020347,STN_005,15.05,26.09
2026-08-24 06:15:12.020347,STN_005,14.76,25.05
2026-08-24 07:15:12.020347,STN_005,15.32,25.22
2026-08-24 08:15:12.020347,STN_005,17.0,24.9
2026-08-24 09:15:12.020347,STN_005,33.76,25.03
2026-08-24 10:15:12.020347,STN_005,25.82,25.76
2026-08-24 11:15:12.020347,STN_005,18.01,25.55
2026-08-24 12:15:12.020347,STN_005,18.85,24.64
2026-08-24 13:15:12.020347,STN_005,16.07,25.73
2026-08-24 14:15:12.020347,STN_005,22.9,25.13
2026-08-24 15:15:12.020347,STN_005,25.93,25.69
2026-08-24 16:15:12.020347,STN_005,15.81,24.82
2026-08-24 17:15:12.020347,STN_005,14.08,24.83
2026-08-24 18:15:12.020347,STN_005,21.09,25.51
2026-08-24 19:15:12.020347,STN_005,19.96,24.9
2026-08-24 20:15:12.020347,STN_005,17.62,24.52
2026-08-24 21:15:12.020347,STN_005,21.5,23.96
2026-08-24 22:15:12.020347,STN_005,,25.52
2026-08-24 23:15:12.020347,STN_005,16.13,25.68
2026-08-25 00:15:12.020347,STN_005,17.77,25.52
2026-08-25 01:15:12.020347,STN_005,18.16,25.23
2026-08-25 02:15:12.020347,STN_005,29.89,25.71
2026-08-25 03:15:12.020347,STN_005,38.28,25.79
2026-08-25 04:15:12.020347,STN_005,30.73,25.81
2026-08-25 05:15:12.020347,STN_005,23.49,25.65
2026-08-25 06:15:12.020347,STN_005,20.56,26.57
2026-08-25 07:15:12.020347,STN_005,22.73,26.32
2026-08-25 08:15:12.020347,STN_005,34.96,25.84
2026-08-25 09:15:12.020347,STN_005,16.13,26.46
2026-08-25 10:15:12.020347,STN_005,19.71,26.49
2026-08-25 11:15:12.020347,STN_005,22.74,26.07
2026-08-25 12:15:12.020347,STN_005,22.5,26.15
2026-08-25 13:15:12.020347,STN_005,16.15,
2026-08-25 14:15:12.020347,STN_005,20.6,25.71
2026-08-25 15:15:12.020347,STN_005,25.89,26.55
2026-08-25 16:15:12.020347,STN_005,18.8,25.78
2026-08-25 17:15:12.020347,STN_005,25.79,26.24
2026-08-25 18:15:12.020347,STN_005,17.31,25.84
2026-08-25 19:15:12.020347,STN_005,34.91,26.57
2026-08-25 20:15:12.020347,STN_005,19.69,26.68
2026-08-25 21:15:12.020347,STN_005,20.76,26.68
2026-08-25 22:15:12.020347,STN_005,14.41,24.81
2026-08-25 23:15:12.020347,STN_005,15.58,25.43
2026-08-26 00:15:12.020347,STN_005,21.69,26.21
2026-08-26 01:15:12.020347,STN_005,18.26,25.8
2026-08-26 02:15:12.020347,STN_005,19.5,25.34
2026-08-26 03:15:12.020347,STN_005,14.66,24.03
2026-08-26 04:15:12.020347,STN_005,27.65,24.84
2026-08-26 05:15:12.020347,STN_005,25.69,25.81
2026-08-26 06:15:12.020347,STN_005,15.71,25.59
2026-08-26 07:15:12.020347,STN_005,21.72,25.15
2026-08-26 08:15:12.020347,STN_005,26.97,24.46
2026-08-26 09:15:12.020347,STN_005,21.86,24.91
2026-08-26 10:15:12.020347,STN_005,16.96,25.24
2026-08-26 11:15:12.020347,STN_005,22.18,25.32
2026-08-26 12:15:12.020347,STN_005,59.82,25.47
2026-08-26 13:15:12.020347,STN_005,17.05,25.75
2026-08-26 14:15:12.020347,STN_005,16.23,25.24
2026-08-26 15:15:12.020347,STN_005,20.28,25.15
2026-08-26 16:15:12.020347,STN_005,15.03,24.92
2026-08-26 17:15:12.020347,STN_005,34.48,25.47
2026-08-26 18:15:12.020347,STN_005,17.22,25.76
2026-08-26 19:15:12.020347,STN_005,16.03,25.38
2026-08-26 20:15:12.020347,STN_005,19.32,24.41
2026-08-26 21:15:12.020347,STN_005,16.61,24.38
2026-08-26 22:15:12.020347,STN_005,20.12,25.62
2026-08-26 23:15:12.020347,STN_005,17.6,25.18
2026-08-27 00:15:12.020347,STN_005,15.44,25.13
2026-08-27 01:15:12.020347,STN_005,16.7,25.1
2026-08-27 02:15:12.020347,STN_005,18.71,25.86
2026-08-27 03:15:12.020347,STN_005,14.61,24.77
2026-08-27 04:15:12.020347,STN_005,25.43,25.52
2026-08-27 05:15:12.020347,STN_005,21.67,25.03
2026-08-27 06:15:12.020347,STN_005,21.28,24.18
2026-08-27 07:15:12.020347,STN_005,20.31,24.55
2026-08-27 08:15:12.020347,STN_005,21.07,24.59
2026-08-27 09:15:12.020347,STN_005,178.06,27.39
2026-08-27 10:15:12.020347,STN_005,14.45,27.42
2026-08-27 11:15:12.020347,STN_005,14.75,26.89
2026-08-27 12:15:12.020347,STN_005,15.98,
2026-08-27 13:15:12.020347,STN_005,15.75,25.7
2026-08-27 14:15:12.020347,STN_005,15.88,26.72
2026-08-27 15:15:12.020347,STN_005,22.74,25.54
2026-08-27 16:15:12.020347,STN_005,19.0,26.18
2026-08-27 17:15:12.020347,STN_005,50.39,27.61
2026-08-27 18:15:12.020347,STN_005,16.31,26.16
2026-08-27 19:15:12.020347,STN_005,17.17,25.79
2026-08-27 20:15:12.020347,STN_005,45.51,25.87
2026-08-27 21:15:12.020347,STN_005,27.75,28.1
2026-08-27 22:15:12.020347,STN_005,19.35,27.09
2026-08-27 23:15:12.020347,STN_005,20.65,26.52
2026-08-28 00:15:12.020347,STN_005,28.48,27.03
2026-08-28 01:15:12.020347,STN_005,19.51,26.82
2026-08-28 02:15:12.020347,STN_005,16.32,26.19
2026-08-28 03:15:12.020347,STN_005,27.81,27.69
2026-08-28 04:15:12.020347,STN_005,20.38,27.25
2026-08-28 05:15:12.020347,STN_005,15.83,27.51
2026-08-28 06:15:12.020347,STN_005,19.87,27.14
2026-08-28 07:15:12.020347,STN_005,18.59,27.18
2026-08-28 08:15:12.020347,STN_005,30.29,26.11
2026-08-28 09:15:12.020347,STN_005,15.6,25.65
2026-08-28 10:15:12.020347,STN_005,30.2,24.85
2026-08-28 11:15:12.020347,STN_005,19.97,25.05
2026-08-28 12:15:12.020347,STN_005,18.47,25.23
2026-08-28 13:15:12.020347,STN_005,15.91,24.47
2026-08-28 14:15:12.020347,STN_005,23.64,25.3
2026-08-28 15:15:12.020347,STN_005,34.2,25.41
2026-08-28 16:15:12.020347,STN_005,18.12,25.54
2026-08-28 17:15:12.020347,STN_005,16.66,24.45
2026-08-28 18:15:12.020347,STN_005,20.66,25.82
2026-08-28 19:15:12.020347,STN_005,26.52,25.67
2026-08-28 20:15:12.020347,STN_005,14.62,24.66
2026-08-28 21:15:12.020347,STN_005,22.07,24.73
2026-08-28 22:15:12.020347,STN_005,21.6,25.5
2026-08-28 23:15:12.020347,STN_005,17.66,24.91
2026-08-29 00:15:12.020347,STN_005,19.29,24.31
2026-08-29 01:15:12.020347,STN_005,16.92,24.85
2026-08-29 02:15:12.020347,STN_005,26.49,24.48
2026-08-29 03:15:12.020347,STN_005,22.34,24.6
2026-08-29 04:15:12.020347,STN_005,20.5,24.93
2026-08-29 05:15:12.020347,STN_005,18.53,25.52
2026-08-29 06:15:12.020347,STN_005,17.37,25.97
2026-08-29 07:15:12.020347,STN_005,27.77,25.75
2026-08-29 08:15:12.020347,STN_005,19.29,24.9
2026-08-29 09:15:12.020347,STN_005,20.01,26.12
2026-08-29 10:15:12.020347,STN_005,20.31,25.14
2026-08-29 11:15:12.020347,STN_005,19.25,24.37
2026-08-29 12:15:12.020347,STN_005,17.01,24.89
2026-08-29 13:15:12.020347,STN_005,15.75,24.51
2026-08-29 14:15:12.020347,STN_005,15.57,24.11
2026-08-29 15:15:12.020347,STN_005,25.42,24.04
2026-08-29 16:15:12.020347,STN_005,16.69,24.53
2026-08-29 17:15:12.020347,STN_005,15.22,24.97
2026-08-29 18:15:12.020347,STN_005,26.77,25.2
2026-08-29 19:15:12.020347,STN_005,16.05,23.91
2026-08-29 20:15:12.020347,STN_005,22.15,24.48
2026-08-29 21:15:12.020347,STN_005,17.89,24.82
2026-08-29 22:15:12.020347,STN_005,16.01,24.62
2026-08-29 23:15:12.020347,STN_005,19.01,24.9
2026-08-30 00:15:12.020347,STN_005,15.11,24.29
2026-08-30 01:15:12.020347,STN_005,28.79,25.29
2026-08-30 02:15:12.020347,STN_005,20.4,24.57
2026-08-30 03:15:12.020347,STN_005,16.12,24.88
2026-08-30 04:15:12.020347,STN_005,17.02,24.27
2026-08-30 05:15:12.020347,STN_005,19.45,24.5
2026-08-30 06:15:12.020347,STN_005,16.56,23.66
2026-08-30 07:15:12.020347,STN_005,17.34,23.91
2026-08-30 08:15:12.020347,STN_005,20.73,24.24
2026-08-30 09:15:12.020347,STN_005,28.4,24.5
2026-08-30 10:15:12.020347,STN_005,18.85,25.77
2026-08-30 11:15:12.020347,STN_005,24.46,24.31
2026-08-30 12:15:12.020347,STN_005,30.69,23.98
2026-08-30 13:15:12.020347,STN_005,16.82,25.53
2026-08-30 14:15:12.020347,STN_005,27.34,25.37
2026-08-30 15:15:12.020347,STN_005,25.62,24.25
2026-08-30 16:15:12.020347,STN_005,18.31,25.08
2026-08-30 17:15:12.020347,STN_005,49.18,25.69
2026-08-30 18:15:12.020347,STN_005,17.28,25.24
2026-08-30 19:15:12.020347,STN_005,17.2,
2026-08-30 20:15:12.020347,STN_005,26.09,24.9
2026-08-30 21:15:12.020347,STN_005,19.27,25.49
2026-08-30 22:15:12.020347,STN_005,18.21,25.05
2026-08-30 23:15:12.020347,STN_005,16.67,23.95
2026-08-31 00:15:12.020347,STN_005,26.07,25.5
2026-08-31 01:15:12.020347,STN_005,26.77,24.54
2026-08-31 02:15:12.020347,STN_005,21.47,25.9
2026-08-31 03:15:12.020347,STN_005,38.85,25.11
2026-08-31 04:15:12.020347,STN_005,18.07,24.46
2026-08-31 05:15:12.020347,STN_005,17.06,24.78
2026-08-31 06:15:12.020347,STN_005,23.68,25.73
2026-08-31 07:15:12.020347,STN_005,25.85,25.95
2026-08-31 08:15:12.020347,STN_005,60.56,
2026-08-31 09:15:12.020347,STN_005,15.79,25.66
2026-08-31 10:15:12.020347,STN_005,27.67,26.3
2026-08-31 11:15:12.020347,STN_005,43.33,27.03
2026-08-31 12:15:12.020347,STN_005,22.96,25.84
2026-08-31 13:15:12.020347,STN_005,17.64,26.65
2026-08-31 14:15:12.020347,STN_005,57.99,25.97
2026-08-31 15:15:12.020347,STN_005,31.98,27.08
2026-08-31 16:15:12.020347,STN_005,20.6,27.32
2026-08-31 17:15:12.020347,STN_005,28.28,
2026-08-31 18:15:12.020347,STN_005,27.89,27.32
2026-08-31 19:15:12.020347,STN_005,35.67,27.51
2026-08-31 20:15:12.020347,STN_005,28.98,28.01
2026-08-31 21:15:12.020347,STN_005,133.44,28.57
2026-08-31 22:15:12.020347,STN_005,22.45,29.52
2026-08-31 23:15:12.020347,STN_005,20.12,28.17
2026-09-01 00:15:12.020347,STN_005,22.78,28.5
2026-09-01 01:15:12.020347,STN_005,27.29,28.55
2026-09-01 02:15:12.020347,STN_005,41.46,28.33
2026-09-01 03:15:12.020347,STN_005,20.12,27.44
2026-09-01 04:15:12.020347,STN_005,21.79,29.1
2026-09-01 05:15:12.020347,STN_005,19.81,28.24
2026-09-01 06:15:12.020347,STN_005,23.68,28.5
2026-09-01 07:15:12.020347,STN_005,22.85,29.46
2026-09-01 08:15:12.020347,STN_005,63.77,28.99
2026-09-01 09:15:12.020347,STN_005,21.24,29.64
2026-09-01 10:15:12.020347,STN_005,16.09,28.69
2026-09-01 11:15:12.020347,STN_005,15.6,28.56
2026-09-01 12:15:12.020347,STN_005,27.15,28.21
2026-09-01 13:15:12.020347,STN_005,17.64,27.91
2026-09-01 14:15:12.020347,STN_005,18.52,28.12
2026-09-01 15:15:12.020347,STN_005,15.89,
2026-09-01 16:15:12.020347,STN_005,16.88,27.92
2026-09-01 17:15:12.020347,STN_005,26.28,27.28
2026-09-01 18:15:12.020347,STN_005,20.5,27.39
2026-09-01 19:15:12.020347,STN_005,31.34,27.37
2026-09-01 20:15:12.020347,STN_005,19.19,27.84
2026-09-01 21:15:12.020347,STN_005,17.74,25.64
2026-09-01 22:15:12.020347,STN_005,18.8,26.43
2026-09-01 23:15:12.020347,STN_005,24.95,25.45
2026-09-02 00:15:12.020347,STN_005,21.67,26.02
2026-09-02 01:15:12.020347,STN_005,33.19,25.62
2026-09-02 02:15:12.020347,STN_005,22.51,26.28
2026-09-02 03:15:12.020347,STN_005,99.19,26.3
2026-09-02 04:15:12.020347,STN_005,27.15,26.42
2026-09-02 05:15:12.020347,STN_005,37.7,26.37
2026-09-02 06:15:12.020347,STN_005,18.9,26.99
2026-09-02 07:15:12.020347,STN_005,17.75,27.17
2026-09-02 08:15:12.020347,STN_005,22.78,26.61
2026-09-02 09:15:12.020347,STN_005,20.78,26.29
2026-09-02 10:15:12.020347,STN_005,49.55,26.45
2026-09-02 11:15:12.020347,STN_005,20.25,26.7
2026-09-02 12:15:12.020347,STN_005,16.18,26.58
2026-09-02 13:15:12.020347,STN_005,44.01,
2026-09-02 14:15:12.020347,STN_005,29.51,27.26
2026-09-02 15:15:12.020347,STN_005,17.07,28.05
2026-09-02 16:15:12.020347,STN_005,33.22,27.41
2026-09-02 17:15:12.020347,STN_005,18.72,
2026-09-02 18:15:12.020347,STN_005,19.15,27.31
2026-09-02 19:15:12.020347,STN_005,33.36,27.14
2026-09-02 20:15:12.020347,STN_005,21.26,27.5
2026-09-02 21:15:12.020347,STN_005,16.71,27.1
2026-09-02 22:15:12.020347,STN_005,19.25,27.32
2026-09-02 23:15:12.020347,STN_005,25.4,27.93
2026-09-03 00:15:12.020347,STN_005,17.23,27.06
2026-09-03 01:15:12.020347,STN_005,22.49,27.36
2026-09-03 02:15:12.020347,STN_005,24.71,25.95
2026-09-03 03:15:12.020347,STN_005,18.95,26.1
2026-09-03 04:15:12.020347,STN_005,24.67,25.91
2026-09-03 05:15:12.020347,STN_005,31.96,26.15
2026-09-03 06:15:12.020347,STN_005,20.59,25.99
2026-09-03 07:15:12.020347,STN_005,19.41,26.2
2026-09-03 08:15:12.020347,STN_005,17.96,25.88
2026-09-03 09:15:12.020347,STN_005,22.75,26.29
2026-09-03 10:15:12.020347,STN_005,31.69,25.01
2026-09-03 11:15:12.020347,STN_005,18.74,25.91
2026-09-03 12:15:12.020347,STN_005,19.58,25.43
2026-09-03 13:15:12.020347,STN_005,19.71,26.17
2026-09-03 14:15:12.020347,STN_005,21.97,25.02
2026-09-03 15:15:12.020347,STN_005,17.74,26.0
2026-09-03 16:15:12.020347,STN_005,28.75,25.44
2026-09-03 17:15:12.020347,STN_005,18.42,24.53
2026-09-03 18:15:12.020347,STN_005,24.96,
2026-09-03 19:15:12.020347,STN_005,21.19,25.79
2026-09-03 20:15:12.020347,STN_005,22.41,25.78
2026-09-03 21:15:12.020347,STN_005,17.28,24.74
2026-09-03 22:15:12.020347,STN_005,25.95,26.28
2026-09-03 23:15:12.020347,STN_005,17.56,25.39
2026-09-04 00:15:12.020347,STN_005,16.89,25.84
2026-09-04 01:15:12.020347,STN_005,21.92,24.79
2026-09-04 02:15:12.020347,STN_005,25.26,25.17
2026-09-04 03:15:12.020347,STN_005,16.38,25.58
2026-09-04 04:15:12.020347,STN_005,16.53,25.11
2026-09-04 05:15:12.020347,STN_005,28.16,23.76
2026-09-04 06:15:12.020347,STN_005,28.41,25.22
2026-09-04 07:15:12.020347,STN_005,18.1,24.32
2026-09-04 08:15:12.020347,STN_005,23.15,24.83
2026-09-04 09:15:12.020347,STN_005,20.38,24.63
2026-09-04 10:15:12.020347,STN_005,23.5,25.8
2026-09-04 11:15:12.020347,STN_005,30.89,26.11
2026-09-04 12:15:12.020347,STN_005,16.61,25.52
2026-09-04 13:15:12.020347,STN_005,27.28,25.33
2026-09-04 14:15:12.020347,STN_005,21.09,25.45
2026-09-04 15:15:12.020347,STN_005,22.22,26.05
2026-09-04 16:15:12.020347,STN_005,23.95,24.44
2026-09-04 17:15:12.020347,STN_005,35.18,25.1
2026-09-04 18:15:12.020347,STN_005,16.43,26.03
2026-09-04 19:15:12.020347,STN_005,16.22,26.07
2026-09-04 20:15:12.020347,STN_005,17.46,25.7
2026-09-04 21:15:12.020347,STN_005,48.25,25.27
2026-09-04 22:15:12.020347,STN_005,25.6,26.31
2026-09-04 23:15:12.020347,STN_005,23.34,26.57
2026-09-05 00:15:12.020347,STN_005,16.55,26.25
2026-09-05 01:15:12.020347,STN_005,32.03,24.77
2026-09-05 02:15:12.020347,STN_005,28.75,26.12
2026-09-05 03:15:12.020347,STN_005,24.38,26.45
2026-09-05 04:15:12.020347,STN_005,19.29,25.93
2026-09-05 05:15:12.020347,STN_005,16.73,26.14
2026-09-05 06:15:12.020347,STN_005,22.69,25.72
2026-09-05 07:15:12.020347,STN_005,25.72,25.64
2026-09-05 08:15:12.020347,STN_005,16.93,26.75
2026-09-05 09:15:12.020347,STN_005,23.72,26.14
2026-09-05 10:15:12.020347,STN_005,18.72,25.42
2026-09-05 11:15:12.020347,STN_005,27.02,25.24
2026-09-05 12:15:12.020347,STN_005,22.0,25.57
2026-09-05 13:15:12.020347,STN_005,17.22,25.44
2026-09-05 14:15:12.020347,STN_005,21.79,25.95
2026-09-05 15:15:12.020347,STN_005,19.96,26.09
2026-09-05 16:15:12.020347,STN_005,17.68,26.02
2026-09-05 17:15:12.020347,STN_005,30.0,25.33
2026-09-05 18:15:12.020347,STN_005,85.47,27.03
2026-09-05 19:15:12.020347,STN_005,18.99,27.22
2026-09-05 20:15:12.020347,STN_005,16.28,26.46
2026-09-05 21:15:12.020347,STN_005,16.94,25.68
2026-09-05 22:15:12.020347,STN_005,19.02,26.2
2026-09-05 23:15:12.020347,STN_005,16.8,27.15
2026-09-06 00:15:12.020347,STN_005,23.19,25.62
2026-09-06 01:15:12.020347,STN_005,17.06,25.7
2026-09-06 02:15:12.020347,STN_005,25.45,25.95
2026-09-06 03:15:12.020347,STN_005,16.78,26.1
2026-09-06 04:15:12.020347,STN_005,16.84,24.8
2026-09-06 05:15:12.020347,STN_005,19.11,26.48
2026-09-06 06:15:12.020347,STN_005,33.4,26.61
2026-09-06 07:15:12.020347,STN_005,24.07,25.73
2026-09-06 08:15:12.020347,STN_005,27.41,27.42
2026-09-06 09:15:12.020347,STN_005,17.52,26.61
2026-09-06 10:15:12.020347,STN_005,29.85,26.72
2026-09-06 11:15:12.020347,STN_005,16.44,26.59
2026-09-06 12:15:12.020347,STN_005,18.18,26.53
2026-09-06 13:15:12.020347,STN_005,23.56,26.02
2026-09-06 14:15:12.020347,STN_005,19.91,25.95
2026-09-06 15:15:12.020347,STN_005,47.48,25.88
2026-09-06 16:15:12.020347,STN_005,16.61,26.05
2026-09-06 17:15:12.020347,STN_005,65.65,26.63
2026-09-06 18:15:12.020347,STN_005,23.71,26.04
2026-09-06 19:15:12.020347,STN_005,22.51,26.85
2026-09-06 20:15:12.020347,STN_005,16.84,25.01
2026-09-06 21:15:12.020347,STN_005,18.77,26.76
2026-09-06 22:15:12.020347,STN_005,35.96,25.82
2026-09-06 23:15:12.020347,STN_005,19.85,26.31
2026-09-07 00:15:12.020347,STN_005,24.7,26.02
2026-09-07 01:15:12.020347,STN_005,73.52,28.02
2026-09-07 02:15:12.020347,STN_005,18.86,26.76
2026-09-07 03:15:12.020347,STN_005,,27.35
2026-09-07 04:15:12.020347,STN_005,25.51,27.48
2026-09-07 05:15:12.020347,STN_005,17.92,26.6
2026-09-07 06:15:12.020347,STN_005,17.78,26.94
2026-09-07 07:15:12.020347,STN_005,21.14,27.55
2026-09-07 08:15:12.020347,STN_005,20.23,26.42
2026-09-07 09:15:12.020347,STN_005,25.96,27.38
2026-09-07 10:15:12.020347,STN_005,17.11,26.64
2026-09-07 11:15:12.020347,STN_005,43.43,27.72
2026-09-07 12:15:12.020347,STN_005,16.68,28.0
2026-09-07 13:15:12.020347,STN_005,23.47,26.12
2026-09-07 14:15:12.020347,STN_005,22.77,26.49
2026-09-07 15:15:12.020347,STN_005,17.66,26.56
2026-09-07 16:15:12.020347,STN_005,17.8,27.53
2026-09-07 17:15:12.020347,STN_005,28.37,26.6
2026-09-07 18:15:12.020347,STN_005,32.96,25.83
2026-09-07 19:15:12.020347,STN_005,19.07,26.74
2026-09-07 20:15:12.020347,STN_005,20.89,26.0
2026-09-07 21:15:12.020347,STN_005,19.86,26.91
2026-09-07 22:15:12.020347,STN_005,17.32,26.54
2026-09-07 23:15:12.020347,STN_005,25.15,25.87
2026-09-08 00:15:12.020347,STN_005,29.84,
2026-09-08 01:15:12.020347,STN_005,19.49,26.33
2026-09-08 02:15:12.020347,STN_005,51.43,25.18
2026-09-08 03:15:12.020347,STN_005,17.35,26.21
2026-09-08 04:15:12.020347,STN_005,24.89,25.5
2026-09-08 05:15:12.020347,STN_005,21.22,26.08
2026-09-08 06:15:12.020347,STN_005,21.2,26.36
2026-09-08 07:15:12.020347,STN_005,21.35,27.14
2026-09-08 08:15:12.020347,STN_005,,26.11
2026-09-08 09:15:12.020347,STN_005,26.19,26.86
2026-09-08 10:15:12.020347,STN_005,26.35,25.82
2026-09-08 11:15:12.020347,STN_005,19.25,25.69
2026-09-08 12:15:12.020347,STN_005,30.29,26.4
2026-09-08 13:15:12.020347,STN_005,19.62,26.16
2026-09-08 14:15:12.020347,STN_005,26.44,25.94
2026-09-08 15:15:12.020347,STN_005,17.73,25.93
2026-09-08 16:15:12.020347,STN_005,18.15,26.78
2026-09-08 17:15:12.020347,STN_005,19.61,25.86
2026-09-08 18:15:12.020347,STN_005,23.52,25.37
2026-09-08 19:15:12.020347,STN_005,24.54,25.52
2026-09-08 20:15:12.020347,STN_005,20.55,26.28
2026-09-08 21:15:12.020347,STN_005,17.37,27.05
