timestamp,station_id,rainfall_mm,river_level_m
2026-08-09 22:22:59.290138,STN_001,9.01,
2026-08-09 23:22:59.290138,STN_001,7.4,
2026-08-10 00:22:59.290138,STN_001,4.42,
2026-08-10 01:22:59.290138,STN_001,4.42,
2026-08-10 02:22:59.290138,STN_001,3.98,
2026-08-10 03:22:59.290138,STN_001,11.79,
2026-08-10 04:22:59.290138,STN_001,7.42,
2026-08-10 05:22:59.290138,STN_001,8.67,
2026-08-10 06:22:59.290138,STN_001,3.83,
2026-08-10 07:22:59.290138,STN_001,17.76,
2026-08-10 08:22:59.290138,STN_001,10.89,
2026-08-10 09:22:59.290138,STN_001,4.7,
2026-08-10 10:22:59.290138,STN_001,4.55,
2026-08-10 11:22:59.290138,STN_001,4.56,
2026-08-10 12:22:59.290138,STN_001,5.2,
2026-08-10 13:22:59.290138,STN_001,6.72,
2026-08-10 14:22:59.290138,STN_001,6.01,
2026-08-10 15:22:59.290138,STN_001,5.12,
2026-08-10 16:22:59.290138,STN_001,7.53,
2026-08-10 17:22:59.290138,STN_001,4.35,
2026-08-10 18:22:59.290138,STN_001,5.13,
2026-08-10 19:22:59.290138,STN_001,5.57,
2026-08-10 20:22:59.290138,STN_001,6.18,
2026-08-10 21:22:59.290138,STN_001,52.95,7.75
2026-08-10 22:22:59.290138,STN_001,4.74,7.47
2026-08-10 23:22:59.290138,STN_001,6.74,8.29
2026-08-11 00:22:59.290138,STN_001,7.44,7.78
2026-08-11 01:22:59.290138,STN_001,4.04,8.18
2026-08-11 02:22:59.290138,STN_001,7.59,8.02
2026-08-11 03:22:59.290138,STN_001,4.6,7.69
2026-08-11 04:22:59.290138,STN_001,4.12,7.35
2026-08-11 05:22:59.290138,STN_001,15.74,7.58
2026-08-11 06:22:59.290138,STN_001,17.33,7.63
2026-08-11 07:22:59.290138,STN_001,10.46,7.27
2026-08-11 08:22:59.290138,STN_001,5.3,7.79
2026-08-11 09:22:59.290138,STN_001,4.26,8.06
2026-08-11 10:22:59.290138,STN_001,8.46,7.53
2026-08-11 11:22:59.290138,STN_001,6.17,8.28
2026-08-11 12:22:59.290138,STN_001,4.37,7.16
2026-08-11 13:22:59.290138,STN_001,6.58,7.94
2026-08-11 14:22:59.290138,STN_001,3.99,8.11
2026-08-11 15:22:59.290138,STN_001,13.45,7.62
2026-08-11 16:22:59.290138,STN_001,5.05,7.6
2026-08-11 17:22:59.290138,STN_001,8.19,8.0
2026-08-11 18:22:59.290138,STN_001,5.34,7.84
2026-08-11 19:22:59.290138,STN_001,6.79,7.1
2026-08-11 20:22:59.290138,STN_001,7.01,7.46
2026-08-11 21:22:59.290138,STN_001,4.67,7.3
2026-08-11 22:22:59.290138,STN_001,17.92,7.02
2026-08-11 23:22:59.290138,STN_001,9.92,7.32
2026-08-12 00:22:59.290138,STN_001,15.17,7.12
2026-08-12 01:22:59.290138,STN_001,12.96,7.49
2026-08-12 02:22:59.290138,STN_001,7.6,7.5
2026-08-12 03:22:59.290138,STN_001,14.15,7.78
2026-08-12 04:22:59.290138,STN_001,4.32,7.65
2026-08-12 05:22:59.290138,STN_001,4.82,7.74
2026-08-12 06:22:59.290138,STN_001,4.14,7.59
2026-08-12 07:22:59.290138,STN_001,5.53,7.75
2026-08-12 08:22:59.290138,STN_001,5.92,7.71
2026-08-12 09:22:59.290138,STN_001,5.22,7.68
2026-08-12 10:22:59.290138,STN_001,11.01,8.4
2026-08-12 11:22:59.290138,STN_001,5.72,7.57
2026-08-12 12:22:59.290138,STN_001,5.27,8.25
2026-08-12 13:22:59.290138,STN_001,7.08,7.6
2026-08-12 14:22:59.290138,STN_001,4.56,7.46
2026-08-12 15:22:59.290138,STN_001,10.43,7.35
2026-08-12 16:22:59.290138,STN_001,4.26,7.91
2026-08-12 17:22:59.290138,STN_001,21.29,8.05
2026-08-12 18:22:59.290138,STN_001,9.87,7.78
2026-08-12 19:22:59.290138,STN_001,4.84,7.92
2026-08-12 20:22:59.290138,STN_001,,7.18
2026-08-12 21:22:59.290138,STN_001,10.71,7.14
2026-08-12 22:22:59.290138,STN_001,8.96,7.93
2026-08-12 23:22:59.290138,STN_001,9.28,7.51
2026-08-13 00:22:59.290138,STN_001,9.96,7.73
2026-08-13 01:22:59.290138,STN_001,4.36,7.22
2026-08-13 02:22:59.290138,STN_001,5.83,7.91
2026-08-13 03:22:59.290138,STN_001,4.55,6.87
2026-08-13 04:22:59.290138,STN_001,12.01,6.98
2026-08-13 05:22:59.290138,STN_001,7.96,7.86
2026-08-13 06:22:59.290138,STN_001,5.66,6.66
2026-08-13 07:22:59.290138,STN_001,4.32,7.54
2026-08-13 08:22:59.290138,STN_001,5.55,7.39
2026-08-13 09:22:59.290138,STN_001,5.63,7.21
2026-08-13 10:22:59.290138,STN_001,9.29,7.36
2026-08-13 11:22:59.290138,STN_001,8.11,7.18
2026-08-13 12:22:59.290138,STN_001,12.78,7.96
2026-08-13 13:22:59.290138,STN_001,6.61,8.04
2026-08-13 14:22:59.290138,STN_001,4.56,7.29
2026-08-13 15:22:59.290138,STN_001,9.05,7.56
2026-08-13 16:22:59.290138,STN_001,9.78,7.13
2026-08-13 17:22:59.290138,STN_001,7.35,7.73
2026-08-13 18:22:59.290138,STN_001,9.95,7.73
2026-08-13 19:22:59.290138,STN_001,6.78,7.34
2026-08-13 20:22:59.290138,STN_001,7.01,7.46
2026-08-13 21:22:59.290138,STN_001,6.29,7.39
2026-08-13 22:22:59.290138,STN_001,4.26,6.91
2026-08-13 23:22:59.290138,STN_001,4.61,7.82
2026-08-14 00:22:59.290138,STN_001,4.29,7.08
2026-08-14 01:22:59.290138,STN_001,8.21,7.11
2026-08-14 02:22:59.290138,STN_001,5.67,7.29
2026-08-14 03:22:59.290138,STN_001,7.0,7.66
2026-08-14 04:22:59.290138,STN_001,13.68,7.2
2026-08-14 05:22:59.290138,STN_001,5.31,6.77
2026-08-14 06:22:59.290138,STN_001,6.27,7.09
2026-08-14 07:22:59.290138,STN_001,9.79,7.53
2026-08-14 08:22:59.290138,STN_001,5.2,8.06
2026-08-14 09:22:59.290138,STN_001,4.48,7.01
2026-08-14 10:22:59.290138,STN_001,5.53,6.97
2026-08-14 11:22:59.290138,STN_001,4.86,6.88
2026-08-14 12:22:59.290138,STN_001,14.78,6.86
2026-08-14 13:22:59.290138,STN_001,10.76,7.74
2026-08-14 14:22:59.290138,STN_001,8.17,7.86
2026-08-14 15:22:59.290138,STN_001,12.36,7.49
2026-08-14 16:22:59.290138,STN_001,10.67,7.31
2026-08-14 17:22:59.290138,STN_001,4.98,7.97
2026-08-14 18:22:59.290138,STN_001,13.08,7.51
2026-08-14 19:22:59.290138,STN_001,7.26,7.79
2026-08-14 20:22:59.290138,STN_001,10.75,7.33
2026-08-14 21:22:59.290138,STN_001,13.22,7.56
2026-08-14 22:22:59.290138,STN_001,5.79,7.21
2026-08-14 23:22:59.290138,STN_001,4.73,7.77
2026-08-15 00:22:59.290138,STN_001,5.3,7.64
2026-08-15 01:22:59.290138,STN_001,6.49,7.3
2026-08-15 02:22:59.290138,STN_001,11.08,7.35
2026-08-15 03:22:59.290138,STN_001,12.15,8.15
2026-08-15 04:22:59.290138,STN_001,4.29,8.17
2026-08-15 05:22:59.290138,STN_001,7.12,7.53
2026-08-15 06:22:59.290138,STN_001,6.42,7.62
2026-08-15 07:22:59.290138,STN_001,5.27,7.68
2026-08-15 08:22:59.290138,STN_001,4.77,7.6
2026-08-15 09:22:59.290138,STN_001,5.91,7.07
2026-08-15 10:22:59.290138,STN_001,15.71,7.78
2026-08-15 11:22:59.290138,STN_001,5.82,7.04
2026-08-15 12:22:59.290138,STN_001,28.43,7.56
2026-08-15 13:22:59.290138,STN_001,43.51,8.2
2026-08-15 14:22:59.290138,STN_001,6.07,8.21
2026-08-15 15:22:59.290138,STN_001,145.45,8.9
2026-08-15 16:22:59.290138,STN_001,17.39,9.06
2026-08-15 17:22:59.290138,STN_001,5.42,9.02
2026-08-15 18:22:59.290138,STN_001,7.01,9.12
2026-08-15 19:22:59.290138,STN_001,5.69,9.13
2026-08-15 20:22:59.290138,STN_001,5.6,
2026-08-15 21:22:59.290138,STN_001,4.41,8.86
2026-08-15 22:22:59.290138,STN_001,8.13,9.17
2026-08-15 23:22:59.290138,STN_001,7.16,9.23
2026-08-16 00:22:59.290138,STN_001,4.58,9.13
2026-08-16 01:22:59.290138,STN_001,5.67,8.99
2026-08-16 02:22:59.290138,STN_001,13.92,9.14
2026-08-16 03:22:59.290138,STN_001,5.46,9.26
2026-08-16 04:22:59.290138,STN_001,4.99,9.29
2026-08-16 05:22:59.290138,STN_001,7.05,9.58
2026-08-16 06:22:59.290138,STN_001,21.34,8.86
2026-08-16 07:22:59.290138,STN_001,5.47,9.03
2026-08-16 08:22:59.290138,STN_001,8.82,8.71
2026-08-16 09:22:59.290138,STN_001,10.1,
2026-08-16 10:22:59.290138,STN_001,5.45,9.05
2026-08-16 11:22:59.290138,STN_001,9.58,9.24
2026-08-16 12:22:59.290138,STN_001,6.2,8.81
2026-08-16 13:22:59.290138,STN_001,8.37,8.6
2026-08-16 14:22:59.290138,STN_001,8.38,9.09
2026-08-16 15:22:59.290138,STN_001,,7.78
2026-08-16 16:22:59.290138,STN_001,4.74,7.43
2026-08-16 17:22:59.290138,STN_001,11.58,7.75
2026-08-16 18:22:59.290138,STN_001,5.91,7.74
2026-08-16 19:22:59.290138,STN_001,5.19,7.38
2026-08-16 20:22:59.290138,STN_001,4.53,7.05
2026-08-16 21:22:59.290138,STN_001,7.94,7.25
2026-08-16 22:22:59.290138,STN_001,8.99,7.14
2026-08-16 23:22:59.290138,STN_001,4.53,7.87
2026-08-17 00:22:59.290138,STN_001,7.34,7.95
2026-08-17 01:22:59.290138,STN_001,5.49,8.02
2026-08-17 02:22:59.290138,STN_001,8.61,6.9
2026-08-17 03:22:59.290138,STN_001,5.23,7.82
2026-08-17 04:22:59.290138,STN_001,9.16,8.2
2026-08-17 05:22:59.290138,STN_001,6.42,7.86
2026-08-17 06:22:59.290138,STN_001,15.51,6.84
2026-08-17 07:22:59.290138,STN_001,5.06,8.01
2026-08-17 08:22:59.290138,STN_001,6.14,7.47
2026-08-17 09:22:59.290138,STN_001,4.95,7.34
2026-08-17 10:22:59.290138,STN_001,14.81,7.63
2026-08-17 11:22:59.290138,STN_001,12.86,7.2
2026-08-17 12:22:59.290138,STN_001,5.66,7.51
2026-08-17 13:22:59.290138,STN_001,8.78,8.0
2026-08-17 14:22:59.290138,STN_001,11.26,7.73
2026-08-17 15:22:59.290138,STN_001,7.71,7.56
2026-08-17 16:22:59.290138,STN_001,7.48,7.59
2026-08-17 17:22:59.290138,STN_001,5.57,7.16
2026-08-17 18:22:59.290138,STN_001,4.86,7.46
2026-08-17 19:22:59.290138,STN_001,13.57,7.09
2026-08-17 20:22:59.290138,STN_001,13.69,7.96
2026-08-17 21:22:59.290138,STN_001,8.48,7.0
2026-08-17 22:22:59.290138,STN_001,6.23,7.91
2026-08-17 23:22:59.290138,STN_001,6.29,7.96
2026-08-18 00:22:59.290138,STN_001,9.75,8.08
2026-08-18 01:22:59.290138,STN_001,13.67,7.78
2026-08-18 02:22:59.290138,STN_001,13.29,8.07
2026-08-18 03:22:59.290138,STN_001,10.62,7.79
2026-08-18 04:22:59.290138,STN_001,8.68,7.48
2026-08-18 05:22:59.290138,STN_001,4.92,8.28
2026-08-18 06:22:59.290138,STN_001,5.27,7.71
2026-08-18 07:22:59.290138,STN_001,13.72,7.39
2026-08-18 08:22:59.290138,STN_001,8.3,7.69
2026-08-18 09:22:59.290138,STN_001,4.61,7.7
2026-08-18 10:22:59.290138,STN_001,5.0,7.88
2026-08-18 11:22:59.290138,STN_001,8.93,8.41
2026-08-18 12:22:59.290138,STN_001,21.97,8.0
2026-08-18 13:22:59.290138,STN_001,5.27,7.88
2026-08-18 14:22:59.290138,STN_001,7.75,8.52
2026-08-18 15:22:59.290138,STN_001,9.28,8.09
2026-08-18 16:22:59.290138,STN_001,8.79,7.89
2026-08-18 17:22:59.290138,STN_001,5.58,7.67
2026-08-18 18:22:59.290138,STN_001,9.55,7.94
2026-08-18 19:22:59.290138,STN_001,5.65,7.76
2026-08-18 20:22:59.290138,STN_001,6.14,7.75
2026-08-18 21:22:59.290138,STN_001,10.06,8.13
2026-08-18 22:22:59.290138,STN_001,8.87,7.61
2026-08-18 23:22:59.290138,STN_001,12.24,7.98
2026-08-19 00:22:59.290138,STN_001,8.96,8.1
2026-08-19 01:22:59.290138,STN_001,8.03,7.57
2026-08-19 02:22:59.290138,STN_001,5.06,7.45
2026-08-19 03:22:59.290138,STN_001,6.5,7.62
2026-08-19 04:22:59.290138,STN_001,5.9,7.5
2026-08-19 05:22:59.290138,STN_001,5.79,8.0
2026-08-19 06:22:59.290138,STN_001,19.12,7.46
2026-08-19 07:22:59.290138,STN_001,6.67,7.73
2026-08-19 08:22:59.290138,STN_001,13.58,8.51
2026-08-19 09:22:59.290138,STN_001,8.66,7.91
2026-08-19 10:22:59.290138,STN_001,11.01,8.01
2026-08-19 11:22:59.290138,STN_001,7.46,8.17
2026-08-19 12:22:59.290138,STN_001,8.11,7.57
2026-08-19 13:22:59.290138,STN_001,7.38,7.4
2026-08-19 14:22:59.290138,STN_001,5.54,7.76
2026-08-19 15:22:59.290138,STN_001,9.8,7.79
2026-08-19 16:22:59.290138,STN_001,5.99,7.2
2026-08-19 17:22:59.290138,STN_001,4.77,7.79
2026-08-19 18:22:59.290138,STN_001,8.82,8.0
2026-08-19 19:22:59.290138,STN_001,5.45,7.4
2026-08-19 20:22:59.290138,STN_001,15.96,7.88
2026-08-19 21:22:59.290138,STN_001,16.98,8.08
2026-08-19 22:22:59.290138,STN_001,14.63,8.05
2026-08-19 23:22:59.290138,STN_001,6.62,8.03
2026-08-20 00:22:59.290138,STN_001,4.84,7.72
2026-08-20 01:22:59.290138,STN_001,15.32,7.52
2026-08-20 02:22:59.290138,STN_001,7.01,7.74
2026-08-20 03:22:59.290138,STN_001,18.38,7.8
2026-08-20 04:22:59.290138,STN_001,18.03,8.05
2026-08-20 05:22:59.290138,STN_001,12.44,8.46
2026-08-20 06:22:59.290138,STN_001,6.17,7.63
2026-08-20 07:22:59.290138,STN_001,6.72,8.06
2026-08-20 08:22:59.290138,STN_001,12.39,7.69
2026-08-20 09:22:59.290138,STN_001,6.3,7.77
2026-08-20 10:22:59.290138,STN_001,,8.11
2026-08-20 11:22:59.290138,STN_001,8.03,7.59
2026-08-20 12:22:59.290138,STN_001,15.78,8.23
2026-08-20 13:22:59.290138,STN_001,9.54,7.63
2026-08-20 14:22:59.290138,STN_001,8.15,8.25
2026-08-20 15:22:59.290138,STN_001,5.18,7.55
2026-08-20 16:22:59.290138,STN_001,8.59,7.85
2026-08-20 17:22:59.290138,STN_001,23.22,8.76
2026-08-20 18:22:59.290138,STN_001,5.38,8.67
2026-08-20 19:22:59.290138,STN_001,7.7,8.06
2026-08-20 20:22:59.290138,STN_001,13.17,8.27
2026-08-20 21:22:59.290138,STN_001,10.17,8.46
2026-08-20 22:22:59.290138,STN_001,9.65,8.28
2026-08-20 23:22:59.290138,STN_001,9.72,8.02
2026-08-21 00:22:59.290138,STN_001,6.66,7.89
2026-08-21 01:22:59.290138,STN_001,6.27,8.3
2026-08-21 02:22:59.290138,STN_001,11.5,8.42
2026-08-21 03:22:59.290138,STN_001,11.52,
2026-08-21 04:22:59.290138,STN_001,12.95,7.47
2026-08-21 05:22:59.290138,STN_001,14.65,7.62
2026-08-21 06:22:59.290138,STN_001,7.74,8.36
2026-08-21 07:22:59.290138,STN_001,7.66,7.55
2026-08-21 08:22:59.290138,STN_001,11.28,8.38
2026-08-21 09:22:59.290138,STN_001,9.07,7.97
2026-08-21 10:22:59.290138,STN_001,9.72,7.91
2026-08-21 11:22:59.290138,STN_001,11.23,
2026-08-21 12:22:59.290138,STN_001,13.7,7.67
2026-08-21 13:22:59.290138,STN_001,6.52,8.3
2026-08-21 14:22:59.290138,STN_001,,8.55
2026-08-21 15:22:59.290138,STN_001,5.27,8.3
2026-08-21 16:22:59.290138,STN_001,8.33,7.97
2026-08-21 17:22:59.290138,STN_001,5.02,7.43
2026-08-21 18:22:59.290138,STN_001,7.38,7.45
2026-08-21 19:22:59.290138,STN_001,8.0,7.51
2026-08-21 20:22:59.290138,STN_001,6.23,7.85
2026-08-21 21:22:59.290138,STN_001,8.45,7.87
2026-08-21 22:22:59.290138,STN_001,,8.07
2026-08-21 23:22:59.290138,STN_001,5.13,7.24
2026-08-22 00:22:59.290138,STN_001,11.89,8.21
2026-08-22 01:22:59.290138,STN_001,6.76,8.03
2026-08-22 02:22:59.290138,STN_001,5.52,7.67
2026-08-22 03:22:59.290138,STN_001,7.93,7.39
2026-08-22 04:22:59.290138,STN_001,10.85,8.1
2026-08-22 05:22:59.290138,STN_001,5.95,7.56
2026-08-22 06:22:59.290138,STN_001,8.88,7.66
2026-08-22 07:22:59.290138,STN_001,5.33,7.76
2026-08-22 08:22:59.290138,STN_001,5.19,7.32
2026-08-22 09:22:59.290138,STN_001,8.01,7.5
2026-08-22 10:22:59.290138,STN_001,8.09,7.83
2026-08-22 11:22:59.290138,STN_001,9.03,7.78
2026-08-22 12:22:59.290138,STN_001,10.16,7.75
2026-08-22 13:22:59.290138,STN_001,19.87,7.29
2026-08-22 14:22:59.290138,STN_001,7.88,7.57
2026-08-22 15:22:59.290138,STN_001,6.54,7.53
2026-08-22 16:22:59.290138,STN_001,11.32,7.81
2026-08-22 17:22:59.290138,STN_001,6.24,7.79
2026-08-22 18:22:59.290138,STN_001,7.29,7.73
2026-08-22 19:22:59.290138,STN_001,5.3,8.4
2026-08-22 20:22:59.290138,STN_001,5.08,7.57
2026-08-22 21:22:59.290138,STN_001,18.13,7.61
2026-08-22 22:22:59.290138,STN_001,12.31,7.47
2026-08-22 23:22:59.290138,STN_001,9.84,7.39
2026-08-23 00:22:59.290138,STN_001,7.18,7.45
2026-08-23 01:22:59.290138,STN_001,5.84,7.59
2026-08-23 02:22:59.290138,STN_001,5.76,8.2
2026-08-23 03:22:59.290138,STN_001,6.23,7.8
2026-08-23 04:22:59.290138,STN_001,8.26,7.83
2026-08-23 05:22:59.290138,STN_001,10.09,7.78
2026-08-23 06:22:59.290138,STN_001,9.39,7.92
2026-08-23 07:22:59.290138,STN_001,6.39,8.24
2026-08-23 08:22:59.290138,STN_001,17.47,7.32
2026-08-23 09:22:59.290138,STN_001,10.43,8.31
2026-08-23 10:22:59.290138,STN_001,8.31,7.19
2026-08-23 11:22:59.290138,STN_001,8.86,7.95
2026-08-23 12:22:59.290138,STN_001,7.25,8.58
2026-08-23 13:22:59.290138,STN_001,6.22,8.01
2026-08-23 14:22:59.290138,STN_001,6.84,7.91
2026-08-23 15:22:59.290138,STN_001,10.75,8.43
2026-08-23 16:22:59.290138,STN_001,5.13,7.57
2026-08-23 17:22:59.290138,STN_001,5.57,7.9
2026-08-23 18:22:59.290138,STN_001,5.27,7.93
2026-08-23 19:22:59.290138,STN_001,5.24,7.6
2026-08-23 20:22:59.290138,STN_001,12.81,7.69
2026-08-23 21:22:59.290138,STN_001,9.94,7.59
2026-08-23 22:22:59.290138,STN_001,7.75,7.76
2026-08-23 23:22:59.290138,STN_001,5.59,7.86
2026-08-24 00:22:59.290138,STN_001,34.48,7.96
2026-08-24 01:22:59.290138,STN_001,7.74,
2026-08-24 02:22:59.290138,STN_001,5.94,7.35
2026-08-24 03:22:59.290138,STN_001,7.45,7.89
2026-08-24 04:22:59.290138,STN_001,7.21,7.63
2026-08-24 05:22:59.290138,STN_001,9.0,8.02
2026-08-24 06:22:59.290138,STN_001,9.21,8.02
2026-08-24 07:22:59.290138,STN_001,5.36,7.89
2026-08-24 08:22:59.290138,STN_001,7.05,7.99
2026-08-24 09:22:59.290138,STN_001,9.11,8.12
2026-08-24 10:22:59.290138,STN_001,7.98,7.8
2026-08-24 11:22:59.290138,STN_001,12.94,7.54
2026-08-24 12:22:59.290138,STN_001,9.48,7.4
2026-08-24 13:22:59.290138,STN_001,5.89,7.88
2026-08-24 14:22:59.290138,STN_001,5.47,7.93
2026-08-24 15:22:59.290138,STN_001,9.29,7.56
2026-08-24 16:22:59.290138,STN_001,5.28,8.07
2026-08-24 17:22:59.290138,STN_001,8.7,7.74
2026-08-24 18:22:59.290138,STN_001,16.45,7.47
2026-08-24 19:22:59.290138,STN_001,8.6,8.37
2026-08-24 20:22:59.290138,STN_001,7.14,8.29
2026-08-24 21:22:59.290138,STN_001,9.3,7.34
2026-08-24 22:22:59.290138,STN_001,7.73,7.79
2026-08-24 23:22:59.290138,STN_001,8.43,7.8
2026-08-25 00:22:59.290138,STN_001,16.63,8.33
2026-08-25 01:22:59.290138,STN_001,7.23,7.8
2026-08-25 02:22:59.290138,STN_001,18.27,7.49
2026-08-25 03:22:59.290138,STN_001,14.71,8.26
2026-08-25 04:22:59.290138,STN_001,6.15,7.62
2026-08-25 05:22:59.290138,STN_001,5.57,7.88
2026-08-25 06:22:59.290138,STN_001,5.7,7.7
2026-08-25 07:22:59.290138,STN_001,5.35,7.76
2026-08-25 08:22:59.290138,STN_001,5.67,8.2
2026-08-25 09:22:59.290138,STN_001,9.87,8.38
2026-08-25 10:22:59.290138,STN_001,5.57,7.52
2026-08-25 11:22:59.290138,STN_001,6.81,8.04
2026-08-25 12:22:59.290138,STN_001,12.73,7.66
2026-08-25 13:22:59.290138,STN_001,5.37,7.66
2026-08-25 14:22:59.290138,STN_001,66.59,8.53
2026-08-25 15:22:59.290138,STN_001,6.6,8.05
2026-08-25 16:22:59.290138,STN_001,5.78,8.51
2026-08-25 17:22:59.290138,STN_001,10.05,8.6
2026-08-25 18:22:59.290138,STN_001,9.24,8.19
2026-08-25 19:22:59.290138,STN_001,13.68,8.76
2026-08-25 20:22:59.290138,STN_001,31.4,8.18
2026-08-25 21:22:59.290138,STN_001,11.79,8.99
2026-08-25 22:22:59.290138,STN_001,6.7,8.01
2026-08-25 23:22:59.290138,STN_001,6.16,9.38
2026-08-26 00:22:59.290138,STN_001,10.93,8.4
2026-08-26 01:22:59.290138,STN_001,11.95,8.21
2026-08-26 02:22:59.290138,STN_001,24.01,8.54
2026-08-26 03:22:59.290138,STN_001,7.51,8.24
2026-08-26 04:22:59.290138,STN_001,7.24,8.68
2026-08-26 05:22:59.290138,STN_001,11.37,
2026-08-26 06:22:59.290138,STN_001,7.04,8.32
2026-08-26 07:22:59.290138,STN_001,16.06,8.88
2026-08-26 08:22:59.290138,STN_001,104.33,9.07
2026-08-26 09:22:59.290138,STN_001,7.62,9.82
2026-08-26 10:22:59.290138,STN_001,10.94,9.68
2026-08-26 11:22:59.290138,STN_001,11.0,9.91
2026-08-26 12:22:59.290138,STN_001,5.81,9.5
2026-08-26 13:22:59.290138,STN_001,14.69,9.48
2026-08-26 14:22:59.290138,STN_001,8.19,9.37
2026-08-26 15:22:59.290138,STN_001,12.38,8.78
2026-08-26 16:22:59.290138,STN_001,6.92,8.66
2026-08-26 17:22:59.290138,STN_001,14.41,9.22
2026-08-26 18:22:59.290138,STN_001,7.35,9.09
2026-08-26 19:22:59.290138,STN_001,5.42,9.3
2026-08-26 20:22:59.290138,STN_001,14.81,9.32
2026-08-26 21:22:59.290138,STN_001,5.76,9.11
2026-08-26 22:22:59.290138,STN_001,7.01,9.27
2026-08-26 23:22:59.290138,STN_001,17.46,9.16
2026-08-27 00:22:59.290138,STN_001,17.51,9.26
2026-08-27 01:22:59.290138,STN_001,8.88,9.05
2026-08-27 02:22:59.290138,STN_001,,9.11
2026-08-27 03:22:59.290138,STN_001,36.14,9.26
2026-08-27 04:22:59.290138,STN_001,6.86,9.3
2026-08-27 05:22:59.290138,STN_001,7.07,9.12
2026-08-27 06:22:59.290138,STN_001,9.94,9.43
2026-08-27 07:22:59.290138,STN_001,11.06,8.94
2026-08-27 08:22:59.290138,STN_001,11.75,8.37
2026-08-27 09:22:59.290138,STN_001,11.71,8.81
2026-08-27 10:22:59.290138,STN_001,5.86,8.09
2026-08-27 11:22:59.290138,STN_001,8.2,7.7
2026-08-27 12:22:59.290138,STN_001,36.17,8.71
2026-08-27 13:22:59.290138,STN_001,8.67,8.47
2026-08-27 14:22:59.290138,STN_001,7.81,8.85
2026-08-27 15:22:59.290138,STN_001,14.22,8.52
2026-08-27 16:22:59.290138,STN_001,7.21,8.38
2026-08-27 17:22:59.290138,STN_001,5.97,8.47
2026-08-27 18:22:59.290138,STN_001,6.09,8.81
2026-08-27 19:22:59.290138,STN_001,11.21,8.7
2026-08-27 20:22:59.290138,STN_001,9.33,7.76
2026-08-27 21:22:59.290138,STN_001,5.9,8.54
2026-08-27 22:22:59.290138,STN_001,5.93,8.56
2026-08-27 23:22:59.290138,STN_001,10.4,8.43
2026-08-28 00:22:59.290138,STN_001,5.88,8.15
2026-08-28 01:22:59.290138,STN_001,12.48,8.73
2026-08-28 02:22:59.290138,STN_001,10.47,8.75
2026-08-28 03:22:59.290138,STN_001,5.91,7.46
2026-08-28 04:22:59.290138,STN_001,5.93,7.88
2026-08-28 05:22:59.290138,STN_001,22.84,8.2
2026-08-28 06:22:59.290138,STN_001,7.45,8.51
2026-08-28 07:22:59.290138,STN_001,7.43,
2026-08-28 08:22:59.290138,STN_001,12.28,8.0
2026-08-28 09:22:59.290138,STN_001,17.34,8.46
2026-08-28 10:22:59.290138,STN_001,22.65,8.33
2026-08-28 11:22:59.290138,STN_001,11.17,8.38
2026-08-28 12:22:59.290138,STN_001,7.46,8.17
2026-08-28 13:22:59.290138,STN_001,5.92,8.32
2026-08-28 14:22:59.290138,STN_001,33.55,8.27
2026-08-28 15:22:59.290138,STN_001,8.84,8.53
2026-08-28 16:22:59.290138,STN_001,7.78,8.3
2026-08-28 17:22:59.290138,STN_001,15.05,8.08
2026-08-28 18:22:59.290138,STN_001,6.05,8.39
2026-08-28 19:22:59.290138,STN_001,8.29,8.07
2026-08-28 20:22:59.290138,STN_001,5.62,8.36
2026-08-28 21:22:59.290138,STN_001,8.1,8.61
2026-08-28 22:22:59.290138,STN_001,5.9,8.06
2026-08-28 23:22:59.290138,STN_001,6.18,8.45
2026-08-29 00:22:59.290138,STN_001,6.17,8.1
2026-08-29 01:22:59.290138,STN_001,9.86,8.39
2026-08-29 02:22:59.290138,STN_001,11.16,8.59
2026-08-29 03:22:59.290138,STN_001,9.18,7.72
2026-08-29 04:22:59.290138,STN_001,18.77,8.13
2026-08-29 05:22:59.290138,STN_001,7.55,8.23
2026-08-29 06:22:59.290138,STN_001,7.02,8.43
2026-08-29 07:22:59.290138,STN_001,13.79,
2026-08-29 08:22:59.290138,STN_001,6.69,8.33
2026-08-29 09:22:59.290138,STN_001,18.88,8.97
2026-08-29 10:22:59.290138,STN_001,5.72,7.85
2026-08-29 11:22:59.290138,STN_001,,8.62
2026-08-29 12:22:59.290138,STN_001,5.85,8.17
2026-08-29 13:22:59.290138,STN_001,14.54,8.51
2026-08-29 14:22:59.290138,STN_001,8.67,8.77
2026-08-29 15:22:59.290138,STN_001,25.5,8.48
2026-08-29 16:22:59.290138,STN_001,5.98,8.37
2026-08-29 17:22:59.290138,STN_001,8.9,8.69
2026-08-29 18:22:59.290138,STN_001,19.61,8.66
2026-08-29 19:22:59.290138,STN_001,8.63,8.08
2026-08-29 20:22:59.290138,STN_001,9.64,8.45
2026-08-29 21:22:59.290138,STN_001,10.43,7.86
2026-08-29 22:22:59.290138,STN_001,8.2,8.25
2026-08-29 23:22:59.290138,STN_001,9.72,8.54
2026-08-30 00:22:59.290138,STN_001,9.28,8.29
2026-08-30 01:22:59.290138,STN_001,15.03,8.59
2026-08-30 02:22:59.290138,STN_001,5.96,8.46
2026-08-30 03:22:59.290138,STN_001,7.09,8.61
2026-08-30 04:22:59.290138,STN_001,17.79,8.31
2026-08-30 05:22:59.290138,STN_001,14.61,8.22
2026-08-30 06:22:59.290138,STN_001,8.2,8.95
2026-08-30 07:22:59.290138,STN_001,9.64,8.33
2026-08-30 08:22:59.290138,STN_001,7.07,8.68
2026-08-30 09:22:59.290138,STN_001,6.6,8.81
2026-08-30 10:22:59.290138,STN_001,8.26,8.45
2026-08-30 11:22:59.290138,STN_001,,8.04
2026-08-30 12:22:59.290138,STN_001,9.28,8.27
2026-08-30 13:22:59.290138,STN_001,6.09,8.56
2026-08-30 14:22:59.290138,STN_001,20.43,8.41
2026-08-30 15:22:59.290138,STN_001,22.91,7.97
2026-08-30 16:22:59.290138,STN_001,10.56,8.55
2026-08-30 17:22:59.290138,STN_001,8.84,8.6
2026-08-30 18:22:59.290138,STN_001,7.25,8.16
2026-08-30 19:22:59.290138,STN_001,12.49,8.48
2026-08-30 20:22:59.290138,STN_001,10.39,8.38
2026-08-30 21:22:59.290138,STN_001,6.48,8.21
2026-08-30 22:22:59.290138,STN_001,15.54,7.96
2026-08-30 23:22:59.290138,STN_001,12.78,8.7
2026-08-31 00:22:59.290138,STN_001,17.83,8.67
2026-08-31 01:22:59.290138,STN_001,11.04,8.59
2026-08-31 02:22:59.290138,STN_001,9.67,8.91
2026-08-31 03:22:59.290138,STN_001,8.03,8.73
2026-08-31 04:22:59.290138,STN_001,16.66,8.65
2026-08-31 05:22:59.290138,STN_001,13.91,7.77
2026-08-31 06:22:59.290138,STN_001,6.05,8.78
2026-08-31 07:22:59.290138,STN_001,5.97,8.41
2026-08-31 08:22:59.290138,STN_001,7.76,8.49
2026-08-31 09:22:59.290138,STN_001,12.52,8.54
2026-08-31 10:22:59.290138,STN_001,23.32,8.8
2026-08-31 11:22:59.290138,STN_001,6.52,8.9
2026-08-31 12:22:59.290138,STN_001,9.47,8.75
2026-08-31 13:22:59.290138,STN_001,7.79,8.72
2026-08-31 14:22:59.290138,STN_001,19.88,8.64
2026-08-31 15:22:59.290138,STN_001,13.25,7.48
2026-08-31 16:22:59.290138,STN_001,40.95,8.66
2026-08-31 17:22:59.290138,STN_001,8.4,8.46
2026-08-31 18:22:59.290138,STN_001,8.01,9.11
2026-08-31 19:22:59.290138,STN_001,7.15,8.89
2026-08-31 20:22:59.290138,STN_001,6.1,8.53
2026-08-31 21:22:59.290138,STN_001,13.87,8.62
2026-08-31 22:22:59.290138,STN_001,12.67,8.6
2026-08-31 23:22:59.290138,STN_001,38.65,8.81
2026-09-01 00:22:59.290138,STN_001,28.74,8.59
2026-09-01 01:22:59.290138,STN_001,56.0,8.9
2026-09-01 02:22:59.290138,STN_001,11.82,9.43
2026-09-01 03:22:59.290138,STN_001,17.55,9.82
2026-09-01 04:22:59.290138,STN_001,13.54,9.31
2026-09-01 05:22:59.290138,STN_001,7.1,9.51
2026-09-01 06:22:59.290138,STN_001,8.36,9.65
2026-09-01 07:22:59.290138,STN_001,6.52,9.14
2026-09-01 08:22:59.290138,STN_001,18.28,9.52
2026-09-01 09:22:59.290138,STN_001,9.69,9.3
2026-09-01 10:22:59.290138,STN_001,7.0,9.85
2026-09-01 11:22:59.290138,STN_001,10.42,9.87
2026-09-01 12:22:59.290138,STN_001,9.81,9.1
2026-09-01 13:22:59.290138,STN_001,7.74,9.52
2026-09-01 14:22:59.290138,STN_001,6.45,9.61
2026-09-01 15:22:59.290138,STN_001,10.42,9.52
2026-09-01 16:22:59.290138,STN_001,8.9,9.02
2026-09-01 17:22:59.290138,STN_001,11.88,9.42
2026-09-01 18:22:59.290138,STN_001,31.02,8.95
2026-09-01 19:22:59.290138,STN_001,13.61,9.18
2026-09-01 20:22:59.290138,STN_001,54.52,9.41
2026-09-01 21:22:59.290138,STN_001,9.26,9.87
2026-09-01 22:22:59.290138,STN_001,14.43,9.49
2026-09-01 23:22:59.290138,STN_001,8.13,9.36
2026-09-02 00:22:59.290138,STN_001,6.63,9.42
2026-09-02 01:22:59.290138,STN_001,6.18,9.02
2026-09-02 02:22:59.290138,STN_001,11.69,8.54
2026-09-02 03:22:59.290138,STN_001,9.93,9.07
2026-09-02 04:22:59.290138,STN_001,10.93,8.87
2026-09-02 05:22:59.290138,STN_001,7.02,8.4
2026-09-02 06:22:59.290138,STN_001,6.65,8.32
2026-09-02 07:22:59.290138,STN_001,6.12,8.71
2026-09-02 08:22:59.290138,STN_001,7.79,8.88
2026-09-02 09:22:59.290138,STN_001,9.62,8.88
2026-09-02 10:22:59.290138,STN_001,8.05,8.74
2026-09-02 11:22:59.290138,STN_001,8.36,8.63
2026-09-02 12:22:59.290138,STN_001,15.44,8.81
2026-09-02 13:22:59.290138,STN_001,7.77,8.4
2026-09-02 14:22:59.290138,STN_001,8.95,9.19
2026-09-02 15:22:59.290138,STN_001,12.18,9.2
2026-09-02 16:22:59.290138,STN_001,8.08,8.82
2026-09-02 17:22:59.290138,STN_001,9.95,8.73
2026-09-02 18:22:59.290138,STN_001,13.99,8.41
2026-09-02 19:22:59.290138,STN_001,18.0,8.73
2026-09-02 20:22:59.290138,STN_001,6.7,7.96
2026-09-02 21:22:59.290138,STN_001,16.51,7.56
2026-09-02 22:22:59.290138,STN_001,8.86,7.39
2026-09-02 23:22:59.290138,STN_001,7.35,7.95
2026-09-03 00:22:59.290138,STN_001,8.61,8.26
2026-09-03 01:22:59.290138,STN_001,21.81,8.44
2026-09-03 02:22:59.290138,STN_001,17.8,8.24
2026-09-03 03:22:59.290138,STN_001,,8.42
2026-09-03 04:22:59.290138,STN_001,10.17,8.28
2026-09-03 05:22:59.290138,STN_001,7.25,8.07
2026-09-03 06:22:59.290138,STN_001,38.23,8.62
2026-09-03 07:22:59.290138,STN_001,6.71,8.88
2026-09-03 08:22:59.290138,STN_001,6.7,8.34
2026-09-03 09:22:59.290138,STN_001,6.81,8.32
2026-09-03 10:22:59.290138,STN_001,6.75,8.27
2026-09-03 11:22:59.290138,STN_001,10.25,8.03
2026-09-03 12:22:59.290138,STN_001,6.96,8.39
2026-09-03 13:22:59.290138,STN_001,7.85,8.75
2026-09-03 14:22:59.290138,STN_001,15.24,8.64
2026-09-03 15:22:59.290138,STN_001,8.72,8.51
2026-09-03 16:22:59.290138,STN_001,10.56,8.62
2026-09-03 17:22:59.290138,STN_001,6.91,8.41
2026-09-03 18:22:59.290138,STN_001,7.01,7.92
2026-09-03 19:22:59.290138,STN_001,6.32,8.64
2026-09-03 20:22:59.290138,STN_001,6.89,8.73
2026-09-03 21:22:59.290138,STN_001,7.46,8.11
2026-09-03 22:22:59.290138,STN_001,7.03,8.28
2026-09-03 23:22:59.290138,STN_001,6.62,8.25
2026-09-04 00:22:59.290138,STN_001,6.76,8.41
2026-09-04 01:22:59.290138,STN_001,8.72,8.71
2026-09-04 02:22:59.290138,STN_001,7.17,8.46
2026-09-04 03:22:59.290138,STN_001,8.06,8.0
2026-09-04 04:22:59.290138,STN_001,9.05,8.27
2026-09-04 05:22:59.290138,STN_001,10.94,8.51
2026-09-04 06:22:59.290138,STN_001,,7.99
2026-09-04 07:22:59.290138,STN_001,12.67,7.92
2026-09-04 08:22:59.290138,STN_001,10.2,8.08
2026-09-04 09:22:59.290138,STN_001,6.59,7.73
2026-09-04 10:22:59.290138,STN_001,14.52,7.84
2026-09-04 11:22:59.290138,STN_001,16.4,7.74
2026-09-04 12:22:59.290138,STN_001,6.5,8.15
2026-09-04 13:22:59.290138,STN_001,7.55,8.02
2026-09-04 14:22:59.290138,STN_001,12.81,7.79
2026-09-04 15:22:59.290138,STN_001,11.77,8.01
2026-09-04 16:22:59.290138,STN_001,7.06,8.17
2026-09-04 17:22:59.290138,STN_001,7.19,8.61
2026-09-04 18:22:59.290138,STN_001,8.1,8.35
2026-09-04 19:22:59.290138,STN_001,8.9,7.38
2026-09-04 20:22:59.290138,STN_001,10.1,8.16
2026-09-04 21:22:59.290138,STN_001,8.09,8.52
2026-09-04 22:22:59.290138,STN_001,8.83,7.73
2026-09-04 23:22:59.290138,STN_001,11.85,8.34
2026-09-05 00:22:59.290138,STN_001,6.49,8.1
2026-09-05 01:22:59.290138,STN_001,7.51,8.5
2026-09-05 02:22:59.290138,STN_001,11.34,8.31
2026-09-05 03:22:59.290138,STN_001,15.37,7.99
2026-09-05 04:22:59.290138,STN_001,9.21,8.19
2026-09-05 05:22:59.290138,STN_001,9.38,8.2
2026-09-05 06:22:59.290138,STN_001,6.8,8.21
2026-09-05 07:22:59.290138,STN_001,8.71,8.55
2026-09-05 08:22:59.290138,STN_001,9.38,7.95
2026-09-05 09:22:59.290138,STN_001,7.45,8.51
2026-09-05 10:22:59.290138,STN_001,7.6,8.06
2026-09-05 11:22:59.290138,STN_001,8.24,8.15
2026-09-05 12:22:59.290138,STN_001,6.42,8.11
2026-09-05 13:22:59.290138,STN_001,7.9,8.08
2026-09-05 14:22:59.290138,STN_001,7.29,8.04
2026-09-05 15:22:59.290138,STN_001,7.93,8.45
2026-09-05 16:22:59.290138,STN_001,6.85,8.26
2026-09-05 17:22:59.290138,STN_001,15.19,7.97
2026-09-05 18:22:59.290138,STN_001,9.94,8.57
2026-09-05 19:22:59.290138,STN_001,10.89,8.19
2026-09-05 20:22:59.290138,STN_001,12.57,8.24
2026-09-05 21:22:59.290138,STN_001,9.1,7.89
2026-09-05 22:22:59.290138,STN_001,6.8,7.99
2026-09-05 23:22:59.290138,STN_001,9.52,7.91
2026-09-06 00:22:59.290138,STN_001,9.97,8.17
2026-09-06 01:22:59.290138,STN_001,11.91,8.37
2026-09-06 02:22:59.290138,STN_001,8.69,8.27
2026-09-06 03:22:59.290138,STN_001,6.98,8.57
2026-09-06 04:22:59.290138,STN_001,7.77,7.81
2026-09-06 05:22:59.290138,STN_001,8.24,8.1
2026-09-06 06:22:59.290138,STN_001,10.59,7.71
2026-09-06 07:22:59.290138,STN_001,9.82,7.83
2026-09-06 08:22:59.290138,STN_001,8.2,8.48
2026-09-06 09:22:59.290138,STN_001,133.53,9.01
2026-09-06 10:22:59.290138,STN_001,34.06,9.13
2026-09-06 11:22:59.290138,STN_001,7.52,8.73
2026-09-06 12:22:59.290138,STN_001,6.86,9.12
2026-09-06 13:22:59.290138,STN_001,7.1,9.3
2026-09-06 14:22:59.290138,STN_001,7.56,8.96
2026-09-06 15:22:59.290138,STN_001,7.14,9.28
2026-09-06 16:22:59.290138,STN_001,7.26,9.74
2026-09-06 17:22:59.290138,STN_001,7.78,9.09
2026-09-06 18:22:59.290138,STN_001,7.2,8.99
2026-09-06 19:22:59.290138,STN_001,15.52,8.98
2026-09-06 20:22:59.290138,STN_001,6.77,8.92
2026-09-06 21:22:59.290138,STN_001,9.41,9.43
2026-09-06 22:22:59.290138,STN_001,8.64,9.31
2026-09-06 23:22:59.290138,STN_001,22.68,9.7
2026-09-07 00:22:59.290138,STN_001,7.0,9.99
2026-09-07 01:22:59.290138,STN_001,8.56,8.81
2026-09-07 02:22:59.290138,STN_001,20.48,9.57
2026-09-07 03:22:59.290138,STN_001,14.55,9.18
2026-09-07 04:22:59.290138,STN_001,13.32,9.8
2026-09-07 05:22:59.290138,STN_001,7.72,9.48
2026-09-07 06:22:59.290138,STN_001,7.28,9.54
2026-09-07 07:22:59.290138,STN_001,10.94,9.16
2026-09-07 08:22:59.290138,STN_001,17.13,9.49
2026-09-07 09:22:59.290138,STN_001,9.78,8.61
2026-09-07 10:22:59.290138,STN_001,9.92,8.79
2026-09-07 11:22:59.290138,STN_001,7.84,8.15
2026-09-07 12:22:59.290138,STN_001,,8.27
2026-09-07 13:22:59.290138,STN_001,41.11,9.0
2026-09-07 14:22:59.290138,STN_001,8.09,8.46
2026-09-07 15:22:59.290138,STN_001,8.74,9.08
2026-09-07 16:22:59.290138,STN_001,9.36,8.75
2026-09-07 17:22:59.290138,STN_001,7.64,8.84
2026-09-07 18:22:59.290138,STN_001,7.01,8.86
2026-09-07 19:22:59.290138,STN_001,10.3,8.52
2026-09-07 20:22:59.290138,STN_001,7.89,8.83
2026-09-07 21:22:59.290138,STN_001,10.01,8.49
2026-09-07 22:22:59.290138,STN_001,7.29,8.57
2026-09-07 23:22:59.290138,STN_001,9.24,8.78
2026-09-08 00:22:59.290138,STN_001,9.66,8.72
2026-09-08 01:22:59.290138,STN_001,6.83,8.6
2026-09-08 02:22:59.290138,STN_001,8.26,8.14
2026-09-08 03:22:59.290138,STN_001,7.2,8.15
2026-09-08 04:22:59.290138,STN_001,6.88,8.48
2026-09-08 05:22:59.290138,STN_001,25.02,8.77
2026-09-08 06:22:59.290138,STN_001,8.17,8.22
2026-09-08 07:22:59.290138,STN_001,13.26,8.32
2026-09-08 08:22:59.290138,STN_001,7.79,8.54
2026-09-08 09:22:59.290138,STN_001,11.19,8.54
2026-09-08 10:22:59.290138,STN_001,12.33,8.04
2026-09-08 11:22:59.290138,STN_001,10.24,8.6
2026-09-08 12:22:59.290138,STN_001,9.17,8.34
2026-09-08 13:22:59.290138,STN_001,8.74,8.74
2026-09-08 14:22:59.290138,STN_001,8.33,8.33
2026-09-08 15:22:59.290138,STN_001,17.23,8.45
2026-09-08 16:22:59.290138,STN_001,13.72,8.49
2026-09-08 17:22:59.290138,STN_001,20.03,8.1
2026-09-08 18:22:59.290138,STN_001,7.15,9.05
2026-09-08 19:22:59.290138,STN_001,11.87,7.99
2026-09-08 20:22:59.290138,STN_001,17.76,8.8
2026-09-08 21:22:59.290138,STN_001,,8.72
2026-08-09 22:22:59.290138,STN_002,8.56,
2026-08-09 23:22:59.290138,STN_002,13.81,
2026-08-10 00:22:59.290138,STN_002,8.89,
2026-08-10 01:22:59.290138,STN_002,,
2026-08-10 02:22:59.290138,STN_002,8.45,
2026-08-10 03:22:59.290138,STN_002,13.02,
2026-08-10 04:22:59.290138,STN_002,9.17,
2026-08-10 05:22:59.290138,STN_002,12.7,
2026-08-10 06:22:59.290138,STN_002,27.62,
2026-08-10 07:22:59.290138,STN_002,8.74,
2026-08-10 08:22:59.290138,STN_002,8.76,
2026-08-10 09:22:59.290138,STN_002,10.1,
2026-08-10 10:22:59.290138,STN_002,16.49,
2026-08-10 11:22:59.290138,STN_002,73.42,
2026-08-10 12:22:59.290138,STN_002,10.22,
2026-08-10 13:22:59.290138,STN_002,8.72,
2026-08-10 14:22:59.290138,STN_002,14.2,
2026-08-10 15:22:59.290138,STN_002,10.54,
2026-08-10 16:22:59.290138,STN_002,14.13,
2026-08-10 17:22:59.290138,STN_002,17.79,
2026-08-10 18:22:59.290138,STN_002,9.5,
2026-08-10 19:22:59.290138,STN_002,15.03,
2026-08-10 20:22:59.290138,STN_002,8.68,
2026-08-10 21:22:59.290138,STN_002,17.6,7.07
2026-08-10 22:22:59.290138,STN_002,12.75,7.87
2026-08-10 23:22:59.290138,STN_002,16.83,7.55
2026-08-11 00:22:59.290138,STN_002,8.54,7.76
2026-08-11 01:22:59.290138,STN_002,9.28,7.53
2026-08-11 02:22:59.290138,STN_002,10.52,7.76
2026-08-11 03:22:59.290138,STN_002,10.45,7.54
2026-08-11 04:22:59.290138,STN_002,9.57,7.41
2026-08-11 05:22:59.290138,STN_002,10.46,7.84
2026-08-11 06:22:59.290138,STN_002,9.09,7.43
2026-08-11 07:22:59.290138,STN_002,74.26,8.11
2026-08-11 08:22:59.290138,STN_002,15.03,8.02
2026-08-11 09:22:59.290138,STN_002,11.15,7.83
2026-08-11 10:22:59.290138,STN_002,8.61,8.4
2026-08-11 11:22:59.290138,STN_002,10.73,7.5
2026-08-11 12:22:59.290138,STN_002,8.65,7.27
2026-08-11 13:22:59.290138,STN_002,22.09,7.87
2026-08-11 14:22:59.290138,STN_002,9.09,7.05
2026-08-11 15:22:59.290138,STN_002,13.46,8.14
2026-08-11 16:22:59.290138,STN_002,22.96,7.49
2026-08-11 17:22:59.290138,STN_002,15.54,7.14
2026-08-11 18:22:59.290138,STN_002,13.35,8.13
2026-08-11 19:22:59.290138,STN_002,15.86,7.43
2026-08-11 20:22:59.290138,STN_002,24.57,7.77
2026-08-11 21:22:59.290138,STN_002,12.43,7.87
2026-08-11 22:22:59.290138,STN_002,11.92,8.02
2026-08-11 23:22:59.290138,STN_002,12.6,7.72
2026-08-12 00:22:59.290138,STN_002,11.69,7.46
2026-08-12 01:22:59.290138,STN_002,12.68,7.75
2026-08-12 02:22:59.290138,STN_002,11.03,7.56
2026-08-12 03:22:59.290138,STN_002,9.63,7.75
2026-08-12 04:22:59.290138,STN_002,9.16,8.17
2026-08-12 05:22:59.290138,STN_002,8.93,7.89
2026-08-12 06:22:59.290138,STN_002,9.87,7.73
2026-08-12 07:22:59.290138,STN_002,8.83,7.35
2026-08-12 08:22:59.290138,STN_002,11.99,7.34
2026-08-12 09:22:59.290138,STN_002,9.98,6.77
2026-08-12 10:22:59.290138,STN_002,15.61,7.16
2026-08-12 11:22:59.290138,STN_002,8.95,7.9
2026-08-12 12:22:59.290138,STN_002,9.67,7.51
2026-08-12 13:22:59.290138,STN_002,13.88,6.92
2026-08-12 14:22:59.290138,STN_002,12.3,6.92
2026-08-12 15:22:59.290138,STN_002,,6.87
2026-08-12 16:22:59.290138,STN_002,17.03,7.27
2026-08-12 17:22:59.290138,STN_002,17.03,7.51
2026-08-12 18:22:59.290138,STN_002,10.25,7.17
2026-08-12 19:22:59.290138,STN_002,10.31,7.0
2026-08-12 20:22:59.290138,STN_002,26.69,6.84
2026-08-12 21:22:59.290138,STN_002,12.58,7.07
2026-08-12 22:22:59.290138,STN_002,11.78,6.74
2026-08-12 23:22:59.290138,STN_002,16.03,6.44
2026-08-13 00:22:59.290138,STN_002,10.09,7.49
2026-08-13 01:22:59.290138,STN_002,10.99,6.69
2026-08-13 02:22:59.290138,STN_002,9.99,6.88
2026-08-13 03:22:59.290138,STN_002,14.97,7.22
2026-08-13 04:22:59.290138,STN_002,12.15,7.48
2026-08-13 05:22:59.290138,STN_002,13.05,7.16
2026-08-13 06:22:59.290138,STN_002,9.91,6.73
2026-08-13 07:22:59.290138,STN_002,9.74,7.0
2026-08-13 08:22:59.290138,STN_002,11.43,6.88
2026-08-13 09:22:59.290138,STN_002,14.1,7.11
2026-08-13 10:22:59.290138,STN_002,11.73,7.46
2026-08-13 11:22:59.290138,STN_002,8.88,6.33
2026-08-13 12:22:59.290138,STN_002,16.86,7.03
2026-08-13 13:22:59.290138,STN_002,9.01,
2026-08-13 14:22:59.290138,STN_002,21.23,6.81
2026-08-13 15:22:59.290138,STN_002,8.85,7.36
2026-08-13 16:22:59.290138,STN_002,13.49,6.73
2026-08-13 17:22:59.290138,STN_002,9.09,6.7
2026-08-13 18:22:59.290138,STN_002,18.41,7.41
2026-08-13 19:22:59.290138,STN_002,11.24,7.61
2026-08-13 20:22:59.290138,STN_002,9.34,7.0
2026-08-13 21:22:59.290138,STN_002,10.41,6.64
2026-08-13 22:22:59.290138,STN_002,9.57,6.79
2026-08-13 23:22:59.290138,STN_002,9.6,7.25
2026-08-14 00:22:59.290138,STN_002,20.68,7.07
2026-08-14 01:22:59.290138,STN_002,11.21,7.01
2026-08-14 02:22:59.290138,STN_002,15.07,7.17
2026-08-14 03:22:59.290138,STN_002,12.93,7.05
2026-08-14 04:22:59.290138,STN_002,13.36,7.53
2026-08-14 05:22:59.290138,STN_002,9.42,6.82
2026-08-14 06:22:59.290138,STN_002,9.92,6.78
2026-08-14 07:22:59.290138,STN_002,15.03,6.67
2026-08-14 08:22:59.290138,STN_002,22.98,7.02
2026-08-14 09:22:59.290138,STN_002,10.07,6.82
2026-08-14 10:22:59.290138,STN_002,10.12,7.2
2026-08-14 11:22:59.290138,STN_002,11.41,7.16
2026-08-14 12:22:59.290138,STN_002,25.35,6.9
2026-08-14 13:22:59.290138,STN_002,10.1,7.41
2026-08-14 14:22:59.290138,STN_002,10.94,7.6
2026-08-14 15:22:59.290138,STN_002,17.73,7.33
2026-08-14 16:22:59.290138,STN_002,8.86,6.42
2026-08-14 17:22:59.290138,STN_002,9.01,7.78
2026-08-14 18:22:59.290138,STN_002,12.56,7.36
2026-08-14 19:22:59.290138,STN_002,18.37,7.78
2026-08-14 20:22:59.290138,STN_002,9.94,7.53
2026-08-14 21:22:59.290138,STN_002,11.39,7.6
2026-08-14 22:22:59.290138,STN_002,11.35,7.3
2026-08-14 23:22:59.290138,STN_002,11.52,7.18
2026-08-15 00:22:59.290138,STN_002,12.85,7.3
2026-08-15 01:22:59.290138,STN_002,11.49,6.98
2026-08-15 02:22:59.290138,STN_002,11.33,7.29
2026-08-15 03:22:59.290138,STN_002,11.53,6.36
2026-08-15 04:22:59.290138,STN_002,12.53,7.16
2026-08-15 05:22:59.290138,STN_002,12.03,7.57
2026-08-15 06:22:59.290138,STN_002,16.65,7.25
2026-08-15 07:22:59.290138,STN_002,57.14,8.09
2026-08-15 08:22:59.290138,STN_002,16.12,7.44
2026-08-15 09:22:59.290138,STN_002,16.38,7.87
2026-08-15 10:22:59.290138,STN_002,10.29,7.31
2026-08-15 11:22:59.290138,STN_002,11.44,7.86
2026-08-15 12:22:59.290138,STN_002,11.26,7.52
2026-08-15 13:22:59.290138,STN_002,9.94,7.38
2026-08-15 14:22:59.290138,STN_002,10.98,6.68
2026-08-15 15:22:59.290138,STN_002,9.13,7.3
2026-08-15 16:22:59.290138,STN_002,10.26,7.45
2026-08-15 17:22:59.290138,STN_002,15.74,7.7
2026-08-15 18:22:59.290138,STN_002,10.29,7.9
2026-08-15 19:22:59.290138,STN_002,15.77,8.02
2026-08-15 20:22:59.290138,STN_002,11.99,7.8
2026-08-15 21:22:59.290138,STN_002,17.43,7.3
2026-08-15 22:22:59.290138,STN_002,12.48,7.41
2026-08-15 23:22:59.290138,STN_002,,7.7
2026-08-16 00:22:59.290138,STN_002,13.56,7.64
2026-08-16 01:22:59.290138,STN_002,9.24,7.96
2026-08-16 02:22:59.290138,STN_002,11.45,8.21
2026-08-16 03:22:59.290138,STN_002,,8.22
2026-08-16 04:22:59.290138,STN_002,9.78,7.96
2026-08-16 05:22:59.290138,STN_002,11.03,7.66
2026-08-16 06:22:59.290138,STN_002,14.29,7.89
2026-08-16 07:22:59.290138,STN_002,17.61,7.65
2026-08-16 08:22:59.290138,STN_002,13.5,7.09
2026-08-16 09:22:59.290138,STN_002,10.25,6.92
2026-08-16 10:22:59.290138,STN_002,13.55,6.88
2026-08-16 11:22:59.290138,STN_002,10.46,6.84
2026-08-16 12:22:59.290138,STN_002,14.13,6.71
2026-08-16 13:22:59.290138,STN_002,21.38,7.3
2026-08-16 14:22:59.290138,STN_002,14.17,6.95
2026-08-16 15:22:59.290138,STN_002,17.0,7.08
2026-08-16 16:22:59.290138,STN_002,9.06,7.51
2026-08-16 17:22:59.290138,STN_002,14.11,7.34
2026-08-16 18:22:59.290138,STN_002,16.13,7.47
2026-08-16 19:22:59.290138,STN_002,9.22,7.69
2026-08-16 20:22:59.290138,STN_002,17.27,7.59
2026-08-16 21:22:59.290138,STN_002,10.24,
2026-08-16 22:22:59.290138,STN_002,13.54,7.32
2026-08-16 23:22:59.290138,STN_002,15.6,7.83
2026-08-17 00:22:59.290138,STN_002,13.51,7.46
2026-08-17 01:22:59.290138,STN_002,9.55,7.4
2026-08-17 02:22:59.290138,STN_002,,8.38
2026-08-17 03:22:59.290138,STN_002,12.35,7.62
2026-08-17 04:22:59.290138,STN_002,18.38,8.56
2026-08-17 05:22:59.290138,STN_002,11.23,7.87
2026-08-17 06:22:59.290138,STN_002,10.71,7.56
2026-08-17 07:22:59.290138,STN_002,14.7,8.1
2026-08-17 08:22:59.290138,STN_002,11.29,7.77
2026-08-17 09:22:59.290138,STN_002,27.08,8.63
2026-08-17 10:22:59.290138,STN_002,13.32,7.89
2026-08-17 11:22:59.290138,STN_002,17.92,8.18
2026-08-17 12:22:59.290138,STN_002,12.81,7.65
2026-08-17 13:22:59.290138,STN_002,11.95,8.24
2026-08-17 14:22:59.290138,STN_002,9.76,7.73
2026-08-17 15:22:59.290138,STN_002,9.65,8.11
2026-08-17 16:22:59.290138,STN_002,9.83,7.78
2026-08-17 17:22:59.290138,STN_002,9.91,7.26
2026-08-17 18:22:59.290138,STN_002,13.22,7.89
2026-08-17 19:22:59.290138,STN_002,14.56,7.92
2026-08-17 20:22:59.290138,STN_002,12.18,8.11
2026-08-17 21:22:59.290138,STN_002,16.22,8.36
2026-08-17 22:22:59.290138,STN_002,28.22,8.61
2026-08-17 23:22:59.290138,STN_002,16.12,8.3
2026-08-18 00:22:59.290138,STN_002,14.01,8.13
2026-08-18 01:22:59.290138,STN_002,12.3,
2026-08-18 02:22:59.290138,STN_002,11.64,7.53
2026-08-18 03:22:59.290138,STN_002,9.61,7.52
2026-08-18 04:22:59.290138,STN_002,11.3,7.33
2026-08-18 05:22:59.290138,STN_002,18.9,7.65
2026-08-18 06:22:59.290138,STN_002,15.86,7.84
2026-08-18 07:22:59.290138,STN_002,10.23,7.22
2026-08-18 08:22:59.290138,STN_002,11.78,7.22
2026-08-18 09:22:59.290138,STN_002,16.05,7.33
2026-08-18 10:22:59.290138,STN_002,9.54,7.16
2026-08-18 11:22:59.290138,STN_002,11.22,6.79
2026-08-18 12:22:59.290138,STN_002,16.9,7.02
2026-08-18 13:22:59.290138,STN_002,11.33,6.95
2026-08-18 14:22:59.290138,STN_002,9.58,7.68
2026-08-18 15:22:59.290138,STN_002,12.39,7.85
2026-08-18 16:22:59.290138,STN_002,17.18,7.07
2026-08-18 17:22:59.290138,STN_002,12.83,7.59
2026-08-18 18:22:59.290138,STN_002,10.29,7.66
2026-08-18 19:22:59.290138,STN_002,11.2,6.92
2026-08-18 20:22:59.290138,STN_002,11.65,7.41
2026-08-18 21:22:59.290138,STN_002,12.72,8.1
2026-08-18 22:22:59.290138,STN_002,15.06,7.45
2026-08-18 23:22:59.290138,STN_002,9.78,7.12
2026-08-19 00:22:59.290138,STN_002,18.18,
2026-08-19 01:22:59.290138,STN_002,9.41,6.6
2026-08-19 02:22:59.290138,STN_002,11.21,7.34
2026-08-19 03:22:59.290138,STN_002,9.47,7.78
2026-08-19 04:22:59.290138,STN_002,11.36,6.95
2026-08-19 05:22:59.290138,STN_002,95.91,7.26
2026-08-19 06:22:59.290138,STN_002,12.23,7.61
2026-08-19 07:22:59.290138,STN_002,48.37,8.39
2026-08-19 08:22:59.290138,STN_002,13.51,8.01
2026-08-19 09:22:59.290138,STN_002,9.55,7.84
2026-08-19 10:22:59.290138,STN_002,15.1,8.14
2026-08-19 11:22:59.290138,STN_002,21.09,8.28
2026-08-19 12:22:59.290138,STN_002,42.7,8.01
2026-08-19 13:22:59.290138,STN_002,12.28,8.37
2026-08-19 14:22:59.290138,STN_002,11.27,8.3
2026-08-19 15:22:59.290138,STN_002,9.39,8.24
2026-08-19 16:22:59.290138,STN_002,11.31,8.07
2026-08-19 17:22:59.290138,STN_002,15.64,8.68
2026-08-19 18:22:59.290138,STN_002,12.99,8.23
2026-08-19 19:22:59.290138,STN_002,9.79,7.81
2026-08-19 20:22:59.290138,STN_002,16.88,8.54
2026-08-19 21:22:59.290138,STN_002,12.39,8.67
2026-08-19 22:22:59.290138,STN_002,16.84,8.25
2026-08-19 23:22:59.290138,STN_002,12.94,8.34
2026-08-20 00:22:59.290138,STN_002,12.75,8.27
2026-08-20 01:22:59.290138,STN_002,9.91,8.37
2026-08-20 02:22:59.290138,STN_002,10.2,8.79
2026-08-20 03:22:59.290138,STN_002,23.77,8.55
2026-08-20 04:22:59.290138,STN_002,10.5,8.83
2026-08-20 05:22:59.290138,STN_002,24.63,7.69
2026-08-20 06:22:59.290138,STN_002,12.5,7.87
2026-08-20 07:22:59.290138,STN_002,10.05,7.95
2026-08-20 08:22:59.290138,STN_002,9.88,7.39
2026-08-20 09:22:59.290138,STN_002,10.4,7.94
2026-08-20 10:22:59.290138,STN_002,19.86,7.49
2026-08-20 11:22:59.290138,STN_002,11.6,7.5
2026-08-20 12:22:59.290138,STN_002,11.48,7.84
2026-08-20 13:22:59.290138,STN_002,10.97,7.2
2026-08-20 14:22:59.290138,STN_002,10.1,7.36
2026-08-20 15:22:59.290138,STN_002,12.14,7.53
2026-08-20 16:22:59.290138,STN_002,10.02,7.4
2026-08-20 17:22:59.290138,STN_002,16.68,7.42
2026-08-20 18:22:59.290138,STN_002,11.32,7.31
2026-08-20 19:22:59.290138,STN_002,11.34,6.95
2026-08-20 20:22:59.290138,STN_002,12.03,7.4
2026-08-20 21:22:59.290138,STN_002,11.81,7.07
2026-08-20 22:22:59.290138,STN_002,30.65,7.66
2026-08-20 23:22:59.290138,STN_002,12.72,7.84
2026-08-21 00:22:59.290138,STN_002,9.94,6.86
2026-08-21 01:22:59.290138,STN_002,13.3,7.84
2026-08-21 02:22:59.290138,STN_002,10.22,7.31
2026-08-21 03:22:59.290138,STN_002,9.69,7.27
2026-08-21 04:22:59.290138,STN_002,23.69,7.15
2026-08-21 05:22:59.290138,STN_002,15.51,7.4
2026-08-21 06:22:59.290138,STN_002,25.24,7.47
2026-08-21 07:22:59.290138,STN_002,12.17,7.79
2026-08-21 08:22:59.290138,STN_002,,7.27
2026-08-21 09:22:59.290138,STN_002,10.3,7.99
2026-08-21 10:22:59.290138,STN_002,10.7,7.62
2026-08-21 11:22:59.290138,STN_002,16.86,7.49
2026-08-21 12:22:59.290138,STN_002,11.33,7.4
2026-08-21 13:22:59.290138,STN_002,16.58,7.41
2026-08-21 14:22:59.290138,STN_002,14.5,7.47
2026-08-21 15:22:59.290138,STN_002,10.35,7.58
2026-08-21 16:22:59.290138,STN_002,12.4,7.48
2026-08-21 17:22:59.290138,STN_002,14.09,7.33
2026-08-21 18:22:59.290138,STN_002,10.64,
2026-08-21 19:22:59.290138,STN_002,16.67,7.31
2026-08-21 20:22:59.290138,STN_002,12.72,7.67
2026-08-21 21:22:59.290138,STN_002,10.29,7.49
2026-08-21 22:22:59.290138,STN_002,,7.64
2026-08-21 23:22:59.290138,STN_002,42.3,7.97
2026-08-22 00:22:59.290138,STN_002,10.32,7.97
2026-08-22 01:22:59.290138,STN_002,16.46,7.8
2026-08-22 02:22:59.290138,STN_002,10.6,7.84
2026-08-22 03:22:59.290138,STN_002,15.77,7.66
2026-08-22 04:22:59.290138,STN_002,14.97,7.89
2026-08-22 05:22:59.290138,STN_002,11.1,7.89
2026-08-22 06:22:59.290138,STN_002,11.25,7.06
2026-08-22 07:22:59.290138,STN_002,15.96,7.68
2026-08-22 08:22:59.290138,STN_002,12.14,7.97
2026-08-22 09:22:59.290138,STN_002,14.92,7.49
2026-08-22 10:22:59.290138,STN_002,10.31,7.42
2026-08-22 11:22:59.290138,STN_002,42.99,7.69
2026-08-22 12:22:59.290138,STN_002,14.63,7.39
2026-08-22 13:22:59.290138,STN_002,19.17,7.9
2026-08-22 14:22:59.290138,STN_002,10.24,7.83
2026-08-22 15:22:59.290138,STN_002,13.26,7.91
2026-08-22 16:22:59.290138,STN_002,13.32,7.98
2026-08-22 17:22:59.290138,STN_002,11.41,7.6
2026-08-22 18:22:59.290138,STN_002,12.12,7.93
2026-08-22 19:22:59.290138,STN_002,9.82,7.92
2026-08-22 20:22:59.290138,STN_002,15.15,7.66
2026-08-22 21:22:59.290138,STN_002,12.86,7.96
2026-08-22 22:22:59.290138,STN_002,10.01,7.85
2026-08-22 23:22:59.290138,STN_002,14.34,7.4
2026-08-23 00:22:59.290138,STN_002,12.28,7.69
2026-08-23 01:22:59.290138,STN_002,9.91,7.46
2026-08-23 02:22:59.290138,STN_002,23.74,7.87
2026-08-23 03:22:59.290138,STN_002,21.68,7.64
2026-08-23 04:22:59.290138,STN_002,12.65,
2026-08-23 05:22:59.290138,STN_002,10.16,7.76
2026-08-23 06:22:59.290138,STN_002,15.39,7.79
2026-08-23 07:22:59.290138,STN_002,12.48,7.36
2026-08-23 08:22:59.290138,STN_002,11.21,7.91
2026-08-23 09:22:59.290138,STN_002,,7.87
2026-08-23 10:22:59.290138,STN_002,12.73,7.42
2026-08-23 11:22:59.290138,STN_002,13.08,7.23
2026-08-23 12:22:59.290138,STN_002,12.1,7.37
2026-08-23 13:22:59.290138,STN_002,13.49,7.14
2026-08-23 14:22:59.290138,STN_002,19.81,7.64
2026-08-23 15:22:59.290138,STN_002,11.57,7.47
2026-08-23 16:22:59.290138,STN_002,14.94,7.11
2026-08-23 17:22:59.290138,STN_002,18.76,7.26
2026-08-23 18:22:59.290138,STN_002,12.2,7.86
2026-08-23 19:22:59.290138,STN_002,12.11,7.98
2026-08-23 20:22:59.290138,STN_002,13.46,7.67
2026-08-23 21:22:59.290138,STN_002,13.35,7.45
2026-08-23 22:22:59.290138,STN_002,16.44,7.45
2026-08-23 23:22:59.290138,STN_002,12.46,7.73
2026-08-24 00:22:59.290138,STN_002,32.08,7.76
2026-08-24 01:22:59.290138,STN_002,10.11,7.25
2026-08-24 02:22:59.290138,STN_002,9.88,7.93
2026-08-24 03:22:59.290138,STN_002,13.96,7.96
2026-08-24 04:22:59.290138,STN_002,11.29,7.76
2026-08-24 05:22:59.290138,STN_002,10.97,7.22
2026-08-24 06:22:59.290138,STN_002,11.36,7.33
2026-08-24 07:22:59.290138,STN_002,11.05,6.95
2026-08-24 08:22:59.290138,STN_002,9.99,7.97
2026-08-24 09:22:59.290138,STN_002,24.11,7.48
2026-08-24 10:22:59.290138,STN_002,10.87,8.28
2026-08-24 11:22:59.290138,STN_002,15.17,8.18
2026-08-24 12:22:59.290138,STN_002,15.62,7.35
2026-08-24 13:22:59.290138,STN_002,20.46,7.47
2026-08-24 14:22:59.290138,STN_002,9.99,7.74
2026-08-24 15:22:59.290138,STN_002,18.09,7.13
2026-08-24 16:22:59.290138,STN_002,12.87,7.5
2026-08-24 17:22:59.290138,STN_002,13.87,7.43
2026-08-24 18:22:59.290138,STN_002,14.01,8.17
2026-08-24 19:22:59.290138,STN_002,16.72,7.7
2026-08-24 20:22:59.290138,STN_002,11.49,7.55
2026-08-24 21:22:59.290138,STN_002,15.15,7.46
2026-08-24 22:22:59.290138,STN_002,12.98,7.9
2026-08-24 23:22:59.290138,STN_002,16.28,7.52
2026-08-25 00:22:59.290138,STN_002,28.61,7.62
2026-08-25 01:22:59.290138,STN_002,82.59,8.05
2026-08-25 02:22:59.290138,STN_002,30.89,7.96
2026-08-25 03:22:59.290138,STN_002,10.35,8.09
2026-08-25 04:22:59.290138,STN_002,9.98,8.23
2026-08-25 05:22:59.290138,STN_002,10.15,8.29
2026-08-25 06:22:59.290138,STN_002,11.64,8.31
2026-08-25 07:22:59.290138,STN_002,13.98,
2026-08-25 08:22:59.290138,STN_002,10.26,8.25
2026-08-25 09:22:59.290138,STN_002,9.99,8.69
2026-08-25 10:22:59.290138,STN_002,21.03,8.65
2026-08-25 11:22:59.290138,STN_002,16.87,8.34
2026-08-25 12:22:59.290138,STN_002,16.6,8.46
2026-08-25 13:22:59.290138,STN_002,18.6,8.26
2026-08-25 14:22:59.290138,STN_002,14.79,7.56
2026-08-25 15:22:59.290138,STN_002,10.41,8.35
2026-08-25 16:22:59.290138,STN_002,,8.43
2026-08-25 17:22:59.290138,STN_002,15.11,7.87
2026-08-25 18:22:59.290138,STN_002,11.29,8.48
2026-08-25 19:22:59.290138,STN_002,14.62,8.23
2026-08-25 20:22:59.290138,STN_002,10.07,8.4
2026-08-25 21:22:59.290138,STN_002,11.43,8.19
2026-08-25 22:22:59.290138,STN_002,13.26,8.66
2026-08-25 23:22:59.290138,STN_002,14.07,8.34
2026-08-26 00:22:59.290138,STN_002,13.51,8.44
2026-08-26 01:22:59.290138,STN_002,14.86,7.9
2026-08-26 02:22:59.290138,STN_002,10.09,7.07
2026-08-26 03:22:59.290138,STN_002,10.49,7.18
2026-08-26 04:22:59.290138,STN_002,18.2,7.61
2026-08-26 05:22:59.290138,STN_002,14.65,7.4
2026-08-26 06:22:59.290138,STN_002,10.55,7.43
2026-08-26 07:22:59.290138,STN_002,17.45,7.92
2026-08-26 08:22:59.290138,STN_002,11.18,7.45
2026-08-26 09:22:59.290138,STN_002,,7.27
2026-08-26 10:22:59.290138,STN_002,,7.32
2026-08-26 11:22:59.290138,STN_002,15.02,8.21
2026-08-26 12:22:59.290138,STN_002,14.47,7.49
2026-08-26 13:22:59.290138,STN_002,11.02,7.07
2026-08-26 14:22:59.290138,STN_002,18.03,
2026-08-26 15:22:59.290138,STN_002,12.12,7.33
2026-08-26 16:22:59.290138,STN_002,11.45,7.45
2026-08-26 17:22:59.290138,STN_002,10.73,7.76
2026-08-26 18:22:59.290138,STN_002,11.31,7.73
2026-08-26 19:22:59.290138,STN_002,10.16,7.44
2026-08-26 20:22:59.290138,STN_002,13.57,7.33
2026-08-26 21:22:59.290138,STN_002,17.46,7.62
2026-08-26 22:22:59.290138,STN_002,13.35,7.01
2026-08-26 23:22:59.290138,STN_002,11.16,8.11
2026-08-27 00:22:59.290138,STN_002,10.31,7.68
2026-08-27 01:22:59.290138,STN_002,11.13,7.71
2026-08-27 02:22:59.290138,STN_002,12.32,7.15
2026-08-27 03:22:59.290138,STN_002,15.87,7.9
2026-08-27 04:22:59.290138,STN_002,11.0,
2026-08-27 05:22:59.290138,STN_002,15.26,7.18
2026-08-27 06:22:59.290138,STN_002,18.24,7.52
2026-08-27 07:22:59.290138,STN_002,12.59,7.47
2026-08-27 08:22:59.290138,STN_002,17.06,7.21
2026-08-27 09:22:59.290138,STN_002,13.4,7.27
2026-08-27 10:22:59.290138,STN_002,14.22,7.18
2026-08-27 11:22:59.290138,STN_002,13.16,7.17
2026-08-27 12:22:59.290138,STN_002,12.66,7.33
2026-08-27 13:22:59.290138,STN_002,11.24,7.03
2026-08-27 14:22:59.290138,STN_002,11.61,7.18
2026-08-27 15:22:59.290138,STN_002,11.54,7.7
2026-08-27 16:22:59.290138,STN_002,13.48,7.65
2026-08-27 17:22:59.290138,STN_002,10.68,7.09
2026-08-27 18:22:59.290138,STN_002,20.11,7.76
2026-08-27 19:22:59.290138,STN_002,15.27,6.93
2026-08-27 20:22:59.290138,STN_002,12.22,8.24
2026-08-27 21:22:59.290138,STN_002,10.86,7.84
2026-08-27 22:22:59.290138,STN_002,18.81,7.35
2026-08-27 23:22:59.290138,STN_002,17.21,7.68
2026-08-28 00:22:59.290138,STN_002,15.38,7.19
2026-08-28 01:22:59.290138,STN_002,11.53,7.63
2026-08-28 02:22:59.290138,STN_002,12.33,7.56
2026-08-28 03:22:59.290138,STN_002,10.7,
2026-08-28 04:22:59.290138,STN_002,11.11,7.43
2026-08-28 05:22:59.290138,STN_002,16.38,7.41
2026-08-28 06:22:59.290138,STN_002,104.09,7.95
2026-08-28 07:22:59.290138,STN_002,13.87,8.05
2026-08-28 08:22:59.290138,STN_002,19.31,
2026-08-28 09:22:59.290138,STN_002,13.77,8.58
2026-08-28 10:22:59.290138,STN_002,12.78,8.03
2026-08-28 11:22:59.290138,STN_002,11.93,7.94
2026-08-28 12:22:59.290138,STN_002,21.55,8.63
2026-08-28 13:22:59.290138,STN_002,10.61,8.48
2026-08-28 14:22:59.290138,STN_002,20.95,8.69
2026-08-28 15:22:59.290138,STN_002,17.28,8.77
2026-08-28 16:22:59.290138,STN_002,10.82,9.06
2026-08-28 17:22:59.290138,STN_002,13.6,8.45
2026-08-28 18:22:59.290138,STN_002,18.32,8.05
2026-08-28 19:22:59.290138,STN_002,13.66,8.55
2026-08-28 20:22:59.290138,STN_002,19.78,
2026-08-28 21:22:59.290138,STN_002,21.72,8.34
2026-08-28 22:22:59.290138,STN_002,12.56,8.62
2026-08-28 23:22:59.290138,STN_002,12.26,8.81
2026-08-29 00:22:59.290138,STN_002,21.38,8.35
2026-08-29 01:22:59.290138,STN_002,14.86,
2026-08-29 02:22:59.290138,STN_002,48.17,8.63
2026-08-29 03:22:59.290138,STN_002,10.54,8.85
2026-08-29 04:22:59.290138,STN_002,13.69,9.06
2026-08-29 05:22:59.290138,STN_002,21.01,8.87
2026-08-29 06:22:59.290138,STN_002,,7.73
2026-08-29 07:22:59.290138,STN_002,14.87,8.55
2026-08-29 08:22:59.290138,STN_002,10.96,8.02
2026-08-29 09:22:59.290138,STN_002,11.54,8.41
2026-08-29 10:22:59.290138,STN_002,18.7,7.86
2026-08-29 11:22:59.290138,STN_002,11.17,7.9
2026-08-29 12:22:59.290138,STN_002,11.67,8.41
2026-08-29 13:22:59.290138,STN_002,59.26,8.65
2026-08-29 14:22:59.290138,STN_002,14.87,8.37
2026-08-29 15:22:59.290138,STN_002,21.89,8.65
2026-08-29 16:22:59.290138,STN_002,11.62,8.26
2026-08-29 17:22:59.290138,STN_002,96.04,9.27
2026-08-29 18:22:59.290138,STN_002,14.39,9.24
2026-08-29 19:22:59.290138,STN_002,40.51,9.31
2026-08-29 20:22:59.290138,STN_002,10.81,9.1
2026-08-29 21:22:59.290138,STN_002,13.13,9.3
2026-08-29 22:22:59.290138,STN_002,12.41,9.28
2026-08-29 23:22:59.290138,STN_002,18.5,9.2
2026-08-30 00:22:59.290138,STN_002,13.05,8.97
2026-08-30 01:22:59.290138,STN_002,10.93,9.25
2026-08-30 02:22:59.290138,STN_002,14.49,8.82
2026-08-30 03:22:59.290138,STN_002,16.35,8.7
2026-08-30 04:22:59.290138,STN_002,10.47,9.0
2026-08-30 05:22:59.290138,STN_002,18.3,9.44
2026-08-30 06:22:59.290138,STN_002,11.29,8.8
2026-08-30 07:22:59.290138,STN_002,13.67,9.35
2026-08-30 08:22:59.290138,STN_002,12.61,
2026-08-30 09:22:59.290138,STN_002,15.55,8.66
2026-08-30 10:22:59.290138,STN_002,12.32,8.89
2026-08-30 11:22:59.290138,STN_002,18.62,9.58
2026-08-30 12:22:59.290138,STN_002,15.71,8.95
2026-08-30 13:22:59.290138,STN_002,14.64,8.63
2026-08-30 14:22:59.290138,STN_002,16.83,8.13
2026-08-30 15:22:59.290138,STN_002,16.07,8.42
2026-08-30 16:22:59.290138,STN_002,10.61,8.74
2026-08-30 17:22:59.290138,STN_002,12.47,8.61
2026-08-30 18:22:59.290138,STN_002,21.15,
2026-08-30 19:22:59.290138,STN_002,11.0,7.19
2026-08-30 20:22:59.290138,STN_002,15.81,7.31
2026-08-30 21:22:59.290138,STN_002,25.15,7.82
2026-08-30 22:22:59.290138,STN_002,10.77,8.19
2026-08-30 23:22:59.290138,STN_002,15.14,8.0
2026-08-31 00:22:59.290138,STN_002,13.09,7.94
2026-08-31 01:22:59.290138,STN_002,14.02,8.22
2026-08-31 02:22:59.290138,STN_002,10.92,7.58
2026-08-31 03:22:59.290138,STN_002,10.74,7.76
2026-08-31 04:22:59.290138,STN_002,14.96,7.63
2026-08-31 05:22:59.290138,STN_002,17.49,7.7
2026-08-31 06:22:59.290138,STN_002,16.65,7.53
2026-08-31 07:22:59.290138,STN_002,13.7,7.73
2026-08-31 08:22:59.290138,STN_002,10.98,7.81
2026-08-31 09:22:59.290138,STN_002,15.22,7.7
2026-08-31 10:22:59.290138,STN_002,11.67,7.76
2026-08-31 11:22:59.290138,STN_002,20.24,7.94
2026-08-31 12:22:59.290138,STN_002,17.85,8.21
2026-08-31 13:22:59.290138,STN_002,15.5,8.24
2026-08-31 14:22:59.290138,STN_002,22.45,8.12
2026-08-31 15:22:59.290138,STN_002,10.69,7.47
2026-08-31 16:22:59.290138,STN_002,15.89,7.78
2026-08-31 17:22:59.290138,STN_002,12.16,7.81
2026-08-31 18:22:59.290138,STN_002,20.02,7.68
2026-08-31 19:22:59.290138,STN_002,11.8,7.99
2026-08-31 20:22:59.290138,STN_002,15.72,7.41
2026-08-31 21:22:59.290138,STN_002,18.96,8.34
2026-08-31 22:22:59.290138,STN_002,10.83,8.21
2026-08-31 23:22:59.290138,STN_002,12.68,7.97
2026-09-01 00:22:59.290138,STN_002,16.4,
2026-09-01 01:22:59.290138,STN_002,13.08,8.22
2026-09-01 02:22:59.290138,STN_002,11.9,8.07
2026-09-01 03:22:59.290138,STN_002,11.65,8.2
2026-09-01 04:22:59.290138,STN_002,11.22,7.82
2026-09-01 05:22:59.290138,STN_002,18.44,8.38
2026-09-01 06:22:59.290138,STN_002,14.08,8.17
2026-09-01 07:22:59.290138,STN_002,10.97,7.95
2026-09-01 08:22:59.290138,STN_002,12.58,8.19
2026-09-01 09:22:59.290138,STN_002,12.49,7.66
2026-09-01 10:22:59.290138,STN_002,11.46,7.44
2026-09-01 11:22:59.290138,STN_002,12.94,7.82
2026-09-01 12:22:59.290138,STN_002,12.27,7.66
2026-09-01 13:22:59.290138,STN_002,12.33,7.59
2026-09-01 14:22:59.290138,STN_002,16.03,7.97
2026-09-01 15:22:59.290138,STN_002,11.67,7.66
2026-09-01 16:22:59.290138,STN_002,14.76,7.68
2026-09-01 17:22:59.290138,STN_002,14.04,7.52
2026-09-01 18:22:59.290138,STN_002,53.59,8.16
2026-09-01 19:22:59.290138,STN_002,15.01,8.13
2026-09-01 20:22:59.290138,STN_002,13.84,8.17
2026-09-01 21:22:59.290138,STN_002,19.11,7.76
2026-09-01 22:22:59.290138,STN_002,15.25,
2026-09-01 23:22:59.290138,STN_002,13.92,8.52
2026-09-02 00:22:59.290138,STN_002,17.83,8.23
2026-09-02 01:22:59.290138,STN_002,14.48,7.75
2026-09-02 02:22:59.290138,STN_002,12.13,7.75
2026-09-02 03:22:59.290138,STN_002,11.68,7.88
2026-09-02 04:22:59.290138,STN_002,11.41,
2026-09-02 05:22:59.290138,STN_002,19.94,7.99
2026-09-02 06:22:59.290138,STN_002,15.7,8.21
2026-09-02 07:22:59.290138,STN_002,21.83,8.2
2026-09-02 08:22:59.290138,STN_002,14.45,8.19
2026-09-02 09:22:59.290138,STN_002,13.32,8.06
2026-09-02 10:22:59.290138,STN_002,11.0,8.11
2026-09-02 11:22:59.290138,STN_002,15.21,8.39
2026-09-02 12:22:59.290138,STN_002,14.24,7.56
2026-09-02 13:22:59.290138,STN_002,29.26,8.31
2026-09-02 14:22:59.290138,STN_002,11.84,8.36
2026-09-02 15:22:59.290138,STN_002,13.78,8.53
2026-09-02 16:22:59.290138,STN_002,14.96,7.99
2026-09-02 17:22:59.290138,STN_002,14.89,7.98
2026-09-02 18:22:59.290138,STN_002,14.05,8.15
2026-09-02 19:22:59.290138,STN_002,16.75,7.41
2026-09-02 20:22:59.290138,STN_002,11.67,8.37
2026-09-02 21:22:59.290138,STN_002,15.92,8.01
2026-09-02 22:22:59.290138,STN_002,14.71,8.42
2026-09-02 23:22:59.290138,STN_002,19.9,7.68
2026-09-03 00:22:59.290138,STN_002,18.36,7.88
2026-09-03 01:22:59.290138,STN_002,12.36,7.27
2026-09-03 02:22:59.290138,STN_002,12.14,7.75
2026-09-03 03:22:59.290138,STN_002,26.84,8.06
2026-09-03 04:22:59.290138,STN_002,13.84,7.55
2026-09-03 05:22:59.290138,STN_002,79.43,8.51
2026-09-03 06:22:59.290138,STN_002,11.56,8.0
2026-09-03 07:22:59.290138,STN_002,14.96,8.46
2026-09-03 08:22:59.290138,STN_002,17.49,8.91
2026-09-03 09:22:59.290138,STN_002,22.63,8.63
2026-09-03 10:22:59.290138,STN_002,12.49,9.15
2026-09-03 11:22:59.290138,STN_002,16.01,8.9
2026-09-03 12:22:59.290138,STN_002,13.94,9.06
2026-09-03 13:22:59.290138,STN_002,11.1,8.28
2026-09-03 14:22:59.290138,STN_002,15.53,8.3
2026-09-03 15:22:59.290138,STN_002,15.53,8.66
2026-09-03 16:22:59.290138,STN_002,21.52,8.13
2026-09-03 17:22:59.290138,STN_002,13.6,8.74
2026-09-03 18:22:59.290138,STN_002,11.89,8.48
2026-09-03 19:22:59.290138,STN_002,78.25,9.49
2026-09-03 20:22:59.290138,STN_002,95.52,9.99
2026-09-03 21:22:59.290138,STN_002,12.28,10.09
2026-09-03 22:22:59.290138,STN_002,16.67,9.57
2026-09-03 23:22:59.290138,STN_002,12.69,10.05
2026-09-04 00:22:59.290138,STN_002,,10.2
2026-09-04 01:22:59.290138,STN_002,24.05,9.85
2026-09-04 02:22:59.290138,STN_002,14.82,9.67
2026-09-04 03:22:59.290138,STN_002,21.5,9.63
2026-09-04 04:22:59.290138,STN_002,16.66,10.24
2026-09-04 05:22:59.290138,STN_002,14.11,10.13
2026-09-04 06:22:59.290138,STN_002,11.74,9.03
2026-09-04 07:22:59.290138,STN_002,13.39,8.99
2026-09-04 08:22:59.290138,STN_002,14.23,9.56
2026-09-04 09:22:59.290138,STN_002,18.92,9.03
2026-09-04 10:22:59.290138,STN_002,13.57,9.57
2026-09-04 11:22:59.290138,STN_002,20.06,9.44
2026-09-04 12:22:59.290138,STN_002,15.43,9.3
2026-09-04 13:22:59.290138,STN_002,11.53,9.44
2026-09-04 14:22:59.290138,STN_002,32.12,9.56
2026-09-04 15:22:59.290138,STN_002,13.94,9.38
2026-09-04 16:22:59.290138,STN_002,12.93,8.84
2026-09-04 17:22:59.290138,STN_002,15.25,9.43
2026-09-04 18:22:59.290138,STN_002,78.4,10.41
2026-09-04 19:22:59.290138,STN_002,14.99,8.92
2026-09-04 20:22:59.290138,STN_002,13.7,8.43
2026-09-04 21:22:59.290138,STN_002,13.03,8.86
2026-09-04 22:22:59.290138,STN_002,23.27,8.81
2026-09-04 23:22:59.290138,STN_002,13.99,8.94
2026-09-05 00:22:59.290138,STN_002,12.02,8.51
2026-09-05 01:22:59.290138,STN_002,13.49,8.98
2026-09-05 02:22:59.290138,STN_002,21.11,8.7
2026-09-05 03:22:59.290138,STN_002,11.81,8.81
2026-09-05 04:22:59.290138,STN_002,12.0,8.66
2026-09-05 05:22:59.290138,STN_002,11.09,8.59
2026-09-05 06:22:59.290138,STN_002,11.09,8.72
2026-09-05 07:22:59.290138,STN_002,18.11,8.63
2026-09-05 08:22:59.290138,STN_002,16.3,8.24
2026-09-05 09:22:59.290138,STN_002,12.79,8.87
2026-09-05 10:22:59.290138,STN_002,15.83,8.81
2026-09-05 11:22:59.290138,STN_002,13.05,7.87
2026-09-05 12:22:59.290138,STN_002,23.26,8.37
2026-09-05 13:22:59.290138,STN_002,24.69,8.99
2026-09-05 14:22:59.290138,STN_002,13.03,7.97
2026-09-05 15:22:59.290138,STN_002,18.74,8.84
2026-09-05 16:22:59.290138,STN_002,16.97,8.55
2026-09-05 17:22:59.290138,STN_002,75.68,9.5
2026-09-05 18:22:59.290138,STN_002,12.09,8.54
2026-09-05 19:22:59.290138,STN_002,13.49,8.31
2026-09-05 20:22:59.290138,STN_002,17.12,8.65
2026-09-05 21:22:59.290138,STN_002,23.93,8.64
2026-09-05 22:22:59.290138,STN_002,16.9,8.37
2026-09-05 23:22:59.290138,STN_002,,9.32
2026-09-06 00:22:59.290138,STN_002,14.82,8.38
2026-09-06 01:22:59.290138,STN_002,18.34,8.04
2026-09-06 02:22:59.290138,STN_002,17.26,9.16
2026-09-06 03:22:59.290138,STN_002,13.02,8.52
2026-09-06 04:22:59.290138,STN_002,14.34,8.62
2026-09-06 05:22:59.290138,STN_002,17.66,8.66
2026-09-06 06:22:59.290138,STN_002,11.32,8.6
2026-09-06 07:22:59.290138,STN_002,17.73,8.54
2026-09-06 08:22:59.290138,STN_002,11.91,8.43
2026-09-06 09:22:59.290138,STN_002,14.02,8.76
2026-09-06 10:22:59.290138,STN_002,17.73,8.64
2026-09-06 11:22:59.290138,STN_002,12.3,8.97
2026-09-06 12:22:59.290138,STN_002,12.26,8.8
2026-09-06 13:22:59.290138,STN_002,13.19,8.28
2026-09-06 14:22:59.290138,STN_002,20.13,8.65
2026-09-06 15:22:59.290138,STN_002,11.13,8.43
2026-09-06 16:22:59.290138,STN_002,20.39,8.29
2026-09-06 17:22:59.290138,STN_002,11.79,8.26
2026-09-06 18:22:59.290138,STN_002,29.58,8.16
2026-09-06 19:22:59.290138,STN_002,23.52,8.16
2026-09-06 20:22:59.290138,STN_002,13.86,8.0
2026-09-06 21:22:59.290138,STN_002,14.0,
2026-09-06 22:22:59.290138,STN_002,13.85,8.76
2026-09-06 23:22:59.290138,STN_002,15.25,8.23
2026-09-07 00:22:59.290138,STN_002,11.6,7.78
2026-09-07 01:22:59.290138,STN_002,11.35,8.14
2026-09-07 02:22:59.290138,STN_002,11.46,8.32
2026-09-07 03:22:59.290138,STN_002,13.57,8.06
2026-09-07 04:22:59.290138,STN_002,12.51,8.4
2026-09-07 05:22:59.290138,STN_002,15.11,7.51
2026-09-07 06:22:59.290138,STN_002,30.76,7.53
2026-09-07 07:22:59.290138,STN_002,13.17,8.17
2026-09-07 08:22:59.290138,STN_002,14.63,8.2
2026-09-07 09:22:59.290138,STN_002,13.37,7.11
2026-09-07 10:22:59.290138,STN_002,18.74,7.93
2026-09-07 11:22:59.290138,STN_002,20.52,7.88
2026-09-07 12:22:59.290138,STN_002,19.61,7.83
2026-09-07 13:22:59.290138,STN_002,25.87,8.05
2026-09-07 14:22:59.290138,STN_002,11.33,8.46
2026-09-07 15:22:59.290138,STN_002,18.54,8.04
2026-09-07 16:22:59.290138,STN_002,16.79,8.02
2026-09-07 17:22:59.290138,STN_002,12.26,7.83
2026-09-07 18:22:59.290138,STN_002,23.74,8.65
2026-09-07 19:22:59.290138,STN_002,11.86,8.3
2026-09-07 20:22:59.290138,STN_002,15.77,7.44
2026-09-07 21:22:59.290138,STN_002,12.24,7.88
2026-09-07 22:22:59.290138,STN_002,,8.34
2026-09-07 23:22:59.290138,STN_002,16.39,8.58
2026-09-08 00:22:59.290138,STN_002,14.62,8.47
2026-09-08 01:22:59.290138,STN_002,13.54,8.13
2026-09-08 02:22:59.290138,STN_002,12.89,7.67
2026-09-08 03:22:59.290138,STN_002,18.63,8.55
2026-09-08 04:22:59.290138,STN_002,11.93,8.2
2026-09-08 05:22:59.290138,STN_002,13.56,8.29
2026-09-08 06:22:59.290138,STN_002,20.67,8.14
2026-09-08 07:22:59.290138,STN_002,18.79,7.83
2026-09-08 08:22:59.290138,STN_002,13.36,8.34
2026-09-08 09:22:59.290138,STN_002,17.07,8.32
2026-09-08 10:22:59.290138,STN_002,18.24,8.12
2026-09-08 11:22:59.290138,STN_002,20.1,8.39
2026-09-08 12:22:59.290138,STN_002,14.46,7.79
2026-09-08 13:22:59.290138,STN_002,12.22,8.01
2026-09-08 14:22:59.290138,STN_002,12.49,8.11
2026-09-08 15:22:59.290138,STN_002,12.71,7.53
2026-09-08 16:22:59.290138,STN_002,14.91,8.02
2026-09-08 17:22:59.290138,STN_002,11.44,8.25
2026-09-08 18:22:59.290138,STN_002,15.35,7.87
2026-09-08 19:22:59.290138,STN_002,13.12,7.96
2026-09-08 20:22:59.290138,STN_002,12.71,8.11
2026-09-08 21:22:59.290138,STN_002,19.77,7.89
2026-08-09 22:22:59.290138,STN_003,6.75,
2026-08-09 23:22:59.290138,STN_003,4.24,
2026-08-10 00:22:59.290138,STN_003,11.0,
2026-08-10 01:22:59.290138,STN_003,11.12,
2026-08-10 02:22:59.290138,STN_003,10.35,
2026-08-10 03:22:59.290138,STN_003,5.48,
2026-08-10 04:22:59.290138,STN_003,11.41,
2026-08-10 05:22:59.290138,STN_003,32.1,
2026-08-10 06:22:59.290138,STN_003,6.02,
2026-08-10 07:22:59.290138,STN_003,8.08,
2026-08-10 08:22:59.290138,STN_003,4.2,
2026-08-10 09:22:59.290138,STN_003,4.77,
2026-08-10 10:22:59.290138,STN_003,9.57,
2026-08-10 11:22:59.290138,STN_003,,
2026-08-10 12:22:59.290138,STN_003,7.8,
2026-08-10 13:22:59.290138,STN_003,6.1,
2026-08-10 14:22:59.290138,STN_003,11.87,
2026-08-10 15:22:59.290138,STN_003,16.33,
2026-08-10 16:22:59.290138,STN_003,12.75,
2026-08-10 17:22:59.290138,STN_003,5.41,
2026-08-10 18:22:59.290138,STN_003,5.01,
2026-08-10 19:22:59.290138,STN_003,6.72,
2026-08-10 20:22:59.290138,STN_003,24.19,
2026-08-10 21:22:59.290138,STN_003,4.26,5.99
2026-08-10 22:22:59.290138,STN_003,7.48,6.83
2026-08-10 23:22:59.290138,STN_003,7.19,6.32
2026-08-11 00:22:59.290138,STN_003,25.13,6.71
2026-08-11 01:22:59.290138,STN_003,5.16,6.43
2026-08-11 02:22:59.290138,STN_003,5.45,6.73
2026-08-11 03:22:59.290138,STN_003,4.74,6.86
2026-08-11 04:22:59.290138,STN_003,14.24,6.77
2026-08-11 05:22:59.290138,STN_003,65.37,6.85
2026-08-11 06:22:59.290138,STN_003,11.17,6.75
2026-08-11 07:22:59.290138,STN_003,13.58,6.92
2026-08-11 08:22:59.290138,STN_003,7.23,7.16
2026-08-11 09:22:59.290138,STN_003,6.65,7.19
2026-08-11 10:22:59.290138,STN_003,5.86,7.11
2026-08-11 11:22:59.290138,STN_003,7.81,6.59
2026-08-11 12:22:59.290138,STN_003,6.68,6.95
2026-08-11 13:22:59.290138,STN_003,6.66,6.78
2026-08-11 14:22:59.290138,STN_003,15.31,7.19
2026-08-11 15:22:59.290138,STN_003,20.8,6.8
2026-08-11 16:22:59.290138,STN_003,10.62,7.15
2026-08-11 17:22:59.290138,STN_003,9.91,6.97
2026-08-11 18:22:59.290138,STN_003,8.82,6.52
2026-08-11 19:22:59.290138,STN_003,4.98,7.35
2026-08-11 20:22:59.290138,STN_003,4.5,6.9
2026-08-11 21:22:59.290138,STN_003,8.95,7.33
2026-08-11 22:22:59.290138,STN_003,9.58,6.48
2026-08-11 23:22:59.290138,STN_003,4.55,6.87
2026-08-12 00:22:59.290138,STN_003,14.89,6.81
2026-08-12 01:22:59.290138,STN_003,4.74,6.95
2026-08-12 02:22:59.290138,STN_003,5.7,6.47
2026-08-12 03:22:59.290138,STN_003,8.82,7.07
2026-08-12 04:22:59.290138,STN_003,5.1,7.4
2026-08-12 05:22:59.290138,STN_003,4.59,6.46
2026-08-12 06:22:59.290138,STN_003,5.97,6.31
2026-08-12 07:22:59.290138,STN_003,10.17,5.84
2026-08-12 08:22:59.290138,STN_003,6.49,6.01
2026-08-12 09:22:59.290138,STN_003,8.59,6.24
2026-08-12 10:22:59.290138,STN_003,7.82,6.12
2026-08-12 11:22:59.290138,STN_003,4.45,6.56
2026-08-12 12:22:59.290138,STN_003,22.23,6.54
2026-08-12 13:22:59.290138,STN_003,4.53,7.17
2026-08-12 14:22:59.290138,STN_003,18.1,6.09
2026-08-12 15:22:59.290138,STN_003,7.55,6.28
2026-08-12 16:22:59.290138,STN_003,17.56,5.92
2026-08-12 17:22:59.290138,STN_003,4.85,5.62
2026-08-12 18:22:59.290138,STN_003,7.05,6.49
2026-08-12 19:22:59.290138,STN_003,5.1,6.42
2026-08-12 20:22:59.290138,STN_003,4.57,6.02
2026-08-12 21:22:59.290138,STN_003,8.2,6.3
2026-08-12 22:22:59.290138,STN_003,5.39,6.06
2026-08-12 23:22:59.290138,STN_003,8.0,6.13
2026-08-13 00:22:59.290138,STN_003,4.94,6.1
2026-08-13 01:22:59.290138,STN_003,6.07,5.94
2026-08-13 02:22:59.290138,STN_003,10.55,6.03
2026-08-13 03:22:59.290138,STN_003,6.76,6.02
2026-08-13 04:22:59.290138,STN_003,8.41,6.39
2026-08-13 05:22:59.290138,STN_003,8.63,5.46
2026-08-13 06:22:59.290138,STN_003,11.89,6.27
2026-08-13 07:22:59.290138,STN_003,6.03,5.98
2026-08-13 08:22:59.290138,STN_003,65.76,6.49
2026-08-13 09:22:59.290138,STN_003,17.5,6.72
2026-08-13 10:22:59.290138,STN_003,9.7,6.89
2026-08-13 11:22:59.290138,STN_003,7.15,6.85
2026-08-13 12:22:59.290138,STN_003,8.45,6.48
2026-08-13 13:22:59.290138,STN_003,9.84,7.06
2026-08-13 14:22:59.290138,STN_003,8.25,6.49
2026-08-13 15:22:59.290138,STN_003,4.53,6.52
2026-08-13 16:22:59.290138,STN_003,5.33,6.72
2026-08-13 17:22:59.290138,STN_003,11.11,6.78
2026-08-13 18:22:59.290138,STN_003,5.73,6.49
2026-08-13 19:22:59.290138,STN_003,9.72,5.83
2026-08-13 20:22:59.290138,STN_003,6.32,6.46
2026-08-13 21:22:59.290138,STN_003,7.41,6.77
2026-08-13 22:22:59.290138,STN_003,4.85,6.94
2026-08-13 23:22:59.290138,STN_003,5.36,6.69
2026-08-14 00:22:59.290138,STN_003,17.17,6.67
2026-08-14 01:22:59.290138,STN_003,13.4,7.56
2026-08-14 02:22:59.290138,STN_003,8.79,6.75
2026-08-14 03:22:59.290138,STN_003,7.03,7.05
2026-08-14 04:22:59.290138,STN_003,9.07,6.47
2026-08-14 05:22:59.290138,STN_003,8.42,6.54
2026-08-14 06:22:59.290138,STN_003,7.93,7.03
2026-08-14 07:22:59.290138,STN_003,4.81,7.14
2026-08-14 08:22:59.290138,STN_003,8.57,6.23
2026-08-14 09:22:59.290138,STN_003,10.42,5.73
2026-08-14 10:22:59.290138,STN_003,25.08,6.37
2026-08-14 11:22:59.290138,STN_003,4.61,
2026-08-14 12:22:59.290138,STN_003,9.8,6.44
2026-08-14 13:22:59.290138,STN_003,7.96,6.22
2026-08-14 14:22:59.290138,STN_003,6.84,6.33
2026-08-14 15:22:59.290138,STN_003,5.11,6.16
2026-08-14 16:22:59.290138,STN_003,6.67,6.06
2026-08-14 17:22:59.290138,STN_003,6.31,6.58
2026-08-14 18:22:59.290138,STN_003,6.01,6.39
2026-08-14 19:22:59.290138,STN_003,9.81,6.31
2026-08-14 20:22:59.290138,STN_003,9.39,6.23
2026-08-14 21:22:59.290138,STN_003,8.12,6.34
2026-08-14 22:22:59.290138,STN_003,15.83,6.55
2026-08-14 23:22:59.290138,STN_003,6.39,7.03
2026-08-15 00:22:59.290138,STN_003,5.78,6.61
2026-08-15 01:22:59.290138,STN_003,8.93,6.17
2026-08-15 02:22:59.290138,STN_003,5.55,6.15
2026-08-15 03:22:59.290138,STN_003,6.18,6.1
2026-08-15 04:22:59.290138,STN_003,5.68,6.25
2026-08-15 05:22:59.290138,STN_003,4.95,6.04
2026-08-15 06:22:59.290138,STN_003,11.7,6.46
2026-08-15 07:22:59.290138,STN_003,5.84,
2026-08-15 08:22:59.290138,STN_003,7.23,6.47
2026-08-15 09:22:59.290138,STN_003,4.84,6.35
2026-08-15 10:22:59.290138,STN_003,9.47,6.51
2026-08-15 11:22:59.290138,STN_003,6.27,6.41
2026-08-15 12:22:59.290138,STN_003,10.13,5.95
2026-08-15 13:22:59.290138,STN_003,6.79,6.37
2026-08-15 14:22:59.290138,STN_003,5.54,6.08
2026-08-15 15:22:59.290138,STN_003,7.55,5.57
2026-08-15 16:22:59.290138,STN_003,5.23,6.19
2026-08-15 17:22:59.290138,STN_003,6.99,5.96
2026-08-15 18:22:59.290138,STN_003,6.19,6.15
2026-08-15 19:22:59.290138,STN_003,14.39,6.68
2026-08-15 20:22:59.290138,STN_003,4.92,6.22
2026-08-15 21:22:59.290138,STN_003,9.4,5.85
2026-08-15 22:22:59.290138,STN_003,5.58,6.38
2026-08-15 23:22:59.290138,STN_003,6.31,6.2
2026-08-16 00:22:59.290138,STN_003,6.92,5.76
2026-08-16 01:22:59.290138,STN_003,14.31,5.66
2026-08-16 02:22:59.290138,STN_003,5.88,5.85
2026-08-16 03:22:59.290138,STN_003,5.15,6.39
2026-08-16 04:22:59.290138,STN_003,6.3,6.05
2026-08-16 05:22:59.290138,STN_003,5.21,6.17
2026-08-16 06:22:59.290138,STN_003,5.32,5.69
2026-08-16 07:22:59.290138,STN_003,8.18,6.37
2026-08-16 08:22:59.290138,STN_003,5.02,5.49
2026-08-16 09:22:59.290138,STN_003,4.9,5.9
2026-08-16 10:22:59.290138,STN_003,9.78,6.22
2026-08-16 11:22:59.290138,STN_003,6.57,5.76
2026-08-16 12:22:59.290138,STN_003,5.31,6.24
2026-08-16 13:22:59.290138,STN_003,5.94,5.79
2026-08-16 14:22:59.290138,STN_003,8.88,5.71
2026-08-16 15:22:59.290138,STN_003,6.06,6.45
2026-08-16 16:22:59.290138,STN_003,45.22,6.45
2026-08-16 17:22:59.290138,STN_003,5.29,6.54
2026-08-16 18:22:59.290138,STN_003,8.32,6.71
2026-08-16 19:22:59.290138,STN_003,6.29,5.55
2026-08-16 20:22:59.290138,STN_003,8.71,6.56
2026-08-16 21:22:59.290138,STN_003,11.38,6.16
2026-08-16 22:22:59.290138,STN_003,8.66,6.24
2026-08-16 23:22:59.290138,STN_003,6.27,6.56
2026-08-17 00:22:59.290138,STN_003,6.05,6.31
2026-08-17 01:22:59.290138,STN_003,6.46,6.53
2026-08-17 02:22:59.290138,STN_003,42.64,6.65
2026-08-17 03:22:59.290138,STN_003,5.67,6.72
2026-08-17 04:22:59.290138,STN_003,11.13,6.56
2026-08-17 05:22:59.290138,STN_003,6.82,6.4
2026-08-17 06:22:59.290138,STN_003,7.16,6.51
2026-08-17 07:22:59.290138,STN_003,8.48,6.71
2026-08-17 08:22:59.290138,STN_003,8.44,7.32
2026-08-17 09:22:59.290138,STN_003,5.15,7.21
2026-08-17 10:22:59.290138,STN_003,12.0,6.59
2026-08-17 11:22:59.290138,STN_003,5.65,6.8
2026-08-17 12:22:59.290138,STN_003,10.01,6.73
2026-08-17 13:22:59.290138,STN_003,10.8,6.9
2026-08-17 14:22:59.290138,STN_003,9.89,6.94
2026-08-17 15:22:59.290138,STN_003,8.33,7.04
2026-08-17 16:22:59.290138,STN_003,4.93,5.68
2026-08-17 17:22:59.290138,STN_003,6.66,6.67
2026-08-17 18:22:59.290138,STN_003,8.59,6.44
2026-08-17 19:22:59.290138,STN_003,6.83,6.36
2026-08-17 20:22:59.290138,STN_003,12.84,6.84
2026-08-17 21:22:59.290138,STN_003,6.35,7.0
2026-08-17 22:22:59.290138,STN_003,6.36,6.76
2026-08-17 23:22:59.290138,STN_003,6.21,6.4
2026-08-18 00:22:59.290138,STN_003,6.59,6.24
2026-08-18 01:22:59.290138,STN_003,8.24,5.67
2026-08-18 02:22:59.290138,STN_003,9.89,6.36
2026-08-18 03:22:59.290138,STN_003,9.32,6.51
2026-08-18 04:22:59.290138,STN_003,11.57,6.31
2026-08-18 05:22:59.290138,STN_003,13.66,6.67
2026-08-18 06:22:59.290138,STN_003,11.75,
2026-08-18 07:22:59.290138,STN_003,5.05,6.35
2026-08-18 08:22:59.290138,STN_003,10.3,6.34
2026-08-18 09:22:59.290138,STN_003,5.91,6.39
2026-08-18 10:22:59.290138,STN_003,5.55,6.72
2026-08-18 11:22:59.290138,STN_003,9.04,6.37
2026-08-18 12:22:59.290138,STN_003,6.52,6.28
2026-08-18 13:22:59.290138,STN_003,5.21,6.04
2026-08-18 14:22:59.290138,STN_003,5.57,6.69
2026-08-18 15:22:59.290138,STN_003,4.98,5.83
2026-08-18 16:22:59.290138,STN_003,14.32,6.17
2026-08-18 17:22:59.290138,STN_003,5.07,6.83
2026-08-18 18:22:59.290138,STN_003,5.92,6.44
2026-08-18 19:22:59.290138,STN_003,7.13,6.3
2026-08-18 20:22:59.290138,STN_003,6.74,6.26
2026-08-18 21:22:59.290138,STN_003,14.68,6.04
2026-08-18 22:22:59.290138,STN_003,5.24,6.31
2026-08-18 23:22:59.290138,STN_003,7.95,6.24
2026-08-19 00:22:59.290138,STN_003,9.64,6.43
2026-08-19 01:22:59.290138,STN_003,15.81,5.98
2026-08-19 02:22:59.290138,STN_003,8.95,6.55
2026-08-19 03:22:59.290138,STN_003,24.92,6.86
2026-08-19 04:22:59.290138,STN_003,5.43,6.45
2026-08-19 05:22:59.290138,STN_003,7.03,6.65
2026-08-19 06:22:59.290138,STN_003,6.95,6.5
2026-08-19 07:22:59.290138,STN_003,13.77,6.3
2026-08-19 08:22:59.290138,STN_003,5.73,6.13
2026-08-19 09:22:59.290138,STN_003,5.74,6.17
2026-08-19 10:22:59.290138,STN_003,6.67,6.54
2026-08-19 11:22:59.290138,STN_003,5.3,6.41
2026-08-19 12:22:59.290138,STN_003,5.88,6.8
2026-08-19 13:22:59.290138,STN_003,18.51,6.77
2026-08-19 14:22:59.290138,STN_003,7.31,6.78
2026-08-19 15:22:59.290138,STN_003,9.08,6.66
2026-08-19 16:22:59.290138,STN_003,10.26,6.25
2026-08-19 17:22:59.290138,STN_003,,6.66
2026-08-19 18:22:59.290138,STN_003,5.71,6.58
2026-08-19 19:22:59.290138,STN_003,6.0,6.21
2026-08-19 20:22:59.290138,STN_003,6.58,6.91
2026-08-19 21:22:59.290138,STN_003,9.12,6.83
2026-08-19 22:22:59.290138,STN_003,7.21,6.19
2026-08-19 23:22:59.290138,STN_003,5.21,6.32
2026-08-20 00:22:59.290138,STN_003,8.14,6.33
2026-08-20 01:22:59.290138,STN_003,15.36,6.68
2026-08-20 02:22:59.290138,STN_003,11.87,6.67
2026-08-20 03:22:59.290138,STN_003,12.16,6.43
2026-08-20 04:22:59.290138,STN_003,11.52,6.54
2026-08-20 05:22:59.290138,STN_003,,6.07
2026-08-20 06:22:59.290138,STN_003,10.97,6.61
2026-08-20 07:22:59.290138,STN_003,5.8,6.4
2026-08-20 08:22:59.290138,STN_003,9.47,6.25
2026-08-20 09:22:59.290138,STN_003,,6.03
2026-08-20 10:22:59.290138,STN_003,5.28,6.48
2026-08-20 11:22:59.290138,STN_003,11.38,6.63
2026-08-20 12:22:59.290138,STN_003,14.52,6.09
2026-08-20 13:22:59.290138,STN_003,6.42,6.5
2026-08-20 14:22:59.290138,STN_003,11.87,6.57
2026-08-20 15:22:59.290138,STN_003,5.52,6.34
2026-08-20 16:22:59.290138,STN_003,8.84,6.61
2026-08-20 17:22:59.290138,STN_003,7.84,6.46
2026-08-20 18:22:59.290138,STN_003,8.34,6.61
2026-08-20 19:22:59.290138,STN_003,15.6,6.76
2026-08-20 20:22:59.290138,STN_003,13.38,6.82
2026-08-20 21:22:59.290138,STN_003,11.33,6.98
2026-08-20 22:22:59.290138,STN_003,6.56,6.79
2026-08-20 23:22:59.290138,STN_003,14.99,6.63
2026-08-21 00:22:59.290138,STN_003,16.07,6.64
2026-08-21 01:22:59.290138,STN_003,12.96,6.5
2026-08-21 02:22:59.290138,STN_003,6.87,6.82
2026-08-21 03:22:59.290138,STN_003,22.62,7.26
2026-08-21 04:22:59.290138,STN_003,9.71,6.74
2026-08-21 05:22:59.290138,STN_003,6.33,6.98
2026-08-21 06:22:59.290138,STN_003,6.4,6.58
2026-08-21 07:22:59.290138,STN_003,6.74,6.87
2026-08-21 08:22:59.290138,STN_003,5.54,7.16
2026-08-21 09:22:59.290138,STN_003,6.06,6.96
2026-08-21 10:22:59.290138,STN_003,5.3,6.28
2026-08-21 11:22:59.290138,STN_003,30.58,7.09
2026-08-21 12:22:59.290138,STN_003,5.63,
2026-08-21 13:22:59.290138,STN_003,9.87,6.92
2026-08-21 14:22:59.290138,STN_003,6.36,7.02
2026-08-21 15:22:59.290138,STN_003,16.78,6.67
2026-08-21 16:22:59.290138,STN_003,13.48,6.98
2026-08-21 17:22:59.290138,STN_003,6.65,7.28
2026-08-21 18:22:59.290138,STN_003,11.4,7.28
2026-08-21 19:22:59.290138,STN_003,11.78,7.11
2026-08-21 20:22:59.290138,STN_003,22.52,6.75
2026-08-21 21:22:59.290138,STN_003,8.92,6.68
2026-08-21 22:22:59.290138,STN_003,5.72,7.04
2026-08-21 23:22:59.290138,STN_003,9.55,7.02
2026-08-22 00:22:59.290138,STN_003,9.3,6.88
2026-08-22 01:22:59.290138,STN_003,9.45,6.63
2026-08-22 02:22:59.290138,STN_003,6.85,7.01
2026-08-22 03:22:59.290138,STN_003,13.24,6.83
2026-08-22 04:22:59.290138,STN_003,18.2,6.96
2026-08-22 05:22:59.290138,STN_003,6.36,7.05
2026-08-22 06:22:59.290138,STN_003,5.75,6.78
2026-08-22 07:22:59.290138,STN_003,6.25,6.71
2026-08-22 08:22:59.290138,STN_003,12.25,7.25
2026-08-22 09:22:59.290138,STN_003,9.9,6.72
2026-08-22 10:22:59.290138,STN_003,9.42,6.84
2026-08-22 11:22:59.290138,STN_003,7.44,7.16
2026-08-22 12:22:59.290138,STN_003,8.83,6.65
2026-08-22 13:22:59.290138,STN_003,6.85,6.76
2026-08-22 14:22:59.290138,STN_003,7.98,6.68
2026-08-22 15:22:59.290138,STN_003,11.68,6.23
2026-08-22 16:22:59.290138,STN_003,21.29,6.79
2026-08-22 17:22:59.290138,STN_003,16.16,6.6
2026-08-22 18:22:59.290138,STN_003,16.25,7.02
2026-08-22 19:22:59.290138,STN_003,7.44,7.24
2026-08-22 20:22:59.290138,STN_003,7.91,6.12
2026-08-22 21:22:59.290138,STN_003,10.27,6.68
2026-08-22 22:22:59.290138,STN_003,15.7,7.03
2026-08-22 23:22:59.290138,STN_003,6.1,6.22
2026-08-23 00:22:59.290138,STN_003,6.93,7.25
2026-08-23 01:22:59.290138,STN_003,30.92,7.14
2026-08-23 02:22:59.290138,STN_003,9.27,7.37
2026-08-23 03:22:59.290138,STN_003,6.95,6.83
2026-08-23 04:22:59.290138,STN_003,7.06,6.77
2026-08-23 05:22:59.290138,STN_003,5.78,6.85
2026-08-23 06:22:59.290138,STN_003,7.2,7.55
2026-08-23 07:22:59.290138,STN_003,13.42,7.37
2026-08-23 08:22:59.290138,STN_003,6.54,6.96
2026-08-23 09:22:59.290138,STN_003,10.24,7.0
2026-08-23 10:22:59.290138,STN_003,9.46,7.12
2026-08-23 11:22:59.290138,STN_003,13.45,7.69
2026-08-23 12:22:59.290138,STN_003,6.05,7.07
2026-08-23 13:22:59.290138,STN_003,20.68,7.08
2026-08-23 14:22:59.290138,STN_003,8.98,6.98
2026-08-23 15:22:59.290138,STN_003,27.07,7.28
2026-08-23 16:22:59.290138,STN_003,15.18,6.98
2026-08-23 17:22:59.290138,STN_003,6.48,7.22
2026-08-23 18:22:59.290138,STN_003,5.71,6.56
2026-08-23 19:22:59.290138,STN_003,6.66,6.9
2026-08-23 20:22:59.290138,STN_003,8.48,7.2
2026-08-23 21:22:59.290138,STN_003,6.24,7.06
2026-08-23 22:22:59.290138,STN_003,6.32,6.75
2026-08-23 23:22:59.290138,STN_003,25.3,6.98
2026-08-24 00:22:59.290138,STN_003,5.72,7.35
2026-08-24 01:22:59.290138,STN_003,6.1,6.47
2026-08-24 02:22:59.290138,STN_003,7.73,6.46
2026-08-24 03:22:59.290138,STN_003,5.84,6.53
2026-08-24 04:22:59.290138,STN_003,7.61,6.81
2026-08-24 05:22:59.290138,STN_003,8.15,6.43
2026-08-24 06:22:59.290138,STN_003,7.98,7.13
2026-08-24 07:22:59.290138,STN_003,13.72,6.57
2026-08-24 08:22:59.290138,STN_003,8.6,6.93
2026-08-24 09:22:59.290138,STN_003,8.11,6.67
2026-08-24 10:22:59.290138,STN_003,43.38,7.11
2026-08-24 11:22:59.290138,STN_003,12.39,6.64
2026-08-24 12:22:59.290138,STN_003,14.6,7.49
2026-08-24 13:22:59.290138,STN_003,13.26,6.84
2026-08-24 14:22:59.290138,STN_003,10.06,6.82
2026-08-24 15:22:59.290138,STN_003,6.17,7.68
2026-08-24 16:22:59.290138,STN_003,6.88,7.06
2026-08-24 17:22:59.290138,STN_003,5.77,7.18
2026-08-24 18:22:59.290138,STN_003,16.27,7.11
2026-08-24 19:22:59.290138,STN_003,9.91,6.87
2026-08-24 20:22:59.290138,STN_003,11.07,6.63
2026-08-24 21:22:59.290138,STN_003,7.08,6.94
2026-08-24 22:22:59.290138,STN_003,13.16,6.81
2026-08-24 23:22:59.290138,STN_003,6.89,6.67
2026-08-25 00:22:59.290138,STN_003,5.69,6.47
2026-08-25 01:22:59.290138,STN_003,7.57,7.0
2026-08-25 02:22:59.290138,STN_003,9.07,7.45
2026-08-25 03:22:59.290138,STN_003,8.29,7.16
2026-08-25 04:22:59.290138,STN_003,13.61,7.01
2026-08-25 05:22:59.290138,STN_003,6.13,7.01
2026-08-25 06:22:59.290138,STN_003,8.91,6.12
2026-08-25 07:22:59.290138,STN_003,8.56,6.86
2026-08-25 08:22:59.290138,STN_003,7.01,6.55
2026-08-25 09:22:59.290138,STN_003,12.59,7.06
2026-08-25 10:22:59.290138,STN_003,11.27,6.67
2026-08-25 11:22:59.290138,STN_003,10.96,6.48
2026-08-25 12:22:59.290138,STN_003,14.04,6.77
2026-08-25 13:22:59.290138,STN_003,10.82,6.74
2026-08-25 14:22:59.290138,STN_003,6.74,7.14
2026-08-25 15:22:59.290138,STN_003,10.57,6.93
2026-08-25 16:22:59.290138,STN_003,7.15,6.79
2026-08-25 17:22:59.290138,STN_003,6.79,6.45
2026-08-25 18:22:59.290138,STN_003,5.99,6.32
2026-08-25 19:22:59.290138,STN_003,11.13,6.84
2026-08-25 20:22:59.290138,STN_003,10.65,6.59
2026-08-25 21:22:59.290138,STN_003,6.75,6.72
2026-08-25 22:22:59.290138,STN_003,11.32,6.94
2026-08-25 23:22:59.290138,STN_003,15.78,6.27
2026-08-26 00:22:59.290138,STN_003,,7.15
2026-08-26 01:22:59.290138,STN_003,6.84,7.01
2026-08-26 02:22:59.290138,STN_003,11.33,6.13
2026-08-26 03:22:59.290138,STN_003,7.07,7.44
2026-08-26 04:22:59.290138,STN_003,9.7,6.8
2026-08-26 05:22:59.290138,STN_003,6.12,6.56
2026-08-26 06:22:59.290138,STN_003,8.19,6.85
2026-08-26 07:22:59.290138,STN_003,11.16,6.42
2026-08-26 08:22:59.290138,STN_003,10.42,6.91
2026-08-26 09:22:59.290138,STN_003,12.53,6.5
2026-08-26 10:22:59.290138,STN_003,14.18,7.37
2026-08-26 11:22:59.290138,STN_003,11.72,6.79
2026-08-26 12:22:59.290138,STN_003,10.24,6.94
2026-08-26 13:22:59.290138,STN_003,5.91,6.46
2026-08-26 14:22:59.290138,STN_003,51.23,7.32
2026-08-26 15:22:59.290138,STN_003,5.94,7.03
2026-08-26 16:22:59.290138,STN_003,12.39,6.65
2026-08-26 17:22:59.290138,STN_003,7.33,7.01
2026-08-26 18:22:59.290138,STN_003,9.09,7.69
2026-08-26 19:22:59.290138,STN_003,7.09,7.33
2026-08-26 20:22:59.290138,STN_003,11.89,6.97
2026-08-26 21:22:59.290138,STN_003,14.49,6.59
2026-08-26 22:22:59.290138,STN_003,7.92,6.89
2026-08-26 23:22:59.290138,STN_003,13.83,6.7
2026-08-27 00:22:59.290138,STN_003,7.12,6.57
2026-08-27 01:22:59.290138,STN_003,8.94,7.38
2026-08-27 02:22:59.290138,STN_003,13.71,7.18
2026-08-27 03:22:59.290138,STN_003,7.46,7.71
2026-08-27 04:22:59.290138,STN_003,18.2,6.94
2026-08-27 05:22:59.290138,STN_003,6.4,7.24
2026-08-27 06:22:59.290138,STN_003,5.96,6.8
2026-08-27 07:22:59.290138,STN_003,15.26,7.08
2026-08-27 08:22:59.290138,STN_003,6.17,7.15
2026-08-27 09:22:59.290138,STN_003,25.14,7.21
2026-08-27 10:22:59.290138,STN_003,17.98,7.37
2026-08-27 11:22:59.290138,STN_003,6.47,7.61
2026-08-27 12:22:59.290138,STN_003,8.97,7.56
2026-08-27 13:22:59.290138,STN_003,6.7,7.08
2026-08-27 14:22:59.290138,STN_003,8.12,6.94
2026-08-27 15:22:59.290138,STN_003,6.14,7.19
2026-08-27 16:22:59.290138,STN_003,6.9,7.22
2026-08-27 17:22:59.290138,STN_003,7.69,6.71
2026-08-27 18:22:59.290138,STN_003,8.19,7.11
2026-08-27 19:22:59.290138,STN_003,21.06,7.12
2026-08-27 20:22:59.290138,STN_003,12.48,6.7
2026-08-27 21:22:59.290138,STN_003,11.23,7.24
2026-08-27 22:22:59.290138,STN_003,9.06,7.07
2026-08-27 23:22:59.290138,STN_003,13.31,6.5
2026-08-28 00:22:59.290138,STN_003,7.64,6.93
2026-08-28 01:22:59.290138,STN_003,10.92,7.05
2026-08-28 02:22:59.290138,STN_003,26.3,6.96
2026-08-28 03:22:59.290138,STN_003,7.49,7.51
2026-08-28 04:22:59.290138,STN_003,10.46,7.46
2026-08-28 05:22:59.290138,STN_003,13.42,7.02
2026-08-28 06:22:59.290138,STN_003,15.88,7.07
2026-08-28 07:22:59.290138,STN_003,11.04,7.15
2026-08-28 08:22:59.290138,STN_003,7.31,7.14
2026-08-28 09:22:59.290138,STN_003,7.56,6.87
2026-08-28 10:22:59.290138,STN_003,6.06,5.84
2026-08-28 11:22:59.290138,STN_003,11.7,7.52
2026-08-28 12:22:59.290138,STN_003,6.16,6.97
2026-08-28 13:22:59.290138,STN_003,,6.98
2026-08-28 14:22:59.290138,STN_003,6.49,7.11
2026-08-28 15:22:59.290138,STN_003,6.74,7.0
2026-08-28 16:22:59.290138,STN_003,8.57,6.91
2026-08-28 17:22:59.290138,STN_003,11.34,6.76
2026-08-28 18:22:59.290138,STN_003,6.58,6.5
2026-08-28 19:22:59.290138,STN_003,8.3,6.54
2026-08-28 20:22:59.290138,STN_003,8.62,6.58
2026-08-28 21:22:59.290138,STN_003,6.94,7.07
2026-08-28 22:22:59.290138,STN_003,6.57,7.09
2026-08-28 23:22:59.290138,STN_003,68.77,7.07
2026-08-29 00:22:59.290138,STN_003,8.87,6.55
2026-08-29 01:22:59.290138,STN_003,6.14,7.31
2026-08-29 02:22:59.290138,STN_003,12.58,7.07
2026-08-29 03:22:59.290138,STN_003,21.89,7.18
2026-08-29 04:22:59.290138,STN_003,9.8,7.59
2026-08-29 05:22:59.290138,STN_003,8.88,7.31
2026-08-29 06:22:59.290138,STN_003,14.51,6.96
2026-08-29 07:22:59.290138,STN_003,18.27,6.96
2026-08-29 08:22:59.290138,STN_003,11.7,7.28
2026-08-29 09:22:59.290138,STN_003,8.44,7.09
2026-08-29 10:22:59.290138,STN_003,9.67,7.37
2026-08-29 11:22:59.290138,STN_003,10.91,7.69
2026-08-29 12:22:59.290138,STN_003,6.94,6.98
2026-08-29 13:22:59.290138,STN_003,8.45,
2026-08-29 14:22:59.290138,STN_003,13.16,7.68
2026-08-29 15:22:59.290138,STN_003,10.33,7.4
2026-08-29 16:22:59.290138,STN_003,8.2,7.64
2026-08-29 17:22:59.290138,STN_003,10.43,7.33
2026-08-29 18:22:59.290138,STN_003,6.58,7.47
2026-08-29 19:22:59.290138,STN_003,8.13,7.55
2026-08-29 20:22:59.290138,STN_003,12.38,7.28
2026-08-29 21:22:59.290138,STN_003,7.08,8.05
2026-08-29 22:22:59.290138,STN_003,7.0,7.64
2026-08-29 23:22:59.290138,STN_003,18.23,7.44
2026-08-30 00:22:59.290138,STN_003,7.12,7.36
2026-08-30 01:22:59.290138,STN_003,,7.14
2026-08-30 02:22:59.290138,STN_003,20.15,7.52
2026-08-30 03:22:59.290138,STN_003,11.48,7.08
2026-08-30 04:22:59.290138,STN_003,10.99,6.81
2026-08-30 05:22:59.290138,STN_003,13.84,7.08
2026-08-30 06:22:59.290138,STN_003,6.67,6.71
2026-08-30 07:22:59.290138,STN_003,67.57,6.79
2026-08-30 08:22:59.290138,STN_003,8.98,7.14
2026-08-30 09:22:59.290138,STN_003,13.24,7.46
2026-08-30 10:22:59.290138,STN_003,9.01,7.75
2026-08-30 11:22:59.290138,STN_003,10.05,7.17
2026-08-30 12:22:59.290138,STN_003,8.77,7.74
2026-08-30 13:22:59.290138,STN_003,8.78,7.08
2026-08-30 14:22:59.290138,STN_003,12.02,7.16
2026-08-30 15:22:59.290138,STN_003,10.14,7.87
2026-08-30 16:22:59.290138,STN_003,10.19,7.46
2026-08-30 17:22:59.290138,STN_003,8.57,7.38
2026-08-30 18:22:59.290138,STN_003,9.21,7.52
2026-08-30 19:22:59.290138,STN_003,11.65,7.12
2026-08-30 20:22:59.290138,STN_003,13.17,7.39
2026-08-30 21:22:59.290138,STN_003,10.95,7.52
2026-08-30 22:22:59.290138,STN_003,16.59,7.99
2026-08-30 23:22:59.290138,STN_003,13.14,7.07
2026-08-31 00:22:59.290138,STN_003,9.57,8.12
2026-08-31 01:22:59.290138,STN_003,10.73,7.59
2026-08-31 02:22:59.290138,STN_003,16.7,7.26
2026-08-31 03:22:59.290138,STN_003,10.13,7.2
2026-08-31 04:22:59.290138,STN_003,13.24,7.68
2026-08-31 05:22:59.290138,STN_003,10.94,7.17
2026-08-31 06:22:59.290138,STN_003,9.48,7.43
2026-08-31 07:22:59.290138,STN_003,7.38,7.03
2026-08-31 08:22:59.290138,STN_003,8.49,7.44
2026-08-31 09:22:59.290138,STN_003,20.01,7.46
2026-08-31 10:22:59.290138,STN_003,10.56,6.97
2026-08-31 11:22:59.290138,STN_003,9.6,7.1
2026-08-31 12:22:59.290138,STN_003,17.08,6.75
2026-08-31 13:22:59.290138,STN_003,9.81,6.63
2026-08-31 14:22:59.290138,STN_003,9.26,6.85
2026-08-31 15:22:59.290138,STN_003,11.97,7.57
2026-08-31 16:22:59.290138,STN_003,11.26,7.47
2026-08-31 17:22:59.290138,STN_003,7.13,7.34
2026-08-31 18:22:59.290138,STN_003,8.82,
2026-08-31 19:22:59.290138,STN_003,8.83,6.99
2026-08-31 20:22:59.290138,STN_003,8.17,6.9
2026-08-31 21:22:59.290138,STN_003,32.39,7.29
2026-08-31 22:22:59.290138,STN_003,8.5,7.22
2026-08-31 23:22:59.290138,STN_003,7.26,6.94
2026-09-01 00:22:59.290138,STN_003,8.5,7.33
2026-09-01 01:22:59.290138,STN_003,6.67,7.26
2026-09-01 02:22:59.290138,STN_003,9.8,6.92
2026-09-01 03:22:59.290138,STN_003,14.06,7.26
2026-09-01 04:22:59.290138,STN_003,11.54,7.49
2026-09-01 05:22:59.290138,STN_003,8.16,7.56
2026-09-01 06:22:59.290138,STN_003,6.73,7.26
2026-09-01 07:22:59.290138,STN_003,7.27,7.25
2026-09-01 08:22:59.290138,STN_003,52.33,7.4
2026-09-01 09:22:59.290138,STN_003,7.3,7.68
2026-09-01 10:22:59.290138,STN_003,9.51,7.04
2026-09-01 11:22:59.290138,STN_003,7.42,7.62
2026-09-01 12:22:59.290138,STN_003,13.93,7.23
2026-09-01 13:22:59.290138,STN_003,8.39,7.75
2026-09-01 14:22:59.290138,STN_003,7.5,7.47
2026-09-01 15:22:59.290138,STN_003,13.06,7.28
2026-09-01 16:22:59.290138,STN_003,8.05,7.2
2026-09-01 17:22:59.290138,STN_003,6.84,7.43
2026-09-01 18:22:59.290138,STN_003,9.75,7.42
2026-09-01 19:22:59.290138,STN_003,9.85,7.17
2026-09-01 20:22:59.290138,STN_003,11.39,7.34
2026-09-01 21:22:59.290138,STN_003,7.47,7.37
2026-09-01 22:22:59.290138,STN_003,8.81,6.71
2026-09-01 23:22:59.290138,STN_003,7.79,7.35
2026-09-02 00:22:59.290138,STN_003,6.8,7.27
2026-09-02 01:22:59.290138,STN_003,14.83,7.54
2026-09-02 02:22:59.290138,STN_003,11.69,6.98
2026-09-02 03:22:59.290138,STN_003,7.9,7.15
2026-09-02 04:22:59.290138,STN_003,10.12,7.2
2026-09-02 05:22:59.290138,STN_003,7.36,7.35
2026-09-02 06:22:59.290138,STN_003,96.78,8.01
2026-09-02 07:22:59.290138,STN_003,6.95,7.5
2026-09-02 08:22:59.290138,STN_003,6.48,7.58
2026-09-02 09:22:59.290138,STN_003,9.25,8.11
2026-09-02 10:22:59.290138,STN_003,9.97,7.7
2026-09-02 11:22:59.290138,STN_003,9.93,8.03
2026-09-02 12:22:59.290138,STN_003,6.69,7.79
2026-09-02 13:22:59.290138,STN_003,7.97,7.88
2026-09-02 14:22:59.290138,STN_003,9.23,7.58
2026-09-02 15:22:59.290138,STN_003,7.44,7.59
2026-09-02 16:22:59.290138,STN_003,14.71,7.57
2026-09-02 17:22:59.290138,STN_003,6.83,7.49
2026-09-02 18:22:59.290138,STN_003,9.14,7.71
2026-09-02 19:22:59.290138,STN_003,11.17,7.34
2026-09-02 20:22:59.290138,STN_003,7.68,8.03
2026-09-02 21:22:59.290138,STN_003,10.38,7.21
2026-09-02 22:22:59.290138,STN_003,13.63,7.79
2026-09-02 23:22:59.290138,STN_003,7.4,7.96
2026-09-03 00:22:59.290138,STN_003,16.53,7.57
2026-09-03 01:22:59.290138,STN_003,9.79,7.25
2026-09-03 02:22:59.290138,STN_003,7.98,7.9
2026-09-03 03:22:59.290138,STN_003,8.81,7.62
2026-09-03 04:22:59.290138,STN_003,8.06,7.79
2026-09-03 05:22:59.290138,STN_003,11.73,7.55
2026-09-03 06:22:59.290138,STN_003,12.92,7.4
2026-09-03 07:22:59.290138,STN_003,13.72,6.3
2026-09-03 08:22:59.290138,STN_003,23.57,7.19
2026-09-03 09:22:59.290138,STN_003,12.83,7.51
2026-09-03 10:22:59.290138,STN_003,10.24,7.14
2026-09-03 11:22:59.290138,STN_003,8.22,7.19
2026-09-03 12:22:59.290138,STN_003,9.71,6.99
2026-09-03 13:22:59.290138,STN_003,6.73,7.12
2026-09-03 14:22:59.290138,STN_003,12.02,6.63
2026-09-03 15:22:59.290138,STN_003,8.92,6.93
2026-09-03 16:22:59.290138,STN_003,6.64,6.85
2026-09-03 17:22:59.290138,STN_003,6.82,7.28
2026-09-03 18:22:59.290138,STN_003,,6.9
2026-09-03 19:22:59.290138,STN_003,10.06,6.9
2026-09-03 20:22:59.290138,STN_003,9.06,6.96
2026-09-03 21:22:59.290138,STN_003,10.42,6.85
2026-09-03 22:22:59.290138,STN_003,9.27,7.14
2026-09-03 23:22:59.290138,STN_003,10.99,7.2
2026-09-04 00:22:59.290138,STN_003,7.64,7.26
2026-09-04 01:22:59.290138,STN_003,7.13,7.19
2026-09-04 02:22:59.290138,STN_003,10.28,7.18
2026-09-04 03:22:59.290138,STN_003,9.31,6.92
2026-09-04 04:22:59.290138,STN_003,6.76,6.89
2026-09-04 05:22:59.290138,STN_003,8.57,6.72
2026-09-04 06:22:59.290138,STN_003,7.1,6.66
2026-09-04 07:22:59.290138,STN_003,9.69,6.95
2026-09-04 08:22:59.290138,STN_003,8.67,6.56
2026-09-04 09:22:59.290138,STN_003,10.45,7.19
2026-09-04 10:22:59.290138,STN_003,13.21,6.77
2026-09-04 11:22:59.290138,STN_003,8.08,7.23
2026-09-04 12:22:59.290138,STN_003,19.75,7.03
2026-09-04 13:22:59.290138,STN_003,9.72,6.65
2026-09-04 14:22:59.290138,STN_003,10.51,6.85
2026-09-04 15:22:59.290138,STN_003,11.22,6.39
2026-09-04 16:22:59.290138,STN_003,11.05,6.98
2026-09-04 17:22:59.290138,STN_003,9.52,6.74
2026-09-04 18:22:59.290138,STN_003,8.89,6.62
2026-09-04 19:22:59.290138,STN_003,6.88,7.38
2026-09-04 20:22:59.290138,STN_003,6.74,7.22
2026-09-04 21:22:59.290138,STN_003,8.43,7.19
2026-09-04 22:22:59.290138,STN_003,8.37,7.13
2026-09-04 23:22:59.290138,STN_003,8.71,6.51
2026-09-05 00:22:59.290138,STN_003,7.34,6.76
2026-09-05 01:22:59.290138,STN_003,12.11,6.82
2026-09-05 02:22:59.290138,STN_003,14.53,6.44
2026-09-05 03:22:59.290138,STN_003,17.92,6.86
2026-09-05 04:22:59.290138,STN_003,9.46,6.88
2026-09-05 05:22:59.290138,STN_003,11.58,7.11
2026-09-05 06:22:59.290138,STN_003,,7.89
2026-09-05 07:22:59.290138,STN_003,8.92,7.12
2026-09-05 08:22:59.290138,STN_003,8.23,7.16
2026-09-05 09:22:59.290138,STN_003,17.79,7.11
2026-09-05 10:22:59.290138,STN_003,9.65,7.38
2026-09-05 11:22:59.290138,STN_003,9.5,6.85
2026-09-05 12:22:59.290138,STN_003,7.53,7.63
2026-09-05 13:22:59.290138,STN_003,7.21,7.01
2026-09-05 14:22:59.290138,STN_003,14.13,6.96
2026-09-05 15:22:59.290138,STN_003,10.56,7.36
2026-09-05 16:22:59.290138,STN_003,8.32,6.78
2026-09-05 17:22:59.290138,STN_003,7.6,7.25
2026-09-05 18:22:59.290138,STN_003,65.13,7.92
2026-09-05 19:22:59.290138,STN_003,10.26,7.46
2026-09-05 20:22:59.290138,STN_003,7.68,8.15
2026-09-05 21:22:59.290138,STN_003,14.37,7.78
2026-09-05 22:22:59.290138,STN_003,7.19,7.79
2026-09-05 23:22:59.290138,STN_003,8.6,8.0
2026-09-06 00:22:59.290138,STN_003,11.4,8.11
2026-09-06 01:22:59.290138,STN_003,8.12,7.67
2026-09-06 02:22:59.290138,STN_003,13.87,7.82
2026-09-06 03:22:59.290138,STN_003,12.23,7.96
2026-09-06 04:22:59.290138,STN_003,13.06,7.22
2026-09-06 05:22:59.290138,STN_003,7.35,7.01
2026-09-06 06:22:59.290138,STN_003,7.45,7.46
2026-09-06 07:22:59.290138,STN_003,8.19,6.94
2026-09-06 08:22:59.290138,STN_003,9.76,7.39
2026-09-06 09:22:59.290138,STN_003,12.35,7.53
2026-09-06 10:22:59.290138,STN_003,14.09,7.39
2026-09-06 11:22:59.290138,STN_003,11.71,7.45
2026-09-06 12:22:59.290138,STN_003,17.4,7.27
2026-09-06 13:22:59.290138,STN_003,12.21,7.85
2026-09-06 14:22:59.290138,STN_003,8.3,7.25
2026-09-06 15:22:59.290138,STN_003,8.07,6.91
2026-09-06 16:22:59.290138,STN_003,11.61,7.51
2026-09-06 17:22:59.290138,STN_003,7.7,7.85
2026-09-06 18:22:59.290138,STN_003,7.23,7.11
2026-09-06 19:22:59.290138,STN_003,9.88,6.74
2026-09-06 20:22:59.290138,STN_003,13.74,7.17
2026-09-06 21:22:59.290138,STN_003,7.27,7.21
2026-09-06 22:22:59.290138,STN_003,13.21,7.17
2026-09-06 23:22:59.290138,STN_003,13.61,7.11
2026-09-07 00:22:59.290138,STN_003,9.57,7.32
2026-09-07 01:22:59.290138,STN_003,7.17,6.64
2026-09-07 02:22:59.290138,STN_003,7.7,6.84
2026-09-07 03:22:59.290138,STN_003,11.85,6.72
2026-09-07 04:22:59.290138,STN_003,11.91,7.5
2026-09-07 05:22:59.290138,STN_003,16.08,7.39
2026-09-07 06:22:59.290138,STN_003,10.43,7.25
2026-09-07 07:22:59.290138,STN_003,7.46,6.76
2026-09-07 08:22:59.290138,STN_003,7.45,7.39
2026-09-07 09:22:59.290138,STN_003,12.04,7.58
2026-09-07 10:22:59.290138,STN_003,7.74,7.29
2026-09-07 11:22:59.290138,STN_003,8.52,7.08
2026-09-07 12:22:59.290138,STN_003,9.6,7.21
2026-09-07 13:22:59.290138,STN_003,7.03,7.06
2026-09-07 14:22:59.290138,STN_003,8.08,7.26
2026-09-07 15:22:59.290138,STN_003,9.03,7.26
2026-09-07 16:22:59.290138,STN_003,8.24,6.89
2026-09-07 17:22:59.290138,STN_003,7.52,6.76
2026-09-07 18:22:59.290138,STN_003,12.14,6.88
2026-09-07 19:22:59.290138,STN_003,13.64,7.19
2026-09-07 20:22:59.290138,STN_003,8.12,6.88
2026-09-07 21:22:59.290138,STN_003,,6.8
2026-09-07 22:22:59.290138,STN_003,8.97,7.01
2026-09-07 23:22:59.290138,STN_003,9.85,7.31
2026-09-08 00:22:59.290138,STN_003,14.78,7.06
2026-09-08 01:22:59.290138,STN_003,12.57,6.98
2026-09-08 02:22:59.290138,STN_003,13.57,7.21
2026-09-08 03:22:59.290138,STN_003,7.61,7.11
2026-09-08 04:22:59.290138,STN_003,7.31,6.46
2026-09-08 05:22:59.290138,STN_003,15.98,7.25
2026-09-08 06:22:59.290138,STN_003,42.03,7.43
2026-09-08 07:22:59.290138,STN_003,8.38,7.32
2026-09-08 08:22:59.290138,STN_003,12.18,7.67
2026-09-08 09:22:59.290138,STN_003,14.27,7.73
2026-09-08 10:22:59.290138,STN_003,14.96,7.67
2026-09-08 11:22:59.290138,STN_003,8.54,7.18
2026-09-08 12:22:59.290138,STN_003,14.67,7.23
2026-09-08 13:22:59.290138,STN_003,7.19,7.81
2026-09-08 14:22:59.290138,STN_003,7.23,6.9
2026-09-08 15:22:59.290138,STN_003,10.93,7.44
2026-09-08 16:22:59.290138,STN_003,7.28,7.61
2026-09-08 17:22:59.290138,STN_003,8.59,6.96
2026-09-08 18:22:59.290138,STN_003,11.49,7.55
2026-09-08 19:22:59.290138,STN_003,8.67,7.72
2026-09-08 20:22:59.290138,STN_003,7.82,6.99
2026-09-08 21:22:59.290138,STN_003,8.35,7.89
2026-08-09 22:22:59.290138,STN_004,2.4,
2026-08-09 23:22:59.290138,STN_004,6.17,
2026-08-10 00:22:59.290138,STN_004,3.57,
2026-08-10 01:22:59.290138,STN_004,7.4,
2026-08-10 02:22:59.290138,STN_004,5.09,
2026-08-10 03:22:59.290138,STN_004,4.31,
2026-08-10 04:22:59.290138,STN_004,2.64,
2026-08-10 05:22:59.290138,STN_004,5.95,
2026-08-10 06:22:59.290138,STN_004,16.62,
2026-08-10 07:22:59.290138,STN_004,8.89,
2026-08-10 08:22:59.290138,STN_004,2.15,
2026-08-10 09:22:59.290138,STN_004,3.79,
2026-08-10 10:22:59.290138,STN_004,12.29,
2026-08-10 11:22:59.290138,STN_004,4.7,
2026-08-10 12:22:59.290138,STN_004,6.24,
2026-08-10 13:22:59.290138,STN_004,11.65,
2026-08-10 14:22:59.290138,STN_004,10.18,
2026-08-10 15:22:59.290138,STN_004,4.69,
2026-08-10 16:22:59.290138,STN_004,4.2,
2026-08-10 17:22:59.290138,STN_004,3.56,
2026-08-10 18:22:59.290138,STN_004,6.98,
2026-08-10 19:22:59.290138,STN_004,3.25,
2026-08-10 20:22:59.290138,STN_004,3.05,
2026-08-10 21:22:59.290138,STN_004,3.66,8.47
2026-08-10 22:22:59.290138,STN_004,2.78,7.71
2026-08-10 23:22:59.290138,STN_004,42.49,8.22
2026-08-11 00:22:59.290138,STN_004,5.83,8.47
2026-08-11 01:22:59.290138,STN_004,4.64,8.34
2026-08-11 02:22:59.290138,STN_004,3.98,8.58
2026-08-11 03:22:59.290138,STN_004,11.59,7.93
2026-08-11 04:22:59.290138,STN_004,2.12,8.62
2026-08-11 05:22:59.290138,STN_004,7.87,8.66
2026-08-11 06:22:59.290138,STN_004,11.29,8.68
2026-08-11 07:22:59.290138,STN_004,12.02,7.92
2026-08-11 08:22:59.290138,STN_004,5.2,7.99
2026-08-11 09:22:59.290138,STN_004,13.57,8.4
2026-08-11 10:22:59.290138,STN_004,2.96,8.02
2026-08-11 11:22:59.290138,STN_004,4.94,7.89
2026-08-11 12:22:59.290138,STN_004,4.58,8.3
2026-08-11 13:22:59.290138,STN_004,3.2,8.42
2026-08-11 14:22:59.290138,STN_004,8.83,9.18
2026-08-11 15:22:59.290138,STN_004,11.2,8.56
2026-08-11 16:22:59.290138,STN_004,8.09,8.95
2026-08-11 17:22:59.290138,STN_004,2.87,8.4
2026-08-11 18:22:59.290138,STN_004,2.37,8.55
2026-08-11 19:22:59.290138,STN_004,5.72,8.36
2026-08-11 20:22:59.290138,STN_004,2.24,9.2
2026-08-11 21:22:59.290138,STN_004,6.47,8.21
2026-08-11 22:22:59.290138,STN_004,5.13,8.29
2026-08-11 23:22:59.290138,STN_004,6.45,8.39
2026-08-12 00:22:59.290138,STN_004,5.67,8.21
2026-08-12 01:22:59.290138,STN_004,4.3,8.02
2026-08-12 02:22:59.290138,STN_004,3.0,8.43
2026-08-12 03:22:59.290138,STN_004,3.57,8.06
2026-08-12 04:22:59.290138,STN_004,5.08,8.08
2026-08-12 05:22:59.290138,STN_004,6.33,8.15
2026-08-12 06:22:59.290138,STN_004,8.15,7.54
2026-08-12 07:22:59.290138,STN_004,7.94,7.55
2026-08-12 08:22:59.290138,STN_004,16.51,8.45
2026-08-12 09:22:59.290138,STN_004,3.45,7.83
2026-08-12 10:22:59.290138,STN_004,2.4,7.99
2026-08-12 11:22:59.290138,STN_004,3.8,8.5
2026-08-12 12:22:59.290138,STN_004,7.55,8.02
2026-08-12 13:22:59.290138,STN_004,4.41,7.99
2026-08-12 14:22:59.290138,STN_004,8.92,8.33
2026-08-12 15:22:59.290138,STN_004,5.29,7.83
2026-08-12 16:22:59.290138,STN_004,12.73,8.41
2026-08-12 17:22:59.290138,STN_004,13.92,8.4
2026-08-12 18:22:59.290138,STN_004,2.39,8.69
2026-08-12 19:22:59.290138,STN_004,4.54,7.92
2026-08-12 20:22:59.290138,STN_004,5.87,8.57
2026-08-12 21:22:59.290138,STN_004,3.29,8.3
2026-08-12 22:22:59.290138,STN_004,4.3,7.74
2026-08-12 23:22:59.290138,STN_004,6.74,7.37
2026-08-13 00:22:59.290138,STN_004,3.24,7.89
2026-08-13 01:22:59.290138,STN_004,5.89,8.23
2026-08-13 02:22:59.290138,STN_004,6.99,8.3
2026-08-13 03:22:59.290138,STN_004,2.59,8.15
2026-08-13 04:22:59.290138,STN_004,4.96,8.15
2026-08-13 05:22:59.290138,STN_004,3.43,8.1
2026-08-13 06:22:59.290138,STN_004,7.36,8.44
2026-08-13 07:22:59.290138,STN_004,3.05,7.66
2026-08-13 08:22:59.290138,STN_004,11.12,8.13
2026-08-13 09:22:59.290138,STN_004,4.46,7.81
2026-08-13 10:22:59.290138,STN_004,3.09,7.79
2026-08-13 11:22:59.290138,STN_004,4.51,
2026-08-13 12:22:59.290138,STN_004,4.31,7.74
2026-08-13 13:22:59.290138,STN_004,4.45,8.0
2026-08-13 14:22:59.290138,STN_004,5.73,8.6
2026-08-13 15:22:59.290138,STN_004,5.15,8.26
2026-08-13 16:22:59.290138,STN_004,2.86,7.79
2026-08-13 17:22:59.290138,STN_004,18.79,7.86
2026-08-13 18:22:59.290138,STN_004,7.44,7.64
2026-08-13 19:22:59.290138,STN_004,5.49,8.41
2026-08-13 20:22:59.290138,STN_004,3.99,8.31
2026-08-13 21:22:59.290138,STN_004,8.82,8.26
2026-08-13 22:22:59.290138,STN_004,4.28,8.31
2026-08-13 23:22:59.290138,STN_004,8.67,7.85
2026-08-14 00:22:59.290138,STN_004,3.77,7.62
2026-08-14 01:22:59.290138,STN_004,2.61,8.23
2026-08-14 02:22:59.290138,STN_004,13.1,8.38
2026-08-14 03:22:59.290138,STN_004,4.32,8.61
2026-08-14 04:22:59.290138,STN_004,8.61,8.1
2026-08-14 05:22:59.290138,STN_004,3.62,8.05
2026-08-14 06:22:59.290138,STN_004,6.47,8.08
2026-08-14 07:22:59.290138,STN_004,,8.41
2026-08-14 08:22:59.290138,STN_004,,8.06
2026-08-14 09:22:59.290138,STN_004,64.79,8.63
2026-08-14 10:22:59.290138,STN_004,5.7,8.91
2026-08-14 11:22:59.290138,STN_004,6.05,8.49
2026-08-14 12:22:59.290138,STN_004,5.27,9.1
2026-08-14 13:22:59.290138,STN_004,10.61,8.93
2026-08-14 14:22:59.290138,STN_004,2.49,8.15
2026-08-14 15:22:59.290138,STN_004,3.52,8.54
2026-08-14 16:22:59.290138,STN_004,10.65,8.15
2026-08-14 17:22:59.290138,STN_004,7.9,8.61
2026-08-14 18:22:59.290138,STN_004,2.38,8.48
2026-08-14 19:22:59.290138,STN_004,5.22,8.88
2026-08-14 20:22:59.290138,STN_004,5.33,8.37
2026-08-14 21:22:59.290138,STN_004,4.36,8.72
2026-08-14 22:22:59.290138,STN_004,3.83,8.78
2026-08-14 23:22:59.290138,STN_004,6.99,8.68
2026-08-15 00:22:59.290138,STN_004,3.35,8.94
2026-08-15 01:22:59.290138,STN_004,8.83,9.27
2026-08-15 02:22:59.290138,STN_004,8.91,8.65
2026-08-15 03:22:59.290138,STN_004,4.56,8.74
2026-08-15 04:22:59.290138,STN_004,3.75,8.31
2026-08-15 05:22:59.290138,STN_004,3.75,8.27
2026-08-15 06:22:59.290138,STN_004,5.05,8.87
2026-08-15 07:22:59.290138,STN_004,7.5,8.81
2026-08-15 08:22:59.290138,STN_004,4.19,8.24
2026-08-15 09:22:59.290138,STN_004,6.18,7.67
2026-08-15 10:22:59.290138,STN_004,4.34,7.86
2026-08-15 11:22:59.290138,STN_004,3.87,7.99
2026-08-15 12:22:59.290138,STN_004,2.52,7.89
2026-08-15 13:22:59.290138,STN_004,2.43,7.99
2026-08-15 14:22:59.290138,STN_004,3.45,8.23
2026-08-15 15:22:59.290138,STN_004,,8.1
2026-08-15 16:22:59.290138,STN_004,10.04,8.12
2026-08-15 17:22:59.290138,STN_004,8.82,7.23
2026-08-15 18:22:59.290138,STN_004,3.66,7.49
2026-08-15 19:22:59.290138,STN_004,3.54,7.72
2026-08-15 20:22:59.290138,STN_004,3.45,7.75
2026-08-15 21:22:59.290138,STN_004,4.07,8.19
2026-08-15 22:22:59.290138,STN_004,5.28,7.71
2026-08-15 23:22:59.290138,STN_004,4.83,8.15
2026-08-16 00:22:59.290138,STN_004,3.5,7.72
2026-08-16 01:22:59.290138,STN_004,3.08,7.55
2026-08-16 02:22:59.290138,STN_004,2.57,7.51
2026-08-16 03:22:59.290138,STN_004,3.19,8.52
2026-08-16 04:22:59.290138,STN_004,7.41,7.63
2026-08-16 05:22:59.290138,STN_004,3.63,8.08
2026-08-16 06:22:59.290138,STN_004,5.05,7.4
2026-08-16 07:22:59.290138,STN_004,6.1,8.28
2026-08-16 08:22:59.290138,STN_004,11.23,8.02
2026-08-16 09:22:59.290138,STN_004,11.31,8.04
2026-08-16 10:22:59.290138,STN_004,8.0,8.11
2026-08-16 11:22:59.290138,STN_004,11.11,8.21
2026-08-16 12:22:59.290138,STN_004,5.94,8.32
2026-08-16 13:22:59.290138,STN_004,8.7,
2026-08-16 14:22:59.290138,STN_004,2.59,7.93
2026-08-16 15:22:59.290138,STN_004,5.71,8.15
2026-08-16 16:22:59.290138,STN_004,10.32,8.34
2026-08-16 17:22:59.290138,STN_004,5.09,8.09
2026-08-16 18:22:59.290138,STN_004,15.0,8.43
2026-08-16 19:22:59.290138,STN_004,2.56,8.38
2026-08-16 20:22:59.290138,STN_004,4.67,8.14
2026-08-16 21:22:59.290138,STN_004,3.19,7.67
2026-08-16 22:22:59.290138,STN_004,6.99,8.08
2026-08-16 23:22:59.290138,STN_004,7.56,8.77
2026-08-17 00:22:59.290138,STN_004,3.4,8.35
2026-08-17 01:22:59.290138,STN_004,11.4,8.13
2026-08-17 02:22:59.290138,STN_004,4.95,8.41
2026-08-17 03:22:59.290138,STN_004,3.24,8.54
2026-08-17 04:22:59.290138,STN_004,8.4,8.15
2026-08-17 05:22:59.290138,STN_004,8.86,8.76
2026-08-17 06:22:59.290138,STN_004,6.7,8.55
2026-08-17 07:22:59.290138,STN_004,10.3,8.11
2026-08-17 08:22:59.290138,STN_004,7.97,8.67
2026-08-17 09:22:59.290138,STN_004,11.18,
2026-08-17 10:22:59.290138,STN_004,4.9,8.33
2026-08-17 11:22:59.290138,STN_004,8.13,8.06
2026-08-17 12:22:59.290138,STN_004,35.82,8.8
2026-08-17 13:22:59.290138,STN_004,7.78,8.56
2026-08-17 14:22:59.290138,STN_004,7.52,8.84
2026-08-17 15:22:59.290138,STN_004,5.54,8.48
2026-08-17 16:22:59.290138,STN_004,6.16,8.41
2026-08-17 17:22:59.290138,STN_004,3.39,8.37
2026-08-17 18:22:59.290138,STN_004,15.8,8.72
2026-08-17 19:22:59.290138,STN_004,3.39,8.4
2026-08-17 20:22:59.290138,STN_004,3.4,8.53
2026-08-17 21:22:59.290138,STN_004,12.49,8.52
2026-08-17 22:22:59.290138,STN_004,5.23,8.81
2026-08-17 23:22:59.290138,STN_004,2.98,8.12
2026-08-18 00:22:59.290138,STN_004,6.37,8.74
2026-08-18 01:22:59.290138,STN_004,6.41,9.14
2026-08-18 02:22:59.290138,STN_004,2.99,8.97
2026-08-18 03:22:59.290138,STN_004,17.1,8.53
2026-08-18 04:22:59.290138,STN_004,5.86,8.85
2026-08-18 05:22:59.290138,STN_004,6.01,8.76
2026-08-18 06:22:59.290138,STN_004,5.66,9.11
2026-08-18 07:22:59.290138,STN_004,6.5,7.88
2026-08-18 08:22:59.290138,STN_004,3.95,8.93
2026-08-18 09:22:59.290138,STN_004,4.08,8.46
2026-08-18 10:22:59.290138,STN_004,5.59,8.32
2026-08-18 11:22:59.290138,STN_004,9.3,8.33
2026-08-18 12:22:59.290138,STN_004,2.93,7.89
2026-08-18 13:22:59.290138,STN_004,6.42,8.09
2026-08-18 14:22:59.290138,STN_004,9.3,7.96
2026-08-18 15:22:59.290138,STN_004,3.41,8.32
2026-08-18 16:22:59.290138,STN_004,2.78,8.42
2026-08-18 17:22:59.290138,STN_004,4.22,8.17
2026-08-18 18:22:59.290138,STN_004,6.27,8.62
2026-08-18 19:22:59.290138,STN_004,3.32,8.0
2026-08-18 20:22:59.290138,STN_004,4.94,8.09
2026-08-18 21:22:59.290138,STN_004,5.94,7.98
2026-08-18 22:22:59.290138,STN_004,6.48,8.33
2026-08-18 23:22:59.290138,STN_004,4.11,8.37
2026-08-19 00:22:59.290138,STN_004,4.87,8.3
2026-08-19 01:22:59.290138,STN_004,8.85,8.13
2026-08-19 02:22:59.290138,STN_004,14.16,7.86
2026-08-19 03:22:59.290138,STN_004,33.36,8.3
2026-08-19 04:22:59.290138,STN_004,6.15,8.84
2026-08-19 05:22:59.290138,STN_004,4.94,8.7
2026-08-19 06:22:59.290138,STN_004,4.44,8.47
2026-08-19 07:22:59.290138,STN_004,3.36,8.24
2026-08-19 08:22:59.290138,STN_004,3.28,8.35
2026-08-19 09:22:59.290138,STN_004,7.49,8.26
2026-08-19 10:22:59.290138,STN_004,4.03,8.72
2026-08-19 11:22:59.290138,STN_004,4.0,8.07
2026-08-19 12:22:59.290138,STN_004,28.09,8.81
2026-08-19 13:22:59.290138,STN_004,3.66,8.35
2026-08-19 14:22:59.290138,STN_004,3.47,8.86
2026-08-19 15:22:59.290138,STN_004,3.24,8.59
2026-08-19 16:22:59.290138,STN_004,6.29,8.26
2026-08-19 17:22:59.290138,STN_004,6.78,8.42
2026-08-19 18:22:59.290138,STN_004,4.64,8.71
2026-08-19 19:22:59.290138,STN_004,5.89,8.37
2026-08-19 20:22:59.290138,STN_004,9.04,8.56
2026-08-19 21:22:59.290138,STN_004,9.64,8.43
2026-08-19 22:22:59.290138,STN_004,15.6,9.2
2026-08-19 23:22:59.290138,STN_004,9.88,9.3
2026-08-20 00:22:59.290138,STN_004,6.26,9.17
2026-08-20 01:22:59.290138,STN_004,3.72,8.65
2026-08-20 02:22:59.290138,STN_004,3.35,8.48
2026-08-20 03:22:59.290138,STN_004,3.15,8.12
2026-08-20 04:22:59.290138,STN_004,7.32,8.82
2026-08-20 05:22:59.290138,STN_004,9.52,8.68
2026-08-20 06:22:59.290138,STN_004,5.77,8.7
2026-08-20 07:22:59.290138,STN_004,17.4,8.45
2026-08-20 08:22:59.290138,STN_004,5.99,8.02
2026-08-20 09:22:59.290138,STN_004,13.91,8.14
2026-08-20 10:22:59.290138,STN_004,6.57,8.64
2026-08-20 11:22:59.290138,STN_004,9.56,8.51
2026-08-20 12:22:59.290138,STN_004,9.37,8.32
2026-08-20 13:22:59.290138,STN_004,13.69,8.7
2026-08-20 14:22:59.290138,STN_004,8.81,8.95
2026-08-20 15:22:59.290138,STN_004,8.44,8.47
2026-08-20 16:22:59.290138,STN_004,3.99,8.27
2026-08-20 17:22:59.290138,STN_004,3.17,8.43
2026-08-20 18:22:59.290138,STN_004,5.84,8.33
2026-08-20 19:22:59.290138,STN_004,3.46,8.8
2026-08-20 20:22:59.290138,STN_004,16.03,8.68
2026-08-20 21:22:59.290138,STN_004,4.3,9.2
2026-08-20 22:22:59.290138,STN_004,10.7,8.84
2026-08-20 23:22:59.290138,STN_004,4.99,9.12
2026-08-21 00:22:59.290138,STN_004,4.59,8.14
2026-08-21 01:22:59.290138,STN_004,13.97,7.67
2026-08-21 02:22:59.290138,STN_004,4.83,8.73
2026-08-21 03:22:59.290138,STN_004,5.01,8.71
2026-08-21 04:22:59.290138,STN_004,3.48,8.6
2026-08-21 05:22:59.290138,STN_004,7.47,8.65
2026-08-21 06:22:59.290138,STN_004,4.39,8.28
2026-08-21 07:22:59.290138,STN_004,6.55,8.69
2026-08-21 08:22:59.290138,STN_004,6.61,8.75
2026-08-21 09:22:59.290138,STN_004,8.11,8.12
2026-08-21 10:22:59.290138,STN_004,8.5,8.39
2026-08-21 11:22:59.290138,STN_004,5.92,8.38
2026-08-21 12:22:59.290138,STN_004,4.64,8.22
2026-08-21 13:22:59.290138,STN_004,10.3,8.05
2026-08-21 14:22:59.290138,STN_004,4.51,8.37
2026-08-21 15:22:59.290138,STN_004,5.86,8.42
2026-08-21 16:22:59.290138,STN_004,5.08,8.17
2026-08-21 17:22:59.290138,STN_004,10.75,8.09
2026-08-21 18:22:59.290138,STN_004,5.29,8.53
2026-08-21 19:22:59.290138,STN_004,4.98,8.19
2026-08-21 20:22:59.290138,STN_004,7.71,8.26
2026-08-21 21:22:59.290138,STN_004,6.72,8.24
2026-08-21 22:22:59.290138,STN_004,3.58,8.7
2026-08-21 23:22:59.290138,STN_004,5.97,8.12
2026-08-22 00:22:59.290138,STN_004,8.45,8.89
2026-08-22 01:22:59.290138,STN_004,22.48,8.67
2026-08-22 02:22:59.290138,STN_004,7.1,9.01
2026-08-22 03:22:59.290138,STN_004,4.98,8.66
2026-08-22 04:22:59.290138,STN_004,4.16,8.4
2026-08-22 05:22:59.290138,STN_004,11.38,8.22
2026-08-22 06:22:59.290138,STN_004,9.87,8.44
2026-08-22 07:22:59.290138,STN_004,4.2,8.97
2026-08-22 08:22:59.290138,STN_004,17.84,8.6
2026-08-22 09:22:59.290138,STN_004,8.15,8.82
2026-08-22 10:22:59.290138,STN_004,4.64,8.65
2026-08-22 11:22:59.290138,STN_004,4.59,8.65
2026-08-22 12:22:59.290138,STN_004,3.79,8.65
2026-08-22 13:22:59.290138,STN_004,4.36,8.67
2026-08-22 14:22:59.290138,STN_004,5.36,8.28
2026-08-22 15:22:59.290138,STN_004,8.41,8.46
2026-08-22 16:22:59.290138,STN_004,4.77,8.64
2026-08-22 17:22:59.290138,STN_004,4.72,8.54
2026-08-22 18:22:59.290138,STN_004,4.47,8.35
2026-08-22 19:22:59.290138,STN_004,5.73,8.62
2026-08-22 20:22:59.290138,STN_004,3.93,8.23
2026-08-22 21:22:59.290138,STN_004,5.79,8.09
2026-08-22 22:22:59.290138,STN_004,8.1,8.6
2026-08-22 23:22:59.290138,STN_004,3.35,8.13
2026-08-23 00:22:59.290138,STN_004,3.27,8.53
2026-08-23 01:22:59.290138,STN_004,3.54,7.7
2026-08-23 02:22:59.290138,STN_004,6.3,8.06
2026-08-23 03:22:59.290138,STN_004,10.94,8.23
2026-08-23 04:22:59.290138,STN_004,3.25,7.84
2026-08-23 05:22:59.290138,STN_004,14.27,8.23
2026-08-23 06:22:59.290138,STN_004,3.68,8.65
2026-08-23 07:22:59.290138,STN_004,10.61,7.96
2026-08-23 08:22:59.290138,STN_004,5.87,8.14
2026-08-23 09:22:59.290138,STN_004,7.54,8.75
2026-08-23 10:22:59.290138,STN_004,6.09,7.93
2026-08-23 11:22:59.290138,STN_004,5.82,8.68
2026-08-23 12:22:59.290138,STN_004,10.44,8.24
2026-08-23 13:22:59.290138,STN_004,8.87,8.39
2026-08-23 14:22:59.290138,STN_004,5.87,8.75
2026-08-23 15:22:59.290138,STN_004,3.7,8.18
2026-08-23 16:22:59.290138,STN_004,3.72,8.5
2026-08-23 17:22:59.290138,STN_004,9.7,8.62
2026-08-23 18:22:59.290138,STN_004,6.25,8.17
2026-08-23 19:22:59.290138,STN_004,5.86,8.14
2026-08-23 20:22:59.290138,STN_004,7.8,8.33
2026-08-23 21:22:59.290138,STN_004,11.06,8.39
2026-08-23 22:22:59.290138,STN_004,7.3,8.13
2026-08-23 23:22:59.290138,STN_004,9.09,8.31
2026-08-24 00:22:59.290138,STN_004,44.61,7.81
2026-08-24 01:22:59.290138,STN_004,5.09,8.76
2026-08-24 02:22:59.290138,STN_004,4.61,9.12
2026-08-24 03:22:59.290138,STN_004,9.79,8.34
2026-08-24 04:22:59.290138,STN_004,5.23,8.72
2026-08-24 05:22:59.290138,STN_004,12.68,9.57
2026-08-24 06:22:59.290138,STN_004,3.62,8.83
2026-08-24 07:22:59.290138,STN_004,3.57,9.19
2026-08-24 08:22:59.290138,STN_004,13.8,8.54
2026-08-24 09:22:59.290138,STN_004,7.51,8.98
2026-08-24 10:22:59.290138,STN_004,5.24,8.49
2026-08-24 11:22:59.290138,STN_004,8.96,8.99
2026-08-24 12:22:59.290138,STN_004,7.79,9.1
2026-08-24 13:22:59.290138,STN_004,6.36,9.01
2026-08-24 14:22:59.290138,STN_004,3.75,8.7
2026-08-24 15:22:59.290138,STN_004,10.02,8.94
2026-08-24 16:22:59.290138,STN_004,11.37,9.01
2026-08-24 17:22:59.290138,STN_004,31.55,9.3
2026-08-24 18:22:59.290138,STN_004,10.93,9.11
2026-08-24 19:22:59.290138,STN_004,11.74,9.47
2026-08-24 20:22:59.290138,STN_004,6.52,9.61
2026-08-24 21:22:59.290138,STN_004,7.6,9.06
2026-08-24 22:22:59.290138,STN_004,5.36,9.17
2026-08-24 23:22:59.290138,STN_004,4.76,8.85
2026-08-25 00:22:59.290138,STN_004,8.55,8.92
2026-08-25 01:22:59.290138,STN_004,11.35,8.97
2026-08-25 02:22:59.290138,STN_004,7.68,8.91
2026-08-25 03:22:59.290138,STN_004,6.3,8.91
2026-08-25 04:22:59.290138,STN_004,4.12,9.43
2026-08-25 05:22:59.290138,STN_004,3.65,7.92
2026-08-25 06:22:59.290138,STN_004,5.79,8.65
2026-08-25 07:22:59.290138,STN_004,3.63,8.7
2026-08-25 08:22:59.290138,STN_004,6.8,9.18
2026-08-25 09:22:59.290138,STN_004,5.36,8.87
2026-08-25 10:22:59.290138,STN_004,9.09,8.91
2026-08-25 11:22:59.290138,STN_004,4.89,9.1
2026-08-25 12:22:59.290138,STN_004,7.03,8.66
2026-08-25 13:22:59.290138,STN_004,6.52,8.91
2026-08-25 14:22:59.290138,STN_004,3.45,8.56
2026-08-25 15:22:59.290138,STN_004,3.73,8.35
2026-08-25 16:22:59.290138,STN_004,4.8,9.15
2026-08-25 17:22:59.290138,STN_004,11.99,8.55
2026-08-25 18:22:59.290138,STN_004,4.07,8.58
2026-08-25 19:22:59.290138,STN_004,8.4,
2026-08-25 20:22:59.290138,STN_004,17.93,8.61
2026-08-25 21:22:59.290138,STN_004,9.68,9.01
2026-08-25 22:22:59.290138,STN_004,4.64,8.4
2026-08-25 23:22:59.290138,STN_004,13.09,8.18
2026-08-26 00:22:59.290138,STN_004,3.92,8.57
2026-08-26 01:22:59.290138,STN_004,6.06,8.16
2026-08-26 02:22:59.290138,STN_004,12.27,8.04
2026-08-26 03:22:59.290138,STN_004,7.63,8.3
2026-08-26 04:22:59.290138,STN_004,,8.38
2026-08-26 05:22:59.290138,STN_004,4.92,8.25
2026-08-26 06:22:59.290138,STN_004,5.41,8.94
2026-08-26 07:22:59.290138,STN_004,6.38,9.13
2026-08-26 08:22:59.290138,STN_004,5.07,8.73
2026-08-26 09:22:59.290138,STN_004,17.42,8.76
2026-08-26 10:22:59.290138,STN_004,14.35,8.65
2026-08-26 11:22:59.290138,STN_004,11.71,8.48
2026-08-26 12:22:59.290138,STN_004,5.72,9.22
2026-08-26 13:22:59.290138,STN_004,8.23,8.73
2026-08-26 14:22:59.290138,STN_004,12.86,8.69
2026-08-26 15:22:59.290138,STN_004,11.13,9.2
2026-08-26 16:22:59.290138,STN_004,5.67,8.88
2026-08-26 17:22:59.290138,STN_004,4.01,9.13
2026-08-26 18:22:59.290138,STN_004,3.85,8.71
2026-08-26 19:22:59.290138,STN_004,6.97,9.12
2026-08-26 20:22:59.290138,STN_004,7.65,9.03
2026-08-26 21:22:59.290138,STN_004,11.12,9.14
2026-08-26 22:22:59.290138,STN_004,5.01,8.55
2026-08-26 23:22:59.290138,STN_004,4.36,8.67
2026-08-27 00:22:59.290138,STN_004,5.54,9.29
2026-08-27 01:22:59.290138,STN_004,5.38,8.63
2026-08-27 02:22:59.290138,STN_004,4.2,8.88
2026-08-27 03:22:59.290138,STN_004,57.69,9.74
2026-08-27 04:22:59.290138,STN_004,6.47,8.5
2026-08-27 05:22:59.290138,STN_004,46.67,9.32
2026-08-27 06:22:59.290138,STN_004,5.37,9.4
2026-08-27 07:22:59.290138,STN_004,5.21,8.85
2026-08-27 08:22:59.290138,STN_004,6.19,9.27
2026-08-27 09:22:59.290138,STN_004,12.03,9.07
2026-08-27 10:22:59.290138,STN_004,3.79,9.53
2026-08-27 11:22:59.290138,STN_004,10.17,8.74
2026-08-27 12:22:59.290138,STN_004,5.47,9.82
2026-08-27 13:22:59.290138,STN_004,11.34,9.49
2026-08-27 14:22:59.290138,STN_004,10.11,8.94
2026-08-27 15:22:59.290138,STN_004,5.35,9.52
2026-08-27 16:22:59.290138,STN_004,8.37,9.41
2026-08-27 17:22:59.290138,STN_004,4.33,9.22
2026-08-27 18:22:59.290138,STN_004,12.69,9.09
2026-08-27 19:22:59.290138,STN_004,5.7,9.46
2026-08-27 20:22:59.290138,STN_004,6.06,9.32
2026-08-27 21:22:59.290138,STN_004,8.52,9.06
2026-08-27 22:22:59.290138,STN_004,10.61,8.92
2026-08-27 23:22:59.290138,STN_004,4.81,9.08
2026-08-28 00:22:59.290138,STN_004,8.06,9.2
2026-08-28 01:22:59.290138,STN_004,5.72,9.7
2026-08-28 02:22:59.290138,STN_004,5.57,9.62
2026-08-28 03:22:59.290138,STN_004,8.41,8.82
2026-08-28 04:22:59.290138,STN_004,5.69,8.83
2026-08-28 05:22:59.290138,STN_004,5.43,8.9
2026-08-28 06:22:59.290138,STN_004,10.96,8.73
2026-08-28 07:22:59.290138,STN_004,4.16,8.72
2026-08-28 08:22:59.290138,STN_004,8.24,8.45
2026-08-28 09:22:59.290138,STN_004,4.87,
2026-08-28 10:22:59.290138,STN_004,3.79,8.6
2026-08-28 11:22:59.290138,STN_004,4.46,8.53
2026-08-28 12:22:59.290138,STN_004,7.46,8.79
2026-08-28 13:22:59.290138,STN_004,8.67,8.78
2026-08-28 14:22:59.290138,STN_004,3.81,8.22
2026-08-28 15:22:59.290138,STN_004,3.88,8.33
2026-08-28 16:22:59.290138,STN_004,13.04,8.31
2026-08-28 17:22:59.290138,STN_004,4.03,8.94
2026-08-28 18:22:59.290138,STN_004,12.71,9.19
2026-08-28 19:22:59.290138,STN_004,4.76,8.37
2026-08-28 20:22:59.290138,STN_004,9.12,8.49
2026-08-28 21:22:59.290138,STN_004,5.21,8.76
2026-08-28 22:22:59.290138,STN_004,11.66,8.32
2026-08-28 23:22:59.290138,STN_004,8.65,8.83
2026-08-29 00:22:59.290138,STN_004,5.88,8.54
2026-08-29 01:22:59.290138,STN_004,19.72,8.14
2026-08-29 02:22:59.290138,STN_004,9.1,8.3
2026-08-29 03:22:59.290138,STN_004,7.66,8.59
2026-08-29 04:22:59.290138,STN_004,22.21,9.19
2026-08-29 05:22:59.290138,STN_004,3.86,8.54
2026-08-29 06:22:59.290138,STN_004,10.44,8.65
2026-08-29 07:22:59.290138,STN_004,,8.88
2026-08-29 08:22:59.290138,STN_004,7.87,8.31
2026-08-29 09:22:59.290138,STN_004,6.25,8.91
2026-08-29 10:22:59.290138,STN_004,11.79,8.43
2026-08-29 11:22:59.290138,STN_004,13.78,9.14
2026-08-29 12:22:59.290138,STN_004,26.82,8.89
2026-08-29 13:22:59.290138,STN_004,4.49,8.81
2026-08-29 14:22:59.290138,STN_004,11.78,9.24
2026-08-29 15:22:59.290138,STN_004,5.06,9.41
2026-08-29 16:22:59.290138,STN_004,7.4,9.24
2026-08-29 17:22:59.290138,STN_004,6.65,9.21
2026-08-29 18:22:59.290138,STN_004,18.02,9.26
2026-08-29 19:22:59.290138,STN_004,14.63,9.39
2026-08-29 20:22:59.290138,STN_004,4.15,9.37
2026-08-29 21:22:59.290138,STN_004,8.49,9.14
2026-08-29 22:22:59.290138,STN_004,10.07,9.46
2026-08-29 23:22:59.290138,STN_004,44.71,9.32
2026-08-30 00:22:59.290138,STN_004,4.51,9.88
2026-08-30 01:22:59.290138,STN_004,6.3,9.67
2026-08-30 02:22:59.290138,STN_004,11.0,10.11
2026-08-30 03:22:59.290138,STN_004,5.37,9.59
2026-08-30 04:22:59.290138,STN_004,6.45,9.58
2026-08-30 05:22:59.290138,STN_004,5.2,8.85
2026-08-30 06:22:59.290138,STN_004,6.42,9.56
2026-08-30 07:22:59.290138,STN_004,12.68,9.7
2026-08-30 08:22:59.290138,STN_004,6.35,9.78
2026-08-30 09:22:59.290138,STN_004,7.17,9.38
2026-08-30 10:22:59.290138,STN_004,5.99,9.19
2026-08-30 11:22:59.290138,STN_004,6.39,8.9
2026-08-30 12:22:59.290138,STN_004,3.99,8.74
2026-08-30 13:22:59.290138,STN_004,5.26,9.04
2026-08-30 14:22:59.290138,STN_004,6.22,8.47
2026-08-30 15:22:59.290138,STN_004,7.94,8.79
2026-08-30 16:22:59.290138,STN_004,6.32,9.04
2026-08-30 17:22:59.290138,STN_004,5.57,9.03
2026-08-30 18:22:59.290138,STN_004,5.89,8.61
2026-08-30 19:22:59.290138,STN_004,5.03,8.45
2026-08-30 20:22:59.290138,STN_004,14.26,8.58
2026-08-30 21:22:59.290138,STN_004,6.87,8.83
2026-08-30 22:22:59.290138,STN_004,23.19,9.66
2026-08-30 23:22:59.290138,STN_004,4.1,9.0
2026-08-31 00:22:59.290138,STN_004,18.46,8.86
2026-08-31 01:22:59.290138,STN_004,5.02,8.95
2026-08-31 02:22:59.290138,STN_004,10.57,9.09
2026-08-31 03:22:59.290138,STN_004,4.26,8.98
2026-08-31 04:22:59.290138,STN_004,14.18,8.75
2026-08-31 05:22:59.290138,STN_004,12.32,8.65
2026-08-31 06:22:59.290138,STN_004,7.41,8.87
2026-08-31 07:22:59.290138,STN_004,4.06,9.14
2026-08-31 08:22:59.290138,STN_004,5.21,8.75
2026-08-31 09:22:59.290138,STN_004,6.11,8.49
2026-08-31 10:22:59.290138,STN_004,6.49,8.3
2026-08-31 11:22:59.290138,STN_004,5.43,8.78
2026-08-31 12:22:59.290138,STN_004,4.16,8.51
2026-08-31 13:22:59.290138,STN_004,7.59,8.7
2026-08-31 14:22:59.290138,STN_004,6.99,9.28
2026-08-31 15:22:59.290138,STN_004,5.35,8.8
2026-08-31 16:22:59.290138,STN_004,4.18,8.58
2026-08-31 17:22:59.290138,STN_004,24.9,9.06
2026-08-31 18:22:59.290138,STN_004,6.65,9.55
2026-08-31 19:22:59.290138,STN_004,9.66,8.97
2026-08-31 20:22:59.290138,STN_004,6.43,8.24
2026-08-31 21:22:59.290138,STN_004,4.2,9.11
2026-08-31 22:22:59.290138,STN_004,5.6,8.89
2026-08-31 23:22:59.290138,STN_004,5.66,8.83
2026-09-01 00:22:59.290138,STN_004,65.55,9.13
2026-09-01 01:22:59.290138,STN_004,8.37,8.98
2026-09-01 02:22:59.290138,STN_004,5.41,9.63
2026-09-01 03:22:59.290138,STN_004,17.85,8.74
2026-09-01 04:22:59.290138,STN_004,5.67,9.13
2026-09-01 05:22:59.290138,STN_004,29.47,9.27
2026-09-01 06:22:59.290138,STN_004,26.37,9.78
2026-09-01 07:22:59.290138,STN_004,4.97,9.9
2026-09-01 08:22:59.290138,STN_004,5.62,9.47
2026-09-01 09:22:59.290138,STN_004,6.78,9.6
2026-09-01 10:22:59.290138,STN_004,8.48,9.64
2026-09-01 11:22:59.290138,STN_004,7.12,9.89
2026-09-01 12:22:59.290138,STN_004,18.07,10.0
2026-09-01 13:22:59.290138,STN_004,9.27,9.54
2026-09-01 14:22:59.290138,STN_004,5.07,9.82
2026-09-01 15:22:59.290138,STN_004,4.56,9.79
2026-09-01 16:22:59.290138,STN_004,8.78,9.68
2026-09-01 17:22:59.290138,STN_004,4.81,9.66
2026-09-01 18:22:59.290138,STN_004,10.32,9.58
2026-09-01 19:22:59.290138,STN_004,5.61,9.59
2026-09-01 20:22:59.290138,STN_004,5.7,9.13
2026-09-01 21:22:59.290138,STN_004,4.16,9.26
2026-09-01 22:22:59.290138,STN_004,9.04,9.83
2026-09-01 23:22:59.290138,STN_004,4.69,9.21
2026-09-02 00:22:59.290138,STN_004,10.14,9.25
2026-09-02 01:22:59.290138,STN_004,6.92,9.08
2026-09-02 02:22:59.290138,STN_004,10.35,9.45
2026-09-02 03:22:59.290138,STN_004,7.72,9.25
2026-09-02 04:22:59.290138,STN_004,4.56,8.91
2026-09-02 05:22:59.290138,STN_004,52.55,9.17
2026-09-02 06:22:59.290138,STN_004,4.5,8.46
2026-09-02 07:22:59.290138,STN_004,6.82,9.04
2026-09-02 08:22:59.290138,STN_004,4.97,8.69
2026-09-02 09:22:59.290138,STN_004,9.8,9.03
2026-09-02 10:22:59.290138,STN_004,13.92,8.95
2026-09-02 11:22:59.290138,STN_004,7.44,8.88
2026-09-02 12:22:59.290138,STN_004,7.21,9.41
2026-09-02 13:22:59.290138,STN_004,9.99,8.67
2026-09-02 14:22:59.290138,STN_004,4.23,8.76
2026-09-02 15:22:59.290138,STN_004,14.21,8.92
2026-09-02 16:22:59.290138,STN_004,5.09,8.96
2026-09-02 17:22:59.290138,STN_004,20.78,8.97
2026-09-02 18:22:59.290138,STN_004,9.54,9.12
2026-09-02 19:22:59.290138,STN_004,10.17,9.36
2026-09-02 20:22:59.290138,STN_004,8.48,9.49
2026-09-02 21:22:59.290138,STN_004,6.77,9.5
2026-09-02 22:22:59.290138,STN_004,7.7,8.74
2026-09-02 23:22:59.290138,STN_004,4.5,9.43
2026-09-03 00:22:59.290138,STN_004,8.22,9.43
2026-09-03 01:22:59.290138,STN_004,8.24,9.11
2026-09-03 02:22:59.290138,STN_004,13.18,9.83
2026-09-03 03:22:59.290138,STN_004,7.13,9.65
2026-09-03 04:22:59.290138,STN_004,4.63,9.27
2026-09-03 05:22:59.290138,STN_004,5.77,8.76
2026-09-03 06:22:59.290138,STN_004,8.57,9.47
2026-09-03 07:22:59.290138,STN_004,5.4,8.95
2026-09-03 08:22:59.290138,STN_004,5.63,8.99
2026-09-03 09:22:59.290138,STN_004,11.18,9.0
2026-09-03 10:22:59.290138,STN_004,7.82,9.62
2026-09-03 11:22:59.290138,STN_004,7.15,8.86
2026-09-03 12:22:59.290138,STN_004,5.84,8.9
2026-09-03 13:22:59.290138,STN_004,9.56,8.66
2026-09-03 14:22:59.290138,STN_004,5.67,8.8
2026-09-03 15:22:59.290138,STN_004,9.65,8.57
2026-09-03 16:22:59.290138,STN_004,4.6,8.63
2026-09-03 17:22:59.290138,STN_004,12.3,8.26
2026-09-03 18:22:59.290138,STN_004,7.08,9.05
2026-09-03 19:22:59.290138,STN_004,6.62,8.8
2026-09-03 20:22:59.290138,STN_004,8.09,8.83
2026-09-03 21:22:59.290138,STN_004,8.22,8.75
2026-09-03 22:22:59.290138,STN_004,4.97,8.78
2026-09-03 23:22:59.290138,STN_004,10.05,9.29
2026-09-04 00:22:59.290138,STN_004,5.69,8.55
2026-09-04 01:22:59.290138,STN_004,13.82,8.91
2026-09-04 02:22:59.290138,STN_004,11.21,8.9
2026-09-04 03:22:59.290138,STN_004,6.1,9.15
2026-09-04 04:22:59.290138,STN_004,11.0,8.99
2026-09-04 05:22:59.290138,STN_004,6.17,9.01
2026-09-04 06:22:59.290138,STN_004,4.83,8.45
2026-09-04 07:22:59.290138,STN_004,17.47,8.69
2026-09-04 08:22:59.290138,STN_004,8.63,8.61
2026-09-04 09:22:59.290138,STN_004,6.84,8.18
2026-09-04 10:22:59.290138,STN_004,6.43,9.03
2026-09-04 11:22:59.290138,STN_004,5.97,8.82
2026-09-04 12:22:59.290138,STN_004,20.35,9.14
2026-09-04 13:22:59.290138,STN_004,4.98,8.99
2026-09-04 14:22:59.290138,STN_004,5.91,9.06
2026-09-04 15:22:59.290138,STN_004,7.06,9.36
2026-09-04 16:22:59.290138,STN_004,,8.98
2026-09-04 17:22:59.290138,STN_004,6.95,9.14
2026-09-04 18:22:59.290138,STN_004,5.18,8.83
2026-09-04 19:22:59.290138,STN_004,5.03,9.16
2026-09-04 20:22:59.290138,STN_004,5.58,8.52
2026-09-04 21:22:59.290138,STN_004,14.24,8.39
2026-09-04 22:22:59.290138,STN_004,,9.59
2026-09-04 23:22:59.290138,STN_004,10.16,9.51
2026-09-05 00:22:59.290138,STN_004,10.16,8.41
2026-09-05 01:22:59.290138,STN_004,11.13,
2026-09-05 02:22:59.290138,STN_004,13.2,9.03
2026-09-05 03:22:59.290138,STN_004,5.72,9.2
2026-09-05 04:22:59.290138,STN_004,5.51,9.46
2026-09-05 05:22:59.290138,STN_004,7.0,8.63
2026-09-05 06:22:59.290138,STN_004,5.73,8.65
2026-09-05 07:22:59.290138,STN_004,9.8,8.89
2026-09-05 08:22:59.290138,STN_004,8.54,8.6
2026-09-05 09:22:59.290138,STN_004,12.81,8.12
2026-09-05 10:22:59.290138,STN_004,4.84,8.86
2026-09-05 11:22:59.290138,STN_004,14.36,9.25
2026-09-05 12:22:59.290138,STN_004,5.88,8.87
2026-09-05 13:22:59.290138,STN_004,7.19,9.08
2026-09-05 14:22:59.290138,STN_004,6.81,9.04
2026-09-05 15:22:59.290138,STN_004,10.21,8.62
2026-09-05 16:22:59.290138,STN_004,6.68,8.94
2026-09-05 17:22:59.290138,STN_004,15.99,8.54
2026-09-05 18:22:59.290138,STN_004,13.81,8.92
2026-09-05 19:22:59.290138,STN_004,12.72,9.15
2026-09-05 20:22:59.290138,STN_004,4.79,9.13
2026-09-05 21:22:59.290138,STN_004,12.2,8.72
2026-09-05 22:22:59.290138,STN_004,10.68,8.85
2026-09-05 23:22:59.290138,STN_004,5.03,9.22
2026-09-06 00:22:59.290138,STN_004,5.04,9.34
2026-09-06 01:22:59.290138,STN_004,5.02,8.97
2026-09-06 02:22:59.290138,STN_004,4.63,8.89
2026-09-06 03:22:59.290138,STN_004,7.77,9.26
2026-09-06 04:22:59.290138,STN_004,,8.86
2026-09-06 05:22:59.290138,STN_004,6.9,9.61
2026-09-06 06:22:59.290138,STN_004,7.7,8.71
2026-09-06 07:22:59.290138,STN_004,18.35,9.5
2026-09-06 08:22:59.290138,STN_004,5.77,9.32
2026-09-06 09:22:59.290138,STN_004,12.41,9.88
2026-09-06 10:22:59.290138,STN_004,7.75,8.84
2026-09-06 11:22:59.290138,STN_004,7.96,8.43
2026-09-06 12:22:59.290138,STN_004,6.27,9.5
2026-09-06 13:22:59.290138,STN_004,7.89,8.69
2026-09-06 14:22:59.290138,STN_004,4.89,9.3
2026-09-06 15:22:59.290138,STN_004,10.38,9.48
2026-09-06 16:22:59.290138,STN_004,,9.23
2026-09-06 17:22:59.290138,STN_004,13.33,9.16
2026-09-06 18:22:59.290138,STN_004,6.42,9.15
2026-09-06 19:22:59.290138,STN_004,5.21,9.22
2026-09-06 20:22:59.290138,STN_004,9.35,9.18
2026-09-06 21:22:59.290138,STN_004,5.31,8.58
2026-09-06 22:22:59.290138,STN_004,10.29,9.51
2026-09-06 23:22:59.290138,STN_004,18.46,9.09
2026-09-07 00:22:59.290138,STN_004,10.73,9.28
2026-09-07 01:22:59.290138,STN_004,4.77,9.33
2026-09-07 02:22:59.290138,STN_004,8.34,9.5
2026-09-07 03:22:59.290138,STN_004,9.44,9.48
2026-09-07 04:22:59.290138,STN_004,11.66,9.14
2026-09-07 05:22:59.290138,STN_004,4.91,9.1
2026-09-07 06:22:59.290138,STN_004,7.3,9.2
2026-09-07 07:22:59.290138,STN_004,7.75,9.32
2026-09-07 08:22:59.290138,STN_004,5.42,8.66
2026-09-07 09:22:59.290138,STN_004,6.24,9.13
2026-09-07 10:22:59.290138,STN_004,7.0,8.67
2026-09-07 11:22:59.290138,STN_004,11.84,9.52
2026-09-07 12:22:59.290138,STN_004,15.28,9.15
2026-09-07 13:22:59.290138,STN_004,8.64,8.92
2026-09-07 14:22:59.290138,STN_004,6.69,9.19
2026-09-07 15:22:59.290138,STN_004,5.85,
2026-09-07 16:22:59.290138,STN_004,20.78,9.1
2026-09-07 17:22:59.290138,STN_004,20.98,8.67
2026-09-07 18:22:59.290138,STN_004,15.04,8.98
2026-09-07 19:22:59.290138,STN_004,10.84,9.29
2026-09-07 20:22:59.290138,STN_004,6.26,8.8
2026-09-07 21:22:59.290138,STN_004,11.47,9.18
2026-09-07 22:22:59.290138,STN_004,6.87,9.19
2026-09-07 23:22:59.290138,STN_004,6.35,9.01
2026-09-08 00:22:59.290138,STN_004,10.24,9.47
2026-09-08 01:22:59.290138,STN_004,5.1,8.98
2026-09-08 02:22:59.290138,STN_004,4.97,9.24
2026-09-08 03:22:59.290138,STN_004,,9.09
2026-09-08 04:22:59.290138,STN_004,7.13,9.12
2026-09-08 05:22:59.290138,STN_004,13.81,9.71
2026-09-08 06:22:59.290138,STN_004,5.31,9.27
2026-09-08 07:22:59.290138,STN_004,5.3,9.3
2026-09-08 08:22:59.290138,STN_004,5.41,8.96
2026-09-08 09:22:59.290138,STN_004,4.89,9.37
2026-09-08 10:22:59.290138,STN_004,5.07,9.34
2026-09-08 11:22:59.290138,STN_004,9.09,9.29
2026-09-08 12:22:59.290138,STN_004,7.03,8.71
2026-09-08 13:22:59.290138,STN_004,10.54,8.91
2026-09-08 14:22:59.290138,STN_004,24.4,9.67
2026-09-08 15:22:59.290138,STN_004,9.08,9.06
2026-09-08 16:22:59.290138,STN_004,4.98,9.6
2026-09-08 17:22:59.290138,STN_004,5.21,8.84
2026-09-08 18:22:59.290138,STN_004,13.29,9.03
2026-09-08 19:22:59.290138,STN_004,7.77,8.9
2026-09-08 20:22:59.290138,STN_004,11.74,8.75
2026-09-08 21:22:59.290138,STN_004,12.54,8.77
2026-08-09 22:22:59.290138,STN_005,1.91,
2026-08-09 23:22:59.290138,STN_005,3.79,
2026-08-10 00:22:59.290138,STN_005,10.23,
2026-08-10 01:22:59.290138,STN_005,8.2,
2026-08-10 02:22:59.290138,STN_005,3.4,
2026-08-10 03:22:59.290138,STN_005,0.85,
2026-08-10 04:22:59.290138,STN_005,3.77,
2026-08-10 05:22:59.290138,STN_005,5.58,
2026-08-10 06:22:59.290138,STN_005,2.36,
2026-08-10 07:22:59.290138,STN_005,1.17,
2026-08-10 08:22:59.290138,STN_005,,
2026-08-10 09:22:59.290138,STN_005,6.61,
2026-08-10 10:22:59.290138,STN_005,2.43,
2026-08-10 11:22:59.290138,STN_005,7.39,
2026-08-10 12:22:59.290138,STN_005,2.24,
2026-08-10 13:22:59.290138,STN_005,1.42,
2026-08-10 14:22:59.290138,STN_005,2.99,
2026-08-10 15:22:59.290138,STN_005,3.11,
2026-08-10 16:22:59.290138,STN_005,0.77,
2026-08-10 17:22:59.290138,STN_005,1.2,
2026-08-10 18:22:59.290138,STN_005,1.52,
2026-08-10 19:22:59.290138,STN_005,1.18,
2026-08-10 20:22:59.290138,STN_005,2.37,
2026-08-10 21:22:59.290138,STN_005,14.07,4.58
2026-08-10 22:22:59.290138,STN_005,3.65,4.74
2026-08-10 23:22:59.290138,STN_005,4.76,3.5
2026-08-11 00:22:59.290138,STN_005,2.57,4.24
2026-08-11 01:22:59.290138,STN_005,2.37,4.04
2026-08-11 02:22:59.290138,STN_005,0.9,4.43
2026-08-11 03:22:59.290138,STN_005,3.58,4.17
2026-08-11 04:22:59.290138,STN_005,3.45,4.33
2026-08-11 05:22:59.290138,STN_005,1.49,4.53
2026-08-11 06:22:59.290138,STN_005,6.59,4.13
2026-08-11 07:22:59.290138,STN_005,3.52,4.44
2026-08-11 08:22:59.290138,STN_005,2.46,4.8
2026-08-11 09:22:59.290138,STN_005,1.44,4.54
2026-08-11 10:22:59.290138,STN_005,4.02,3.83
2026-08-11 11:22:59.290138,STN_005,6.39,4.21
2026-08-11 12:22:59.290138,STN_005,2.13,4.4
2026-08-11 13:22:59.290138,STN_005,1.79,4.46
2026-08-11 14:22:59.290138,STN_005,3.76,4.23
2026-08-11 15:22:59.290138,STN_005,9.63,4.17
2026-08-11 16:22:59.290138,STN_005,5.2,4.41
2026-08-11 17:22:59.290138,STN_005,4.52,4.1
2026-08-11 18:22:59.290138,STN_005,,4.75
2026-08-11 19:22:59.290138,STN_005,0.95,4.98
2026-08-11 20:22:59.290138,STN_005,4.68,4.55
2026-08-11 21:22:59.290138,STN_005,2.2,4.27
2026-08-11 22:22:59.290138,STN_005,1.27,4.62
2026-08-11 23:22:59.290138,STN_005,6.61,4.58
2026-08-12 00:22:59.290138,STN_005,2.42,4.27
2026-08-12 01:22:59.290138,STN_005,3.37,4.34
2026-08-12 02:22:59.290138,STN_005,1.99,4.18
2026-08-12 03:22:59.290138,STN_005,4.86,4.43
2026-08-12 04:22:59.290138,STN_005,2.34,4.46
2026-08-12 05:22:59.290138,STN_005,14.68,4.24
2026-08-12 06:22:59.290138,STN_005,5.76,4.15
2026-08-12 07:22:59.290138,STN_005,1.5,4.06
2026-08-12 08:22:59.290138,STN_005,3.06,4.58
2026-08-12 09:22:59.290138,STN_005,2.85,4.47
2026-08-12 10:22:59.290138,STN_005,3.96,4.45
2026-08-12 11:22:59.290138,STN_005,8.29,4.63
2026-08-12 12:22:59.290138,STN_005,4.41,4.23
2026-08-12 13:22:59.290138,STN_005,1.16,4.18
2026-08-12 14:22:59.290138,STN_005,5.17,4.58
2026-08-12 15:22:59.290138,STN_005,0.94,3.92
2026-08-12 16:22:59.290138,STN_005,6.96,4.38
2026-08-12 17:22:59.290138,STN_005,5.3,
2026-08-12 18:22:59.290138,STN_005,2.38,4.07
2026-08-12 19:22:59.290138,STN_005,2.29,4.35
2026-08-12 20:22:59.290138,STN_005,7.31,3.87
2026-08-12 21:22:59.290138,STN_005,7.03,4.47
2026-08-12 22:22:59.290138,STN_005,2.75,5.16
2026-08-12 23:22:59.290138,STN_005,2.43,4.68
2026-08-13 00:22:59.290138,STN_005,4.29,4.37
2026-08-13 01:22:59.290138,STN_005,1.04,5.19
2026-08-13 02:22:59.290138,STN_005,1.36,4.01
2026-08-13 03:22:59.290138,STN_005,1.55,4.64
2026-08-13 04:22:59.290138,STN_005,1.83,4.52
2026-08-13 05:22:59.290138,STN_005,3.88,4.33
2026-08-13 06:22:59.290138,STN_005,20.45,4.77
2026-08-13 07:22:59.290138,STN_005,5.24,4.21
2026-08-13 08:22:59.290138,STN_005,1.26,4.64
2026-08-13 09:22:59.290138,STN_005,3.99,4.61
2026-08-13 10:22:59.290138,STN_005,3.76,4.29
2026-08-13 11:22:59.290138,STN_005,1.63,5.08
2026-08-13 12:22:59.290138,STN_005,11.13,4.5
2026-08-13 13:22:59.290138,STN_005,3.34,4.53
2026-08-13 14:22:59.290138,STN_005,21.87,4.4
2026-08-13 15:22:59.290138,STN_005,3.19,4.68
2026-08-13 16:22:59.290138,STN_005,4.76,5.41
2026-08-13 17:22:59.290138,STN_005,1.45,4.6
2026-08-13 18:22:59.290138,STN_005,3.43,4.84
2026-08-13 19:22:59.290138,STN_005,2.1,4.97
2026-08-13 20:22:59.290138,STN_005,8.23,4.64
2026-08-13 21:22:59.290138,STN_005,7.14,4.57
2026-08-13 22:22:59.290138,STN_005,8.07,4.9
2026-08-13 23:22:59.290138,STN_005,6.26,4.72
2026-08-14 00:22:59.290138,STN_005,8.27,4.72
2026-08-14 01:22:59.290138,STN_005,2.01,5.11
2026-08-14 02:22:59.290138,STN_005,3.52,4.83
2026-08-14 03:22:59.290138,STN_005,5.82,5.25
2026-08-14 04:22:59.290138,STN_005,5.17,4.88
2026-08-14 05:22:59.290138,STN_005,6.15,4.54
2026-08-14 06:22:59.290138,STN_005,2.13,3.75
2026-08-14 07:22:59.290138,STN_005,1.53,4.2
2026-08-14 08:22:59.290138,STN_005,11.06,4.33
2026-08-14 09:22:59.290138,STN_005,4.4,4.91
2026-08-14 10:22:59.290138,STN_005,1.78,4.52
2026-08-14 11:22:59.290138,STN_005,7.42,4.27
2026-08-14 12:22:59.290138,STN_005,10.97,4.82
2026-08-14 13:22:59.290138,STN_005,10.38,4.6
2026-08-14 14:22:59.290138,STN_005,7.92,4.94
2026-08-14 15:22:59.290138,STN_005,11.94,5.01
2026-08-14 16:22:59.290138,STN_005,12.26,5.1
2026-08-14 17:22:59.290138,STN_005,10.93,4.25
2026-08-14 18:22:59.290138,STN_005,4.28,5.04
2026-08-14 19:22:59.290138,STN_005,2.88,5.0
2026-08-14 20:22:59.290138,STN_005,1.14,
2026-08-14 21:22:59.290138,STN_005,1.37,4.28
2026-08-14 22:22:59.290138,STN_005,3.46,4.87
2026-08-14 23:22:59.290138,STN_005,3.26,5.2
2026-08-15 00:22:59.290138,STN_005,2.03,4.05
2026-08-15 01:22:59.290138,STN_005,3.23,4.59
2026-08-15 02:22:59.290138,STN_005,1.98,4.86
2026-08-15 03:22:59.290138,STN_005,8.77,5.19
2026-08-15 04:22:59.290138,STN_005,2.63,4.74
2026-08-15 05:22:59.290138,STN_005,4.87,5.4
2026-08-15 06:22:59.290138,STN_005,4.01,4.3
2026-08-15 07:22:59.290138,STN_005,1.43,4.23
2026-08-15 08:22:59.290138,STN_005,12.62,5.15
2026-08-15 09:22:59.290138,STN_005,4.21,4.14
2026-08-15 10:22:59.290138,STN_005,2.79,4.99
2026-08-15 11:22:59.290138,STN_005,1.91,4.72
2026-08-15 12:22:59.290138,STN_005,2.87,4.47
2026-08-15 13:22:59.290138,STN_005,1.3,4.54
2026-08-15 14:22:59.290138,STN_005,3.02,4.24
2026-08-15 15:22:59.290138,STN_005,4.25,4.46
2026-08-15 16:22:59.290138,STN_005,9.44,4.54
2026-08-15 17:22:59.290138,STN_005,5.87,4.37
2026-08-15 18:22:59.290138,STN_005,1.69,4.3
2026-08-15 19:22:59.290138,STN_005,1.86,4.54
2026-08-15 20:22:59.290138,STN_005,3.45,4.98
2026-08-15 21:22:59.290138,STN_005,2.09,4.41
2026-08-15 22:22:59.290138,STN_005,1.43,4.73
2026-08-15 23:22:59.290138,STN_005,7.86,4.24
2026-08-16 00:22:59.290138,STN_005,1.4,4.12
2026-08-16 01:22:59.290138,STN_005,8.42,4.7
2026-08-16 02:22:59.290138,STN_005,1.94,4.49
2026-08-16 03:22:59.290138,STN_005,16.02,4.96
2026-08-16 04:22:59.290138,STN_005,5.02,5.04
2026-08-16 05:22:59.290138,STN_005,6.63,4.91
2026-08-16 06:22:59.290138,STN_005,1.79,4.89
2026-08-16 07:22:59.290138,STN_005,9.24,3.68
2026-08-16 08:22:59.290138,STN_005,8.63,4.81
2026-08-16 09:22:59.290138,STN_005,5.55,4.94
2026-08-16 10:22:59.290138,STN_005,4.11,4.31
2026-08-16 11:22:59.290138,STN_005,6.43,4.74
2026-08-16 12:22:59.290138,STN_005,1.34,4.41
2026-08-16 13:22:59.290138,STN_005,4.91,5.06
2026-08-16 14:22:59.290138,STN_005,8.84,4.51
2026-08-16 15:22:59.290138,STN_005,3.09,4.55
2026-08-16 16:22:59.290138,STN_005,1.78,4.59
2026-08-16 17:22:59.290138,STN_005,3.5,5.38
2026-08-16 18:22:59.290138,STN_005,6.51,5.05
2026-08-16 19:22:59.290138,STN_005,1.77,5.23
2026-08-16 20:22:59.290138,STN_005,2.24,4.19
2026-08-16 21:22:59.290138,STN_005,1.96,4.35
2026-08-16 22:22:59.290138,STN_005,7.8,5.21
2026-08-16 23:22:59.290138,STN_005,1.68,4.22
2026-08-17 00:22:59.290138,STN_005,6.06,4.59
2026-08-17 01:22:59.290138,STN_005,3.25,5.36
2026-08-17 02:22:59.290138,STN_005,7.06,4.5
2026-08-17 03:22:59.290138,STN_005,14.76,4.23
2026-08-17 04:22:59.290138,STN_005,1.91,4.77
2026-08-17 05:22:59.290138,STN_005,,4.19
2026-08-17 06:22:59.290138,STN_005,8.07,5.15
2026-08-17 07:22:59.290138,STN_005,2.66,4.45
2026-08-17 08:22:59.290138,STN_005,2.39,4.34
2026-08-17 09:22:59.290138,STN_005,8.4,4.7
2026-08-17 10:22:59.290138,STN_005,18.82,4.69
2026-08-17 11:22:59.290138,STN_005,4.68,4.88
2026-08-17 12:22:59.290138,STN_005,2.73,4.97
2026-08-17 13:22:59.290138,STN_005,3.46,4.73
2026-08-17 14:22:59.290138,STN_005,2.17,4.4
2026-08-17 15:22:59.290138,STN_005,7.16,5.0
2026-08-17 16:22:59.290138,STN_005,7.36,4.62
2026-08-17 17:22:59.290138,STN_005,9.74,4.62
2026-08-17 18:22:59.290138,STN_005,9.88,4.95
2026-08-17 19:22:59.290138,STN_005,4.72,4.35
2026-08-17 20:22:59.290138,STN_005,2.39,5.05
2026-08-17 21:22:59.290138,STN_005,3.09,5.0
2026-08-17 22:22:59.290138,STN_005,7.67,5.29
2026-08-17 23:22:59.290138,STN_005,2.38,
2026-08-18 00:22:59.290138,STN_005,5.59,5.36
2026-08-18 01:22:59.290138,STN_005,5.78,5.14
2026-08-18 02:22:59.290138,STN_005,13.85,5.03
2026-08-18 03:22:59.290138,STN_005,7.49,5.52
2026-08-18 04:22:59.290138,STN_005,8.04,5.05
2026-08-18 05:22:59.290138,STN_005,4.56,4.88
2026-08-18 06:22:59.290138,STN_005,2.35,5.03
2026-08-18 07:22:59.290138,STN_005,3.74,4.84
2026-08-18 08:22:59.290138,STN_005,4.71,5.13
2026-08-18 09:22:59.290138,STN_005,6.06,5.4
2026-08-18 10:22:59.290138,STN_005,5.27,4.89
2026-08-18 11:22:59.290138,STN_005,3.53,4.91
2026-08-18 12:22:59.290138,STN_005,2.76,5.12
2026-08-18 13:22:59.290138,STN_005,2.26,5.23
2026-08-18 14:22:59.290138,STN_005,6.26,4.77
2026-08-18 15:22:59.290138,STN_005,5.67,4.94
2026-08-18 16:22:59.290138,STN_005,6.18,5.12
2026-08-18 17:22:59.290138,STN_005,3.39,4.93
2026-08-18 18:22:59.290138,STN_005,2.74,4.21
2026-08-18 19:22:59.290138,STN_005,7.23,5.08
2026-08-18 20:22:59.290138,STN_005,7.47,4.99
2026-08-18 21:22:59.290138,STN_005,3.96,5.02
2026-08-18 22:22:59.290138,STN_005,5.41,4.48
2026-08-18 23:22:59.290138,STN_005,3.5,4.89
2026-08-19 00:22:59.290138,STN_005,6.47,5.11
2026-08-19 01:22:59.290138,STN_005,8.85,4.61
2026-08-19 02:22:59.290138,STN_005,6.29,4.63
2026-08-19 03:22:59.290138,STN_005,4.5,5.05
2026-08-19 04:22:59.290138,STN_005,4.08,4.56
2026-08-19 05:22:59.290138,STN_005,5.74,4.71
2026-08-19 06:22:59.290138,STN_005,6.18,4.49
2026-08-19 07:22:59.290138,STN_005,4.9,5.36
2026-08-19 08:22:59.290138,STN_005,5.55,4.97
2026-08-19 09:22:59.290138,STN_005,2.03,4.71
2026-08-19 10:22:59.290138,STN_005,13.75,4.72
2026-08-19 11:22:59.290138,STN_005,7.88,4.52
2026-08-19 12:22:59.290138,STN_005,3.5,4.86
2026-08-19 13:22:59.290138,STN_005,4.94,5.12
2026-08-19 14:22:59.290138,STN_005,1.82,4.64
2026-08-19 15:22:59.290138,STN_005,1.8,4.88
2026-08-19 16:22:59.290138,STN_005,2.78,4.71
2026-08-19 17:22:59.290138,STN_005,6.31,5.26
2026-08-19 18:22:59.290138,STN_005,9.27,4.71
2026-08-19 19:22:59.290138,STN_005,4.9,5.11
2026-08-19 20:22:59.290138,STN_005,4.67,5.28
2026-08-19 21:22:59.290138,STN_005,3.69,4.74
2026-08-19 22:22:59.290138,STN_005,2.43,4.67
2026-08-19 23:22:59.290138,STN_005,2.23,5.11
2026-08-20 00:22:59.290138,STN_005,7.45,4.31
2026-08-20 01:22:59.290138,STN_005,12.23,5.0
2026-08-20 02:22:59.290138,STN_005,4.18,4.38
2026-08-20 03:22:59.290138,STN_005,6.04,5.23
2026-08-20 04:22:59.290138,STN_005,11.56,4.85
2026-08-20 05:22:59.290138,STN_005,2.11,4.87
2026-08-20 06:22:59.290138,STN_005,7.62,4.69
2026-08-20 07:22:59.290138,STN_005,5.57,4.44
2026-08-20 08:22:59.290138,STN_005,,5.3
2026-08-20 09:22:59.290138,STN_005,3.11,4.87
2026-08-20 10:22:59.290138,STN_005,6.34,5.83
2026-08-20 11:22:59.290138,STN_005,8.06,4.62
2026-08-20 12:22:59.290138,STN_005,2.21,4.66
2026-08-20 13:22:59.290138,STN_005,4.78,4.58
2026-08-20 14:22:59.290138,STN_005,2.16,4.8
2026-08-20 15:22:59.290138,STN_005,9.97,
2026-08-20 16:22:59.290138,STN_005,4.56,5.24
2026-08-20 17:22:59.290138,STN_005,8.33,4.5
2026-08-20 18:22:59.290138,STN_005,3.56,5.27
2026-08-20 19:22:59.290138,STN_005,2.26,5.09
2026-08-20 20:22:59.290138,STN_005,1.9,5.01
2026-08-20 21:22:59.290138,STN_005,3.05,4.65
2026-08-20 22:22:59.290138,STN_005,2.95,4.7
2026-08-20 23:22:59.290138,STN_005,38.9,5.23
2026-08-21 00:22:59.290138,STN_005,1.92,4.97
2026-08-21 01:22:59.290138,STN_005,4.77,5.47
2026-08-21 02:22:59.290138,STN_005,3.82,4.89
2026-08-21 03:22:59.290138,STN_005,5.27,4.48
2026-08-21 04:22:59.290138,STN_005,6.68,4.64
2026-08-21 05:22:59.290138,STN_005,5.85,4.69
2026-08-21 06:22:59.290138,STN_005,18.54,5.07
2026-08-21 07:22:59.290138,STN_005,2.43,5.19
2026-08-21 08:22:59.290138,STN_005,4.08,5.13
2026-08-21 09:22:59.290138,STN_005,4.04,5.26
2026-08-21 10:22:59.290138,STN_005,3.99,5.02
2026-08-21 11:22:59.290138,STN_005,6.19,5.02
2026-08-21 12:22:59.290138,STN_005,4.52,5.63
2026-08-21 13:22:59.290138,STN_005,4.75,5.46
2026-08-21 14:22:59.290138,STN_005,4.1,5.24
2026-08-21 15:22:59.290138,STN_005,21.0,5.49
2026-08-21 16:22:59.290138,STN_005,12.33,4.7
2026-08-21 17:22:59.290138,STN_005,3.3,4.99
2026-08-21 18:22:59.290138,STN_005,2.3,5.09
2026-08-21 19:22:59.290138,STN_005,9.15,5.04
2026-08-21 20:22:59.290138,STN_005,25.3,5.01
2026-08-21 21:22:59.290138,STN_005,3.22,5.6
2026-08-21 22:22:59.290138,STN_005,3.7,5.92
2026-08-21 23:22:59.290138,STN_005,13.3,5.28
2026-08-22 00:22:59.290138,STN_005,6.9,5.52
2026-08-22 01:22:59.290138,STN_005,3.33,
2026-08-22 02:22:59.290138,STN_005,5.41,5.2
2026-08-22 03:22:59.290138,STN_005,13.48,5.67
2026-08-22 04:22:59.290138,STN_005,8.61,4.99
2026-08-22 05:22:59.290138,STN_005,7.35,4.87
2026-08-22 06:22:59.290138,STN_005,7.27,4.9
2026-08-22 07:22:59.290138,STN_005,2.72,5.59
2026-08-22 08:22:59.290138,STN_005,8.9,5.4
2026-08-22 09:22:59.290138,STN_005,3.22,5.48
2026-08-22 10:22:59.290138,STN_005,12.59,5.94
2026-08-22 11:22:59.290138,STN_005,3.75,5.07
2026-08-22 12:22:59.290138,STN_005,9.73,5.82
2026-08-22 13:22:59.290138,STN_005,3.17,5.33
2026-08-22 14:22:59.290138,STN_005,4.82,5.29
2026-08-22 15:22:59.290138,STN_005,,5.33
2026-08-22 16:22:59.290138,STN_005,6.25,5.32
2026-08-22 17:22:59.290138,STN_005,9.17,
2026-08-22 18:22:59.290138,STN_005,37.54,5.78
2026-08-22 19:22:59.290138,STN_005,4.89,5.58
2026-08-22 20:22:59.290138,STN_005,2.12,5.3
2026-08-22 21:22:59.290138,STN_005,12.77,5.32
2026-08-22 22:22:59.290138,STN_005,,5.56
2026-08-22 23:22:59.290138,STN_005,7.51,5.03
2026-08-23 00:22:59.290138,STN_005,8.37,5.13
2026-08-23 01:22:59.290138,STN_005,,5.38
2026-08-23 02:22:59.290138,STN_005,4.36,5.64
2026-08-23 03:22:59.290138,STN_005,7.32,6.07
2026-08-23 04:22:59.290138,STN_005,5.96,5.36
2026-08-23 05:22:59.290138,STN_005,9.73,4.89
2026-08-23 06:22:59.290138,STN_005,8.52,5.2
2026-08-23 07:22:59.290138,STN_005,2.2,5.63
2026-08-23 08:22:59.290138,STN_005,3.94,5.1
2026-08-23 09:22:59.290138,STN_005,2.17,4.99
2026-08-23 10:22:59.290138,STN_005,2.46,5.49
2026-08-23 11:22:59.290138,STN_005,5.71,5.45
2026-08-23 12:22:59.290138,STN_005,10.31,4.87
2026-08-23 13:22:59.290138,STN_005,19.83,5.19
2026-08-23 14:22:59.290138,STN_005,4.43,5.83
2026-08-23 15:22:59.290138,STN_005,11.7,5.79
2026-08-23 16:22:59.290138,STN_005,8.77,5.19
2026-08-23 17:22:59.290138,STN_005,4.97,4.92
2026-08-23 18:22:59.290138,STN_005,7.94,5.35
2026-08-23 19:22:59.290138,STN_005,4.99,5.18
2026-08-23 20:22:59.290138,STN_005,2.72,5.33
2026-08-23 21:22:59.290138,STN_005,2.57,5.38
2026-08-23 22:22:59.290138,STN_005,2.97,4.89
2026-08-23 23:22:59.290138,STN_005,3.86,5.01
2026-08-24 00:22:59.290138,STN_005,12.8,4.91
2026-08-24 01:22:59.290138,STN_005,8.56,4.93
2026-08-24 02:22:59.290138,STN_005,4.4,5.36
2026-08-24 03:22:59.290138,STN_005,4.85,5.21
2026-08-24 04:22:59.290138,STN_005,3.37,4.68
2026-08-24 05:22:59.290138,STN_005,7.01,5.34
2026-08-24 06:22:59.290138,STN_005,8.63,5.02
2026-08-24 07:22:59.290138,STN_005,3.23,5.37
2026-08-24 08:22:59.290138,STN_005,2.3,4.82
2026-08-24 09:22:59.290138,STN_005,6.04,4.87
2026-08-24 10:22:59.290138,STN_005,5.44,5.25
2026-08-24 11:22:59.290138,STN_005,4.19,4.84
2026-08-24 12:22:59.290138,STN_005,6.26,5.05
2026-08-24 13:22:59.290138,STN_005,5.33,4.65
2026-08-24 14:22:59.290138,STN_005,3.29,4.88
2026-08-24 15:22:59.290138,STN_005,4.16,4.93
2026-08-24 16:22:59.290138,STN_005,4.37,4.91
2026-08-24 17:22:59.290138,STN_005,10.62,4.84
2026-08-24 18:22:59.290138,STN_005,15.1,5.11
2026-08-24 19:22:59.290138,STN_005,11.07,5.1
2026-08-24 20:22:59.290138,STN_005,7.21,5.07
2026-08-24 21:22:59.290138,STN_005,5.65,4.93
2026-08-24 22:22:59.290138,STN_005,6.91,5.49
2026-08-24 23:22:59.290138,STN_005,13.43,5.37
2026-08-25 00:22:59.290138,STN_005,3.38,4.86
2026-08-25 01:22:59.290138,STN_005,5.3,5.34
2026-08-25 02:22:59.290138,STN_005,6.91,5.43
2026-08-25 03:22:59.290138,STN_005,6.78,5.16
2026-08-25 04:22:59.290138,STN_005,3.4,5.18
2026-08-25 05:22:59.290138,STN_005,5.77,4.55
2026-08-25 06:22:59.290138,STN_005,8.59,4.92
2026-08-25 07:22:59.290138,STN_005,4.81,5.44
2026-08-25 08:22:59.290138,STN_005,8.54,5.0
2026-08-25 09:22:59.290138,STN_005,4.02,5.17
2026-08-25 10:22:59.290138,STN_005,13.41,5.03
2026-08-25 11:22:59.290138,STN_005,5.29,5.36
2026-08-25 12:22:59.290138,STN_005,5.86,5.41
2026-08-25 13:22:59.290138,STN_005,2.36,5.39
2026-08-25 14:22:59.290138,STN_005,2.98,4.92
2026-08-25 15:22:59.290138,STN_005,6.24,5.31
2026-08-25 16:22:59.290138,STN_005,4.41,5.76
2026-08-25 17:22:59.290138,STN_005,5.07,5.46
2026-08-25 18:22:59.290138,STN_005,2.49,5.16
2026-08-25 19:22:59.290138,STN_005,9.42,4.54
2026-08-25 20:22:59.290138,STN_005,47.09,5.38
2026-08-25 21:22:59.290138,STN_005,3.05,5.92
2026-08-25 22:22:59.290138,STN_005,6.36,5.84
2026-08-25 23:22:59.290138,STN_005,9.15,
2026-08-26 00:22:59.290138,STN_005,6.43,5.21
2026-08-26 01:22:59.290138,STN_005,3.82,5.43
2026-08-26 02:22:59.290138,STN_005,6.6,5.65
2026-08-26 03:22:59.290138,STN_005,3.28,
2026-08-26 04:22:59.290138,STN_005,3.87,5.48
2026-08-26 05:22:59.290138,STN_005,3.43,5.63
2026-08-26 06:22:59.290138,STN_005,5.59,5.33
2026-08-26 07:22:59.290138,STN_005,2.79,5.3
2026-08-26 08:22:59.290138,STN_005,13.16,5.23
2026-08-26 09:22:59.290138,STN_005,24.61,5.67
2026-08-26 10:22:59.290138,STN_005,3.32,5.75
2026-08-26 11:22:59.290138,STN_005,5.08,5.67
2026-08-26 12:22:59.290138,STN_005,3.63,5.07
2026-08-26 13:22:59.290138,STN_005,5.39,5.11
2026-08-26 14:22:59.290138,STN_005,4.05,5.8
2026-08-26 15:22:59.290138,STN_005,13.27,5.58
2026-08-26 16:22:59.290138,STN_005,3.57,5.58
2026-08-26 17:22:59.290138,STN_005,4.64,5.57
2026-08-26 18:22:59.290138,STN_005,2.46,6.04
2026-08-26 19:22:59.290138,STN_005,8.22,5.37
2026-08-26 20:22:59.290138,STN_005,6.22,5.5
2026-08-26 21:22:59.290138,STN_005,6.01,5.26
2026-08-26 22:22:59.290138,STN_005,5.59,
2026-08-26 23:22:59.290138,STN_005,6.0,4.93
2026-08-27 00:22:59.290138,STN_005,13.34,5.05
2026-08-27 01:22:59.290138,STN_005,2.47,5.55
2026-08-27 02:22:59.290138,STN_005,16.09,5.67
2026-08-27 03:22:59.290138,STN_005,3.28,5.41
2026-08-27 04:22:59.290138,STN_005,3.16,5.14
2026-08-27 05:22:59.290138,STN_005,3.23,5.02
2026-08-27 06:22:59.290138,STN_005,6.89,5.64
2026-08-27 07:22:59.290138,STN_005,4.89,4.93
2026-08-27 08:22:59.290138,STN_005,21.64,5.36
2026-08-27 09:22:59.290138,STN_005,3.46,5.92
2026-08-27 10:22:59.290138,STN_005,3.92,5.06
2026-08-27 11:22:59.290138,STN_005,19.03,
2026-08-27 12:22:59.290138,STN_005,9.56,4.86
2026-08-27 13:22:59.290138,STN_005,4.97,6.1
2026-08-27 14:22:59.290138,STN_005,5.67,5.5
2026-08-27 15:22:59.290138,STN_005,9.84,5.11
2026-08-27 16:22:59.290138,STN_005,5.06,5.32
2026-08-27 17:22:59.290138,STN_005,3.35,5.17
2026-08-27 18:22:59.290138,STN_005,9.48,4.87
2026-08-27 19:22:59.290138,STN_005,5.52,5.64
2026-08-27 20:22:59.290138,STN_005,3.1,5.39
2026-08-27 21:22:59.290138,STN_005,5.25,5.58
2026-08-27 22:22:59.290138,STN_005,4.66,5.38
2026-08-27 23:22:59.290138,STN_005,10.91,5.46
2026-08-28 00:22:59.290138,STN_005,3.07,4.67
2026-08-28 01:22:59.290138,STN_005,10.86,5.68
2026-08-28 02:22:59.290138,STN_005,5.4,4.99
2026-08-28 03:22:59.290138,STN_005,4.6,5.08
2026-08-28 04:22:59.290138,STN_005,3.24,5.17
2026-08-28 05:22:59.290138,STN_005,7.36,4.75
2026-08-28 06:22:59.290138,STN_005,85.44,5.84
2026-08-28 07:22:59.290138,STN_005,4.41,5.82
2026-08-28 08:22:59.290138,STN_005,3.64,5.75
2026-08-28 09:22:59.290138,STN_005,5.77,5.37
2026-08-28 10:22:59.290138,STN_005,8.89,6.2
2026-08-28 11:22:59.290138,STN_005,2.55,5.91
2026-08-28 12:22:59.290138,STN_005,,5.5
2026-08-28 13:22:59.290138,STN_005,6.16,5.6
2026-08-28 14:22:59.290138,STN_005,4.06,6.01
2026-08-28 15:22:59.290138,STN_005,4.93,5.64
2026-08-28 16:22:59.290138,STN_005,3.67,5.33
2026-08-28 17:22:59.290138,STN_005,,5.73
2026-08-28 18:22:59.290138,STN_005,6.56,5.4
2026-08-28 19:22:59.290138,STN_005,5.57,5.51
2026-08-28 20:22:59.290138,STN_005,4.52,5.72
2026-08-28 21:22:59.290138,STN_005,3.91,6.04
2026-08-28 22:22:59.290138,STN_005,9.55,6.39
2026-08-28 23:22:59.290138,STN_005,5.03,6.14
2026-08-29 00:22:59.290138,STN_005,5.41,5.73
2026-08-29 01:22:59.290138,STN_005,5.57,6.39
2026-08-29 02:22:59.290138,STN_005,5.01,5.88
2026-08-29 03:22:59.290138,STN_005,3.81,5.41
2026-08-29 04:22:59.290138,STN_005,3.14,5.73
2026-08-29 05:22:59.290138,STN_005,3.04,5.47
2026-08-29 06:22:59.290138,STN_005,8.3,4.65
2026-08-29 07:22:59.290138,STN_005,20.93,4.81
2026-08-29 08:22:59.290138,STN_005,2.86,5.11
2026-08-29 09:22:59.290138,STN_005,,5.41
2026-08-29 10:22:59.290138,STN_005,3.3,5.45
2026-08-29 11:22:59.290138,STN_005,6.55,4.79
2026-08-29 12:22:59.290138,STN_005,4.28,5.06
2026-08-29 13:22:59.290138,STN_005,3.17,5.27
2026-08-29 14:22:59.290138,STN_005,4.77,5.17
2026-08-29 15:22:59.290138,STN_005,2.69,5.32
2026-08-29 16:22:59.290138,STN_005,9.99,5.03
2026-08-29 17:22:59.290138,STN_005,5.51,5.52
2026-08-29 18:22:59.290138,STN_005,3.23,5.11
2026-08-29 19:22:59.290138,STN_005,3.71,5.32
2026-08-29 20:22:59.290138,STN_005,5.01,4.98
2026-08-29 21:22:59.290138,STN_005,3.47,5.11
2026-08-29 22:22:59.290138,STN_005,3.98,4.58
2026-08-29 23:22:59.290138,STN_005,5.78,4.82
2026-08-30 00:22:59.290138,STN_005,48.78,5.37
2026-08-30 01:22:59.290138,STN_005,4.78,5.45
2026-08-30 02:22:59.290138,STN_005,7.78,6.25
2026-08-30 03:22:59.290138,STN_005,11.1,5.39
2026-08-30 04:22:59.290138,STN_005,3.7,5.1
2026-08-30 05:22:59.290138,STN_005,9.31,6.07
2026-08-30 06:22:59.290138,STN_005,8.39,5.89
2026-08-30 07:22:59.290138,STN_005,4.49,5.08
2026-08-30 08:22:59.290138,STN_005,20.96,5.72
2026-08-30 09:22:59.290138,STN_005,3.94,5.79
2026-08-30 10:22:59.290138,STN_005,3.9,5.59
2026-08-30 11:22:59.290138,STN_005,8.64,5.66
2026-08-30 12:22:59.290138,STN_005,5.01,5.38
2026-08-30 13:22:59.290138,STN_005,4.33,5.73
2026-08-30 14:22:59.290138,STN_005,3.51,5.42
2026-08-30 15:22:59.290138,STN_005,8.52,4.82
2026-08-30 16:22:59.290138,STN_005,8.9,5.66
2026-08-30 17:22:59.290138,STN_005,6.07,5.11
2026-08-30 18:22:59.290138,STN_005,15.34,6.01
2026-08-30 19:22:59.290138,STN_005,4.26,5.37
2026-08-30 20:22:59.290138,STN_005,3.72,4.97
2026-08-30 21:22:59.290138,STN_005,7.25,5.2
2026-08-30 22:22:59.290138,STN_005,8.51,5.78
2026-08-30 23:22:59.290138,STN_005,3.84,5.83
2026-08-31 00:22:59.290138,STN_005,3.14,4.97
2026-08-31 01:22:59.290138,STN_005,9.48,5.11
2026-08-31 02:22:59.290138,STN_005,17.83,5.51
2026-08-31 03:22:59.290138,STN_005,6.96,5.77
2026-08-31 04:22:59.290138,STN_005,4.13,5.12
2026-08-31 05:22:59.290138,STN_005,25.65,5.73
2026-08-31 06:22:59.290138,STN_005,11.77,5.13
2026-08-31 07:22:59.290138,STN_005,5.7,5.75
2026-08-31 08:22:59.290138,STN_005,9.8,5.79
2026-08-31 09:22:59.290138,STN_005,9.59,5.77
2026-08-31 10:22:59.290138,STN_005,13.74,5.99
2026-08-31 11:22:59.290138,STN_005,10.18,5.99
2026-08-31 12:22:59.290138,STN_005,6.95,6.28
2026-08-31 13:22:59.290138,STN_005,6.58,
2026-08-31 14:22:59.290138,STN_005,5.34,6.31
2026-08-31 15:22:59.290138,STN_005,6.76,5.46
2026-08-31 16:22:59.290138,STN_005,9.17,5.68
2026-08-31 17:22:59.290138,STN_005,16.72,5.8
2026-08-31 18:22:59.290138,STN_005,5.34,5.44
2026-08-31 19:22:59.290138,STN_005,6.23,5.06
2026-08-31 20:22:59.290138,STN_005,5.18,6.04
2026-08-31 21:22:59.290138,STN_005,7.24,5.5
2026-08-31 22:22:59.290138,STN_005,6.9,5.66
2026-08-31 23:22:59.290138,STN_005,2.99,6.25
2026-09-01 00:22:59.290138,STN_005,6.04,5.97
2026-09-01 01:22:59.290138,STN_005,3.29,6.27
2026-09-01 02:22:59.290138,STN_005,3.03,5.66
2026-09-01 03:22:59.290138,STN_005,9.18,5.81
2026-09-01 04:22:59.290138,STN_005,4.12,5.57
2026-09-01 05:22:59.290138,STN_005,17.89,5.32
2026-09-01 06:22:59.290138,STN_005,3.18,
2026-09-01 07:22:59.290138,STN_005,3.71,5.36
2026-09-01 08:22:59.290138,STN_005,66.61,6.16
2026-09-01 09:22:59.290138,STN_005,5.64,5.76
2026-09-01 10:22:59.290138,STN_005,11.42,5.86
2026-09-01 11:22:59.290138,STN_005,4.94,5.84
2026-09-01 12:22:59.290138,STN_005,4.17,6.17
2026-09-01 13:22:59.290138,STN_005,4.63,5.7
2026-09-01 14:22:59.290138,STN_005,7.91,6.21
2026-09-01 15:22:59.290138,STN_005,6.16,5.57
2026-09-01 16:22:59.290138,STN_005,12.3,5.95
2026-09-01 17:22:59.290138,STN_005,6.61,5.58
2026-09-01 18:22:59.290138,STN_005,5.64,6.12
2026-09-01 19:22:59.290138,STN_005,27.97,5.72
2026-09-01 20:22:59.290138,STN_005,14.71,5.83
2026-09-01 21:22:59.290138,STN_005,4.68,5.65
2026-09-01 22:22:59.290138,STN_005,4.17,6.05
2026-09-01 23:22:59.290138,STN_005,6.85,6.23
2026-09-02 00:22:59.290138,STN_005,5.78,6.2
2026-09-02 01:22:59.290138,STN_005,21.12,6.16
2026-09-02 02:22:59.290138,STN_005,5.5,6.02
2026-09-02 03:22:59.290138,STN_005,3.32,6.09
2026-09-02 04:22:59.290138,STN_005,18.17,6.22
2026-09-02 05:22:59.290138,STN_005,10.44,6.3
2026-09-02 06:22:59.290138,STN_005,3.8,6.29
2026-09-02 07:22:59.290138,STN_005,12.41,6.83
2026-09-02 08:22:59.290138,STN_005,4.68,5.8
2026-09-02 09:22:59.290138,STN_005,4.91,5.89
2026-09-02 10:22:59.290138,STN_005,12.49,5.81
2026-09-02 11:22:59.290138,STN_005,6.04,5.7
2026-09-02 12:22:59.290138,STN_005,3.61,5.9
2026-09-02 13:22:59.290138,STN_005,4.86,5.67
2026-09-02 14:22:59.290138,STN_005,8.14,5.78
2026-09-02 15:22:59.290138,STN_005,3.78,6.13
2026-09-02 16:22:59.290138,STN_005,6.58,
2026-09-02 17:22:59.290138,STN_005,7.77,5.86
2026-09-02 18:22:59.290138,STN_005,4.7,4.99
2026-09-02 19:22:59.290138,STN_005,7.75,
2026-09-02 20:22:59.290138,STN_005,11.64,5.39
2026-09-02 21:22:59.290138,STN_005,5.57,5.58
2026-09-02 22:22:59.290138,STN_005,5.04,5.5
2026-09-02 23:22:59.290138,STN_005,4.27,5.59
2026-09-03 00:22:59.290138,STN_005,6.82,5.44
2026-09-03 01:22:59.290138,STN_005,11.59,5.59
2026-09-03 02:22:59.290138,STN_005,4.68,4.96
2026-09-03 03:22:59.290138,STN_005,5.13,5.52
2026-09-03 04:22:59.290138,STN_005,38.91,5.38
2026-09-03 05:22:59.290138,STN_005,6.4,5.98
2026-09-03 06:22:59.290138,STN_005,4.15,5.34
2026-09-03 07:22:59.290138,STN_005,10.02,5.91
2026-09-03 08:22:59.290138,STN_005,4.51,5.6
2026-09-03 09:22:59.290138,STN_005,8.0,5.08
2026-09-03 10:22:59.290138,STN_005,5.99,5.31
2026-09-03 11:22:59.290138,STN_005,6.64,5.84
2026-09-03 12:22:59.290138,STN_005,3.9,5.82
2026-09-03 13:22:59.290138,STN_005,8.42,5.23
2026-09-03 14:22:59.290138,STN_005,3.95,6.05
2026-09-03 15:22:59.290138,STN_005,3.59,5.57
2026-09-03 16:22:59.290138,STN_005,6.27,5.84
2026-09-03 17:22:59.290138,STN_005,8.05,5.21
2026-09-03 18:22:59.290138,STN_005,3.32,5.43
2026-09-03 19:22:59.290138,STN_005,3.4,5.66
2026-09-03 20:22:59.290138,STN_005,9.6,
2026-09-03 21:22:59.290138,STN_005,9.73,4.67
2026-09-03 22:22:59.290138,STN_005,9.5,5.54
2026-09-03 23:22:59.290138,STN_005,7.02,5.03
2026-09-04 00:22:59.290138,STN_005,5.55,5.29
2026-09-04 01:22:59.290138,STN_005,7.21,5.16
2026-09-04 02:22:59.290138,STN_005,11.15,5.97
2026-09-04 03:22:59.290138,STN_005,3.54,6.05
2026-09-04 04:22:59.290138,STN_005,9.22,5.47
2026-09-04 05:22:59.290138,STN_005,5.92,
2026-09-04 06:22:59.290138,STN_005,6.53,5.39
2026-09-04 07:22:59.290138,STN_005,7.45,5.7
2026-09-04 08:22:59.290138,STN_005,13.44,4.84
2026-09-04 09:22:59.290138,STN_005,3.44,5.08
2026-09-04 10:22:59.290138,STN_005,3.32,5.68
2026-09-04 11:22:59.290138,STN_005,3.99,5.72
2026-09-04 12:22:59.290138,STN_005,20.41,5.67
2026-09-04 13:22:59.290138,STN_005,8.23,5.18
2026-09-04 14:22:59.290138,STN_005,7.02,5.82
2026-09-04 15:22:59.290138,STN_005,3.4,5.93
2026-09-04 16:22:59.290138,STN_005,11.66,5.78
2026-09-04 17:22:59.290138,STN_005,9.91,4.83
2026-09-04 18:22:59.290138,STN_005,7.58,5.65
2026-09-04 19:22:59.290138,STN_005,4.86,5.8
2026-09-04 20:22:59.290138,STN_005,3.5,5.42
2026-09-04 21:22:59.290138,STN_005,6.67,5.6
2026-09-04 22:22:59.290138,STN_005,8.39,5.4
2026-09-04 23:22:59.290138,STN_005,3.69,5.27
2026-09-05 00:22:59.290138,STN_005,7.32,5.99
2026-09-05 01:22:59.290138,STN_005,4.65,5.58
2026-09-05 02:22:59.290138,STN_005,9.08,5.17
2026-09-05 03:22:59.290138,STN_005,6.4,5.11
2026-09-05 04:22:59.290138,STN_005,3.85,5.22
2026-09-05 05:22:59.290138,STN_005,6.29,5.23
2026-09-05 06:22:59.290138,STN_005,5.31,5.52
2026-09-05 07:22:59.290138,STN_005,4.09,5.59
2026-09-05 08:22:59.290138,STN_005,10.67,5.57
2026-09-05 09:22:59.290138,STN_005,3.34,5.2
2026-09-05 10:22:59.290138,STN_005,4.79,5.71
2026-09-05 11:22:59.290138,STN_005,3.35,5.8
2026-09-05 12:22:59.290138,STN_005,3.7,5.21
2026-09-05 13:22:59.290138,STN_005,4.71,4.95
2026-09-05 14:22:59.290138,STN_005,3.52,5.26
2026-09-05 15:22:59.290138,STN_005,6.93,5.91
2026-09-05 16:22:59.290138,STN_005,3.66,4.88
2026-09-05 17:22:59.290138,STN_005,8.14,5.02
2026-09-05 18:22:59.290138,STN_005,3.51,5.16
2026-09-05 19:22:59.290138,STN_005,3.54,
2026-09-05 20:22:59.290138,STN_005,20.02,4.68
2026-09-05 21:22:59.290138,STN_005,12.37,5.71
2026-09-05 22:22:59.290138,STN_005,7.49,5.72
2026-09-05 23:22:59.290138,STN_005,9.27,5.25
2026-09-06 00:22:59.290138,STN_005,4.0,6.16
2026-09-06 01:22:59.290138,STN_005,10.58,5.77
2026-09-06 02:22:59.290138,STN_005,3.42,5.7
2026-09-06 03:22:59.290138,STN_005,4.35,5.69
2026-09-06 04:22:59.290138,STN_005,7.22,5.71
2026-09-06 05:22:59.290138,STN_005,5.27,5.35
2026-09-06 06:22:59.290138,STN_005,19.98,5.44
2026-09-06 07:22:59.290138,STN_005,15.82,
2026-09-06 08:22:59.290138,STN_005,29.67,5.56
2026-09-06 09:22:59.290138,STN_005,7.3,5.67
2026-09-06 10:22:59.290138,STN_005,6.66,5.8
2026-09-06 11:22:59.290138,STN_005,3.64,6.26
2026-09-06 12:22:59.290138,STN_005,,5.16
2026-09-06 13:22:59.290138,STN_005,13.73,6.27
2026-09-06 14:22:59.290138,STN_005,5.14,5.57
2026-09-06 15:22:59.290138,STN_005,7.73,5.85
2026-09-06 16:22:59.290138,STN_005,33.77,5.92
2026-09-06 17:22:59.290138,STN_005,4.61,6.66
2026-09-06 18:22:59.290138,STN_005,6.82,5.98
2026-09-06 19:22:59.290138,STN_005,8.16,6.33
2026-09-06 20:22:59.290138,STN_005,4.11,6.21
2026-09-06 21:22:59.290138,STN_005,4.03,5.62
2026-09-06 22:22:59.290138,STN_005,5.92,5.94
2026-09-06 23:22:59.290138,STN_005,5.43,6.3
2026-09-07 00:22:59.290138,STN_005,8.49,5.72
2026-09-07 01:22:59.290138,STN_005,3.77,6.17
2026-09-07 02:22:59.290138,STN_005,17.81,5.94
2026-09-07 03:22:59.290138,STN_005,3.54,6.38
2026-09-07 04:22:59.290138,STN_005,7.16,6.56
2026-09-07 05:22:59.290138,STN_005,6.79,5.44
2026-09-07 06:22:59.290138,STN_005,4.06,5.51
2026-09-07 07:22:59.290138,STN_005,4.14,5.69
2026-09-07 08:22:59.290138,STN_005,9.78,6.09
2026-09-07 09:22:59.290138,STN_005,12.22,5.85
2026-09-07 10:22:59.290138,STN_005,4.81,5.3
2026-09-07 11:22:59.290138,STN_005,5.79,5.9
2026-09-07 12:22:59.290138,STN_005,5.24,5.43
2026-09-07 13:22:59.290138,STN_005,3.78,5.88
2026-09-07 14:22:59.290138,STN_005,7.96,5.8
2026-09-07 15:22:59.290138,STN_005,10.46,5.39
2026-09-07 16:22:59.290138,STN_005,4.94,5.4
2026-09-07 17:22:59.290138,STN_005,21.97,5.93
2026-09-07 18:22:59.290138,STN_005,3.8,4.97
2026-09-07 19:22:59.290138,STN_005,7.82,5.63
2026-09-07 20:22:59.290138,STN_005,5.86,5.22
2026-09-07 21:22:59.290138,STN_005,5.85,5.56
2026-09-07 22:22:59.290138,STN_005,6.02,5.72
2026-09-07 23:22:59.290138,STN_005,4.77,6.18
2026-09-08 00:22:59.290138,STN_005,8.6,5.57
2026-09-08 01:22:59.290138,STN_005,8.69,6.06
2026-09-08 02:22:59.290138,STN_005,4.9,5.26
2026-09-08 03:22:59.290138,STN_005,10.79,5.43
2026-09-08 04:22:59.290138,STN_005,5.1,5.73
2026-09-08 05:22:59.290138,STN_005,8.74,5.63
2026-09-08 06:22:59.290138,STN_005,4.09,5.47
2026-09-08 07:22:59.290138,STN_005,4.31,5.47
2026-09-08 08:22:59.290138,STN_005,5.09,5.94
2026-09-08 09:22:59.290138,STN_005,16.68,5.49
2026-09-08 10:22:59.290138,STN_005,7.72,5.29
2026-09-08 11:22:59.290138,STN_005,5.59,5.34
2026-09-08 12:22:59.290138,STN_005,3.9,5.79
2026-09-08 13:22:59.290138,STN_005,5.44,6.28
2026-09-08 14:22:59.290138,STN_005,8.24,5.44
2026-09-08 15:22:59.290138,STN_005,8.02,6.22
2026-09-08 16:22:59.290138,STN_005,4.27,5.57
2026-09-08 17:22:59.290138,STN_005,3.6,5.34
2026-09-08 18:22:59.290138,STN_005,9.17,5.19
2026-09-08 19:22:59.290138,STN_005,4.02,5.38
2026-09-08 20:22:59.290138,STN_005,3.92,5.19
2026-09-08 21:22:59.290138,STN_005,3.58,5.15
2026-08-09 22:22:59.290138,STN_006,5.15,
2026-08-09 23:22:59.290138,STN_006,16.9,
2026-08-10 00:22:59.290138,STN_006,3.2,
2026-08-10 01:22:59.290138,STN_006,6.55,
2026-08-10 02:22:59.290138,STN_006,10.78,
2026-08-10 03:22:59.290138,STN_006,5.59,
2026-08-10 04:22:59.290138,STN_006,2.98,
2026-08-10 05:22:59.290138,STN_006,,
2026-08-10 06:22:59.290138,STN_006,4.53,
2026-08-10 07:22:59.290138,STN_006,16.49,
2026-08-10 08:22:59.290138,STN_006,63.59,
2026-08-10 09:22:59.290138,STN_006,14.88,
2026-08-10 10:22:59.290138,STN_006,9.96,
2026-08-10 11:22:59.290138,STN_006,4.7,
2026-08-10 12:22:59.290138,STN_006,12.42,
2026-08-10 13:22:59.290138,STN_006,18.97,
2026-08-10 14:22:59.290138,STN_006,4.69,
2026-08-10 15:22:59.290138,STN_006,4.17,
2026-08-10 16:22:59.290138,STN_006,6.13,
2026-08-10 17:22:59.290138,STN_006,19.47,
2026-08-10 18:22:59.290138,STN_006,3.1,
2026-08-10 19:22:59.290138,STN_006,14.63,
2026-08-10 20:22:59.290138,STN_006,13.37,
2026-08-10 21:22:59.290138,STN_006,3.68,7.72
2026-08-10 22:22:59.290138,STN_006,5.17,8.33
2026-08-10 23:22:59.290138,STN_006,10.18,7.51
2026-08-11 00:22:59.290138,STN_006,7.4,8.08
2026-08-11 01:22:59.290138,STN_006,5.08,8.11
2026-08-11 02:22:59.290138,STN_006,8.52,7.95
2026-08-11 03:22:59.290138,STN_006,12.16,7.65
2026-08-11 04:22:59.290138,STN_006,13.49,8.09
2026-08-11 05:22:59.290138,STN_006,4.98,8.7
2026-08-11 06:22:59.290138,STN_006,3.83,8.38
2026-08-11 07:22:59.290138,STN_006,,8.52
2026-08-11 08:22:59.290138,STN_006,3.46,7.31
2026-08-11 09:22:59.290138,STN_006,8.19,7.69
2026-08-11 10:22:59.290138,STN_006,3.68,7.59
2026-08-11 11:22:59.290138,STN_006,5.04,7.6
2026-08-11 12:22:59.290138,STN_006,5.19,7.67
2026-08-11 13:22:59.290138,STN_006,3.76,7.43
2026-08-11 14:22:59.290138,STN_006,80.75,7.66
2026-08-11 15:22:59.290138,STN_006,3.08,8.19
2026-08-11 16:22:59.290138,STN_006,12.04,8.31
2026-08-11 17:22:59.290138,STN_006,11.68,8.39
2026-08-11 18:22:59.290138,STN_006,4.6,8.41
2026-08-11 19:22:59.290138,STN_006,7.94,8.09
2026-08-11 20:22:59.290138,STN_006,4.24,7.53
2026-08-11 21:22:59.290138,STN_006,8.76,7.45
2026-08-11 22:22:59.290138,STN_006,6.47,7.87
2026-08-11 23:22:59.290138,STN_006,4.6,
2026-08-12 00:22:59.290138,STN_006,5.22,8.13
2026-08-12 01:22:59.290138,STN_006,7.86,7.98
2026-08-12 02:22:59.290138,STN_006,12.64,7.92
2026-08-12 03:22:59.290138,STN_006,3.73,8.43
2026-08-12 04:22:59.290138,STN_006,6.56,7.98
2026-08-12 05:22:59.290138,STN_006,4.34,7.77
2026-08-12 06:22:59.290138,STN_006,,7.66
2026-08-12 07:22:59.290138,STN_006,3.47,7.47
2026-08-12 08:22:59.290138,STN_006,28.15,7.64
2026-08-12 09:22:59.290138,STN_006,3.94,7.64
2026-08-12 10:22:59.290138,STN_006,6.8,8.05
2026-08-12 11:22:59.290138,STN_006,10.4,8.01
2026-08-12 12:22:59.290138,STN_006,8.8,7.94
2026-08-12 13:22:59.290138,STN_006,8.77,8.3
2026-08-12 14:22:59.290138,STN_006,6.09,8.0
2026-08-12 15:22:59.290138,STN_006,12.03,7.29
2026-08-12 16:22:59.290138,STN_006,6.72,7.29
2026-08-12 17:22:59.290138,STN_006,13.15,6.84
2026-08-12 18:22:59.290138,STN_006,6.34,7.51
2026-08-12 19:22:59.290138,STN_006,5.99,7.46
2026-08-12 20:22:59.290138,STN_006,4.18,7.77
2026-08-12 21:22:59.290138,STN_006,6.32,7.46
2026-08-12 22:22:59.290138,STN_006,3.88,7.3
2026-08-12 23:22:59.290138,STN_006,11.43,7.59
2026-08-13 00:22:59.290138,STN_006,7.78,7.72
2026-08-13 01:22:59.290138,STN_006,23.5,7.2
2026-08-13 02:22:59.290138,STN_006,3.66,7.91
2026-08-13 03:22:59.290138,STN_006,4.38,8.01
2026-08-13 04:22:59.290138,STN_006,11.66,7.82
2026-08-13 05:22:59.290138,STN_006,38.25,7.66
2026-08-13 06:22:59.290138,STN_006,5.79,7.81
2026-08-13 07:22:59.290138,STN_006,11.16,8.33
2026-08-13 08:22:59.290138,STN_006,6.23,7.5
2026-08-13 09:22:59.290138,STN_006,4.14,7.98
2026-08-13 10:22:59.290138,STN_006,12.18,7.82
2026-08-13 11:22:59.290138,STN_006,3.4,7.83
2026-08-13 12:22:59.290138,STN_006,12.31,7.56
2026-08-13 13:22:59.290138,STN_006,3.48,7.86
2026-08-13 14:22:59.290138,STN_006,7.66,7.85
2026-08-13 15:22:59.290138,STN_006,3.57,7.25
2026-08-13 16:22:59.290138,STN_006,8.18,7.72
2026-08-13 17:22:59.290138,STN_006,3.42,7.82
2026-08-13 18:22:59.290138,STN_006,10.67,7.56
2026-08-13 19:22:59.290138,STN_006,5.79,6.94
2026-08-13 20:22:59.290138,STN_006,3.67,7.63
2026-08-13 21:22:59.290138,STN_006,8.18,8.12
2026-08-13 22:22:59.290138,STN_006,6.07,7.62
2026-08-13 23:22:59.290138,STN_006,4.23,8.09
2026-08-14 00:22:59.290138,STN_006,3.44,7.38
2026-08-14 01:22:59.290138,STN_006,5.55,7.12
2026-08-14 02:22:59.290138,STN_006,3.74,7.47
2026-08-14 03:22:59.290138,STN_006,3.78,7.22
2026-08-14 04:22:59.290138,STN_006,4.62,7.51
2026-08-14 05:22:59.290138,STN_006,7.36,7.04
2026-08-14 06:22:59.290138,STN_006,6.4,7.6
2026-08-14 07:22:59.290138,STN_006,3.67,6.96
2026-08-14 08:22:59.290138,STN_006,17.2,7.21
2026-08-14 09:22:59.290138,STN_006,12.11,7.43
2026-08-14 10:22:59.290138,STN_006,4.58,7.48
2026-08-14 11:22:59.290138,STN_006,3.9,7.64
2026-08-14 12:22:59.290138,STN_006,14.8,7.14
2026-08-14 13:22:59.290138,STN_006,5.85,7.11
2026-08-14 14:22:59.290138,STN_006,4.87,6.64
2026-08-14 15:22:59.290138,STN_006,6.08,7.84
2026-08-14 16:22:59.290138,STN_006,9.31,7.35
2026-08-14 17:22:59.290138,STN_006,4.12,7.47
2026-08-14 18:22:59.290138,STN_006,9.22,7.4
2026-08-14 19:22:59.290138,STN_006,8.92,7.28
2026-08-14 20:22:59.290138,STN_006,6.48,7.39
2026-08-14 21:22:59.290138,STN_006,11.41,7.14
2026-08-14 22:22:59.290138,STN_006,4.05,7.22
2026-08-14 23:22:59.290138,STN_006,7.1,7.05
2026-08-15 00:22:59.290138,STN_006,5.87,7.82
2026-08-15 01:22:59.290138,STN_006,5.68,7.53
2026-08-15 02:22:59.290138,STN_006,4.65,7.96
2026-08-15 03:22:59.290138,STN_006,5.35,8.07
2026-08-15 04:22:59.290138,STN_006,3.94,6.95
2026-08-15 05:22:59.290138,STN_006,4.64,7.64
2026-08-15 06:22:59.290138,STN_006,4.75,6.93
2026-08-15 07:22:59.290138,STN_006,8.58,7.43
2026-08-15 08:22:59.290138,STN_006,3.68,7.36
2026-08-15 09:22:59.290138,STN_006,7.7,6.84
2026-08-15 10:22:59.290138,STN_006,4.48,7.01
2026-08-15 11:22:59.290138,STN_006,3.82,7.33
2026-08-15 12:22:59.290138,STN_006,4.91,7.2
2026-08-15 13:22:59.290138,STN_006,4.5,6.83
2026-08-15 14:22:59.290138,STN_006,6.7,6.94
2026-08-15 15:22:59.290138,STN_006,5.25,6.69
2026-08-15 16:22:59.290138,STN_006,17.01,6.84
2026-08-15 17:22:59.290138,STN_006,16.73,7.2
2026-08-15 18:22:59.290138,STN_006,5.83,7.58
2026-08-15 19:22:59.290138,STN_006,9.82,7.62
2026-08-15 20:22:59.290138,STN_006,3.54,7.81
2026-08-15 21:22:59.290138,STN_006,6.66,7.35
2026-08-15 22:22:59.290138,STN_006,9.03,7.34
2026-08-15 23:22:59.290138,STN_006,4.56,7.41
2026-08-16 00:22:59.290138,STN_006,3.84,7.39
2026-08-16 01:22:59.290138,STN_006,4.26,6.75
2026-08-16 02:22:59.290138,STN_006,5.92,7.81
2026-08-16 03:22:59.290138,STN_006,6.41,6.67
2026-08-16 04:22:59.290138,STN_006,5.5,7.61
2026-08-16 05:22:59.290138,STN_006,5.9,7.29
2026-08-16 06:22:59.290138,STN_006,6.13,6.96
2026-08-16 07:22:59.290138,STN_006,9.45,7.45
2026-08-16 08:22:59.290138,STN_006,4.03,7.26
2026-08-16 09:22:59.290138,STN_006,9.45,7.11
2026-08-16 10:22:59.290138,STN_006,8.25,6.93
2026-08-16 11:22:59.290138,STN_006,9.0,6.95
2026-08-16 12:22:59.290138,STN_006,8.89,7.24
2026-08-16 13:22:59.290138,STN_006,6.13,
2026-08-16 14:22:59.290138,STN_006,4.54,7.05
2026-08-16 15:22:59.290138,STN_006,6.66,7.44
2026-08-16 16:22:59.290138,STN_006,16.26,7.1
2026-08-16 17:22:59.290138,STN_006,7.14,7.45
2026-08-16 18:22:59.290138,STN_006,3.63,7.69
2026-08-16 19:22:59.290138,STN_006,3.83,7.36
2026-08-16 20:22:59.290138,STN_006,23.36,7.41
2026-08-16 21:22:59.290138,STN_006,3.88,7.26
2026-08-16 22:22:59.290138,STN_006,3.88,7.82
2026-08-16 23:22:59.290138,STN_006,5.43,7.34
2026-08-17 00:22:59.290138,STN_006,17.62,8.26
2026-08-17 01:22:59.290138,STN_006,5.22,7.16
2026-08-17 02:22:59.290138,STN_006,5.8,7.61
2026-08-17 03:22:59.290138,STN_006,7.71,7.95
2026-08-17 04:22:59.290138,STN_006,3.79,7.31
2026-08-17 05:22:59.290138,STN_006,12.81,7.5
2026-08-17 06:22:59.290138,STN_006,6.62,7.76
2026-08-17 07:22:59.290138,STN_006,6.2,7.67
2026-08-17 08:22:59.290138,STN_006,11.57,7.78
2026-08-17 09:22:59.290138,STN_006,15.93,8.01
2026-08-17 10:22:59.290138,STN_006,5.89,7.54
2026-08-17 11:22:59.290138,STN_006,4.45,8.04
2026-08-17 12:22:59.290138,STN_006,10.45,7.11
2026-08-17 13:22:59.290138,STN_006,5.75,7.94
2026-08-17 14:22:59.290138,STN_006,14.66,8.05
2026-08-17 15:22:59.290138,STN_006,,7.55
2026-08-17 16:22:59.290138,STN_006,4.18,7.24
2026-08-17 17:22:59.290138,STN_006,16.23,7.68
2026-08-17 18:22:59.290138,STN_006,5.53,7.89
2026-08-17 19:22:59.290138,STN_006,7.85,7.7
2026-08-17 20:22:59.290138,STN_006,3.83,7.79
2026-08-17 21:22:59.290138,STN_006,12.48,8.29
2026-08-17 22:22:59.290138,STN_006,7.9,7.35
2026-08-17 23:22:59.290138,STN_006,7.92,7.2
2026-08-18 00:22:59.290138,STN_006,13.09,7.72
2026-08-18 01:22:59.290138,STN_006,6.63,7.55
2026-08-18 02:22:59.290138,STN_006,5.9,7.61
2026-08-18 03:22:59.290138,STN_006,11.83,8.17
2026-08-18 04:22:59.290138,STN_006,9.22,7.8
2026-08-18 05:22:59.290138,STN_006,15.69,7.85
2026-08-18 06:22:59.290138,STN_006,15.05,7.8
2026-08-18 07:22:59.290138,STN_006,5.72,7.92
2026-08-18 08:22:59.290138,STN_006,6.16,7.96
2026-08-18 09:22:59.290138,STN_006,4.97,8.63
2026-08-18 10:22:59.290138,STN_006,8.11,7.89
2026-08-18 11:22:59.290138,STN_006,5.6,8.17
2026-08-18 12:22:59.290138,STN_006,9.96,7.87
2026-08-18 13:22:59.290138,STN_006,8.75,7.23
2026-08-18 14:22:59.290138,STN_006,4.29,7.58
2026-08-18 15:22:59.290138,STN_006,4.71,7.75
2026-08-18 16:22:59.290138,STN_006,4.14,7.88
2026-08-18 17:22:59.290138,STN_006,7.66,7.65
2026-08-18 18:22:59.290138,STN_006,4.43,7.86
2026-08-18 19:22:59.290138,STN_006,4.49,7.12
2026-08-18 20:22:59.290138,STN_006,3.85,7.57
2026-08-18 21:22:59.290138,STN_006,9.89,7.93
2026-08-18 22:22:59.290138,STN_006,10.58,7.28
2026-08-18 23:22:59.290138,STN_006,4.6,7.88
2026-08-19 00:22:59.290138,STN_006,9.27,7.83
2026-08-19 01:22:59.290138,STN_006,45.41,7.46
2026-08-19 02:22:59.290138,STN_006,19.88,8.05
2026-08-19 03:22:59.290138,STN_006,7.78,7.97
2026-08-19 04:22:59.290138,STN_006,4.68,7.83
2026-08-19 05:22:59.290138,STN_006,9.55,7.37
2026-08-19 06:22:59.290138,STN_006,4.09,7.66
2026-08-19 07:22:59.290138,STN_006,16.68,7.78
2026-08-19 08:22:59.290138,STN_006,4.19,7.3
2026-08-19 09:22:59.290138,STN_006,7.36,7.44
2026-08-19 10:22:59.290138,STN_006,13.19,7.6
2026-08-19 11:22:59.290138,STN_006,3.94,7.55
2026-08-19 12:22:59.290138,STN_006,6.65,7.93
2026-08-19 13:22:59.290138,STN_006,,8.08
2026-08-19 14:22:59.290138,STN_006,7.37,7.74
2026-08-19 15:22:59.290138,STN_006,4.91,8.06
2026-08-19 16:22:59.290138,STN_006,4.16,
2026-08-19 17:22:59.290138,STN_006,7.83,7.81
2026-08-19 18:22:59.290138,STN_006,6.05,7.97
2026-08-19 19:22:59.290138,STN_006,7.79,7.81
2026-08-19 20:22:59.290138,STN_006,4.84,7.55
2026-08-19 21:22:59.290138,STN_006,5.55,7.63
2026-08-19 22:22:59.290138,STN_006,,7.94
2026-08-19 23:22:59.290138,STN_006,7.59,7.83
2026-08-20 00:22:59.290138,STN_006,5.86,8.06
2026-08-20 01:22:59.290138,STN_006,5.31,6.94
2026-08-20 02:22:59.290138,STN_006,5.27,6.89
2026-08-20 03:22:59.290138,STN_006,4.76,6.9
2026-08-20 04:22:59.290138,STN_006,5.57,7.41
2026-08-20 05:22:59.290138,STN_006,4.88,6.91
2026-08-20 06:22:59.290138,STN_006,8.01,7.45
2026-08-20 07:22:59.290138,STN_006,7.36,7.5
2026-08-20 08:22:59.290138,STN_006,5.92,7.75
2026-08-20 09:22:59.290138,STN_006,5.57,7.7
2026-08-20 10:22:59.290138,STN_006,5.08,7.0
2026-08-20 11:22:59.290138,STN_006,7.06,6.73
2026-08-20 12:22:59.290138,STN_006,14.04,7.11
2026-08-20 13:22:59.290138,STN_006,8.62,7.62
2026-08-20 14:22:59.290138,STN_006,9.45,7.22
2026-08-20 15:22:59.290138,STN_006,11.19,7.38
2026-08-20 16:22:59.290138,STN_006,5.73,7.24
2026-08-20 17:22:59.290138,STN_006,4.25,7.85
2026-08-20 18:22:59.290138,STN_006,7.89,7.09
2026-08-20 19:22:59.290138,STN_006,4.83,7.39
2026-08-20 20:22:59.290138,STN_006,7.36,7.72
2026-08-20 21:22:59.290138,STN_006,9.38,7.97
2026-08-20 22:22:59.290138,STN_006,10.22,7.25
2026-08-20 23:22:59.290138,STN_006,5.53,7.73
2026-08-21 00:22:59.290138,STN_006,6.97,7.26
2026-08-21 01:22:59.290138,STN_006,7.98,7.89
2026-08-21 02:22:59.290138,STN_006,10.94,8.04
2026-08-21 03:22:59.290138,STN_006,9.83,7.3
2026-08-21 04:22:59.290138,STN_006,165.59,9.09
2026-08-21 05:22:59.290138,STN_006,4.13,9.23
2026-08-21 06:22:59.290138,STN_006,6.4,8.79
2026-08-21 07:22:59.290138,STN_006,5.28,9.02
2026-08-21 08:22:59.290138,STN_006,4.61,9.03
2026-08-21 09:22:59.290138,STN_006,13.8,9.52
2026-08-21 10:22:59.290138,STN_006,28.88,8.53
2026-08-21 11:22:59.290138,STN_006,4.89,9.08
2026-08-21 12:22:59.290138,STN_006,4.25,8.64
2026-08-21 13:22:59.290138,STN_006,5.38,8.99
2026-08-21 14:22:59.290138,STN_006,11.3,8.77
2026-08-21 15:22:59.290138,STN_006,5.49,8.88
2026-08-21 16:22:59.290138,STN_006,4.33,8.68
2026-08-21 17:22:59.290138,STN_006,4.31,8.99
2026-08-21 18:22:59.290138,STN_006,6.33,9.26
2026-08-21 19:22:59.290138,STN_006,14.84,8.91
2026-08-21 20:22:59.290138,STN_006,5.44,9.43
2026-08-21 21:22:59.290138,STN_006,6.33,9.29
2026-08-21 22:22:59.290138,STN_006,4.63,9.56
2026-08-21 23:22:59.290138,STN_006,6.92,9.08
2026-08-22 00:22:59.290138,STN_006,8.97,8.96
2026-08-22 01:22:59.290138,STN_006,5.46,8.48
2026-08-22 02:22:59.290138,STN_006,5.61,8.67
2026-08-22 03:22:59.290138,STN_006,11.58,8.86
2026-08-22 04:22:59.290138,STN_006,4.24,7.55
2026-08-22 05:22:59.290138,STN_006,,8.32
2026-08-22 06:22:59.290138,STN_006,6.2,7.55
2026-08-22 07:22:59.290138,STN_006,5.62,7.08
2026-08-22 08:22:59.290138,STN_006,8.48,7.85
2026-08-22 09:22:59.290138,STN_006,11.4,7.81
2026-08-22 10:22:59.290138,STN_006,7.47,7.31
2026-08-22 11:22:59.290138,STN_006,4.32,8.08
2026-08-22 12:22:59.290138,STN_006,6.67,6.89
2026-08-22 13:22:59.290138,STN_006,6.68,7.85
2026-08-22 14:22:59.290138,STN_006,7.34,7.35
2026-08-22 15:22:59.290138,STN_006,8.64,7.18
2026-08-22 16:22:59.290138,STN_006,,8.19
2026-08-22 17:22:59.290138,STN_006,6.99,7.71
2026-08-22 18:22:59.290138,STN_006,7.75,7.41
2026-08-22 19:22:59.290138,STN_006,5.88,7.33
2026-08-22 20:22:59.290138,STN_006,8.61,7.54
2026-08-22 21:22:59.290138,STN_006,5.23,7.31
2026-08-22 22:22:59.290138,STN_006,5.83,7.86
2026-08-22 23:22:59.290138,STN_006,17.46,7.58
2026-08-23 00:22:59.290138,STN_006,6.01,7.84
2026-08-23 01:22:59.290138,STN_006,6.0,7.6
2026-08-23 02:22:59.290138,STN_006,7.92,7.82
2026-08-23 03:22:59.290138,STN_006,18.46,8.02
2026-08-23 04:22:59.290138,STN_006,20.62,8.26
2026-08-23 05:22:59.290138,STN_006,7.77,7.89
2026-08-23 06:22:59.290138,STN_006,4.3,7.47
2026-08-23 07:22:59.290138,STN_006,13.54,7.75
2026-08-23 08:22:59.290138,STN_006,7.68,7.78
2026-08-23 09:22:59.290138,STN_006,6.12,7.57
2026-08-23 10:22:59.290138,STN_006,11.37,7.56
2026-08-23 11:22:59.290138,STN_006,6.34,
2026-08-23 12:22:59.290138,STN_006,4.44,7.48
2026-08-23 13:22:59.290138,STN_006,11.18,7.46
2026-08-23 14:22:59.290138,STN_006,7.46,7.31
2026-08-23 15:22:59.290138,STN_006,5.95,7.94
2026-08-23 16:22:59.290138,STN_006,5.45,7.91
2026-08-23 17:22:59.290138,STN_006,7.9,7.71
2026-08-23 18:22:59.290138,STN_006,5.23,8.09
2026-08-23 19:22:59.290138,STN_006,5.86,
2026-08-23 20:22:59.290138,STN_006,8.35,7.9
2026-08-23 21:22:59.290138,STN_006,12.83,7.87
2026-08-23 22:22:59.290138,STN_006,7.44,7.66
2026-08-23 23:22:59.290138,STN_006,10.09,7.67
2026-08-24 00:22:59.290138,STN_006,10.16,7.68
2026-08-24 01:22:59.290138,STN_006,8.77,7.95
2026-08-24 02:22:59.290138,STN_006,5.53,8.04
2026-08-24 03:22:59.290138,STN_006,12.46,7.68
2026-08-24 04:22:59.290138,STN_006,6.69,7.48
2026-08-24 05:22:59.290138,STN_006,4.58,7.71
2026-08-24 06:22:59.290138,STN_006,5.52,7.18
2026-08-24 07:22:59.290138,STN_006,30.74,7.83
2026-08-24 08:22:59.290138,STN_006,4.69,8.26
2026-08-24 09:22:59.290138,STN_006,5.04,7.57
2026-08-24 10:22:59.290138,STN_006,71.76,8.23
2026-08-24 11:22:59.290138,STN_006,13.32,8.65
2026-08-24 12:22:59.290138,STN_006,8.42,8.61
2026-08-24 13:22:59.290138,STN_006,5.4,8.35
2026-08-24 14:22:59.290138,STN_006,4.62,8.29
2026-08-24 15:22:59.290138,STN_006,8.22,7.96
2026-08-24 16:22:59.290138,STN_006,4.59,8.47
2026-08-24 17:22:59.290138,STN_006,8.19,7.92
2026-08-24 18:22:59.290138,STN_006,5.42,7.7
2026-08-24 19:22:59.290138,STN_006,13.8,8.69
2026-08-24 20:22:59.290138,STN_006,6.98,8.49
2026-08-24 21:22:59.290138,STN_006,5.41,8.58
2026-08-24 22:22:59.290138,STN_006,12.17,8.15
2026-08-24 23:22:59.290138,STN_006,5.67,8.48
2026-08-25 00:22:59.290138,STN_006,5.96,8.17
2026-08-25 01:22:59.290138,STN_006,11.69,
2026-08-25 02:22:59.290138,STN_006,5.98,8.62
2026-08-25 03:22:59.290138,STN_006,6.61,8.23
2026-08-25 04:22:59.290138,STN_006,6.21,8.07
2026-08-25 05:22:59.290138,STN_006,4.99,7.87
2026-08-25 06:22:59.290138,STN_006,4.66,8.38
2026-08-25 07:22:59.290138,STN_006,64.29,8.87
2026-08-25 08:22:59.290138,STN_006,8.64,8.35
2026-08-25 09:22:59.290138,STN_006,5.83,8.8
2026-08-25 10:22:59.290138,STN_006,5.9,7.76
2026-08-25 11:22:59.290138,STN_006,16.1,8.29
2026-08-25 12:22:59.290138,STN_006,158.37,9.32
2026-08-25 13:22:59.290138,STN_006,7.06,9.41
2026-08-25 14:22:59.290138,STN_006,10.99,9.17
2026-08-25 15:22:59.290138,STN_006,9.84,9.5
2026-08-25 16:22:59.290138,STN_006,5.91,9.23
2026-08-25 17:22:59.290138,STN_006,4.74,9.25
2026-08-25 18:22:59.290138,STN_006,5.11,8.92
2026-08-25 19:22:59.290138,STN_006,11.79,9.13
2026-08-25 20:22:59.290138,STN_006,9.75,9.22
2026-08-25 21:22:59.290138,STN_006,8.87,9.5
2026-08-25 22:22:59.290138,STN_006,5.16,9.55
2026-08-25 23:22:59.290138,STN_006,8.68,9.21
2026-08-26 00:22:59.290138,STN_006,10.52,9.38
2026-08-26 01:22:59.290138,STN_006,12.48,9.94
2026-08-26 02:22:59.290138,STN_006,4.65,9.47
2026-08-26 03:22:59.290138,STN_006,9.21,9.29
2026-08-26 04:22:59.290138,STN_006,4.68,8.93
2026-08-26 05:22:59.290138,STN_006,9.51,9.22
2026-08-26 06:22:59.290138,STN_006,8.64,9.24
2026-08-26 07:22:59.290138,STN_006,5.24,9.61
2026-08-26 08:22:59.290138,STN_006,10.41,8.77
2026-08-26 09:22:59.290138,STN_006,4.88,9.04
2026-08-26 10:22:59.290138,STN_006,11.6,9.18
2026-08-26 11:22:59.290138,STN_006,5.81,9.32
2026-08-26 12:22:59.290138,STN_006,9.27,7.74
2026-08-26 13:22:59.290138,STN_006,14.89,7.65
2026-08-26 14:22:59.290138,STN_006,6.26,7.59
2026-08-26 15:22:59.290138,STN_006,7.39,7.85
2026-08-26 16:22:59.290138,STN_006,7.09,7.55
2026-08-26 17:22:59.290138,STN_006,5.28,7.43
2026-08-26 18:22:59.290138,STN_006,8.17,7.63
2026-08-26 19:22:59.290138,STN_006,10.03,7.37
2026-08-26 20:22:59.290138,STN_006,14.55,8.37
2026-08-26 21:22:59.290138,STN_006,12.21,8.02
2026-08-26 22:22:59.290138,STN_006,7.55,8.36
2026-08-26 23:22:59.290138,STN_006,9.78,8.03
2026-08-27 00:22:59.290138,STN_006,11.15,8.35
2026-08-27 01:22:59.290138,STN_006,7.42,7.96
2026-08-27 02:22:59.290138,STN_006,5.19,8.07
2026-08-27 03:22:59.290138,STN_006,7.0,7.19
2026-08-27 04:22:59.290138,STN_006,12.09,7.62
2026-08-27 05:22:59.290138,STN_006,8.33,7.9
2026-08-27 06:22:59.290138,STN_006,9.85,
2026-08-27 07:22:59.290138,STN_006,5.52,7.88
2026-08-27 08:22:59.290138,STN_006,18.03,8.1
2026-08-27 09:22:59.290138,STN_006,6.77,8.13
2026-08-27 10:22:59.290138,STN_006,8.94,8.21
2026-08-27 11:22:59.290138,STN_006,4.77,8.15
2026-08-27 12:22:59.290138,STN_006,5.24,8.27
2026-08-27 13:22:59.290138,STN_006,10.79,8.24
2026-08-27 14:22:59.290138,STN_006,18.46,8.03
2026-08-27 15:22:59.290138,STN_006,6.24,8.6
2026-08-27 16:22:59.290138,STN_006,4.85,8.36
2026-08-27 17:22:59.290138,STN_006,6.49,7.72
2026-08-27 18:22:59.290138,STN_006,4.77,8.05
2026-08-27 19:22:59.290138,STN_006,5.55,7.34
2026-08-27 20:22:59.290138,STN_006,10.28,7.36
2026-08-27 21:22:59.290138,STN_006,15.76,7.74
2026-08-27 22:22:59.290138,STN_006,5.16,7.62
2026-08-27 23:22:59.290138,STN_006,8.06,7.72
2026-08-28 00:22:59.290138,STN_006,5.97,7.93
2026-08-28 01:22:59.290138,STN_006,5.4,8.18
2026-08-28 02:22:59.290138,STN_006,5.79,8.17
2026-08-28 03:22:59.290138,STN_006,8.25,7.95
2026-08-28 04:22:59.290138,STN_006,5.07,7.44
2026-08-28 05:22:59.290138,STN_006,7.07,7.59
2026-08-28 06:22:59.290138,STN_006,5.38,7.91
2026-08-28 07:22:59.290138,STN_006,6.07,7.48
2026-08-28 08:22:59.290138,STN_006,5.64,7.24
2026-08-28 09:22:59.290138,STN_006,13.38,7.83
2026-08-28 10:22:59.290138,STN_006,9.72,7.67
2026-08-28 11:22:59.290138,STN_006,12.91,7.69
2026-08-28 12:22:59.290138,STN_006,6.73,8.1
2026-08-28 13:22:59.290138,STN_006,6.3,8.05
2026-08-28 14:22:59.290138,STN_006,35.57,8.4
2026-08-28 15:22:59.290138,STN_006,4.87,7.66
2026-08-28 16:22:59.290138,STN_006,9.96,8.03
2026-08-28 17:22:59.290138,STN_006,6.52,7.91
2026-08-28 18:22:59.290138,STN_006,6.3,8.02
2026-08-28 19:22:59.290138,STN_006,8.44,7.6
2026-08-28 20:22:59.290138,STN_006,7.09,7.49
2026-08-28 21:22:59.290138,STN_006,20.62,7.94
2026-08-28 22:22:59.290138,STN_006,6.66,7.73
2026-08-28 23:22:59.290138,STN_006,8.7,8.27
2026-08-29 00:22:59.290138,STN_006,6.39,7.54
2026-08-29 01:22:59.290138,STN_006,23.56,7.72
2026-08-29 02:22:59.290138,STN_006,7.25,8.03
2026-08-29 03:22:59.290138,STN_006,8.92,7.7
2026-08-29 04:22:59.290138,STN_006,5.44,8.67
2026-08-29 05:22:59.290138,STN_006,10.18,8.13
2026-08-29 06:22:59.290138,STN_006,6.15,8.01
2026-08-29 07:22:59.290138,STN_006,7.28,8.34
2026-08-29 08:22:59.290138,STN_006,13.48,8.54
2026-08-29 09:22:59.290138,STN_006,19.0,8.38
2026-08-29 10:22:59.290138,STN_006,7.11,8.27
2026-08-29 11:22:59.290138,STN_006,12.1,7.99
2026-08-29 12:22:59.290138,STN_006,5.11,8.46
2026-08-29 13:22:59.290138,STN_006,12.42,8.75
2026-08-29 14:22:59.290138,STN_006,8.87,8.04
2026-08-29 15:22:59.290138,STN_006,7.58,7.87
2026-08-29 16:22:59.290138,STN_006,13.72,8.21
2026-08-29 17:22:59.290138,STN_006,12.36,8.21
2026-08-29 18:22:59.290138,STN_006,6.3,7.84
2026-08-29 19:22:59.290138,STN_006,11.17,8.08
2026-08-29 20:22:59.290138,STN_006,5.31,8.75
2026-08-29 21:22:59.290138,STN_006,11.82,7.74
2026-08-29 22:22:59.290138,STN_006,9.49,7.97
2026-08-29 23:22:59.290138,STN_006,5.36,7.87
2026-08-30 00:22:59.290138,STN_006,9.59,7.92
2026-08-30 01:22:59.290138,STN_006,8.47,7.92
2026-08-30 02:22:59.290138,STN_006,8.6,8.2
2026-08-30 03:22:59.290138,STN_006,6.37,8.44
2026-08-30 04:22:59.290138,STN_006,6.23,8.11
2026-08-30 05:22:59.290138,STN_006,10.74,7.85
2026-08-30 06:22:59.290138,STN_006,18.87,8.62
2026-08-30 07:22:59.290138,STN_006,7.36,7.54
2026-08-30 08:22:59.290138,STN_006,9.74,8.33
2026-08-30 09:22:59.290138,STN_006,33.59,7.94
2026-08-30 10:22:59.290138,STN_006,8.6,8.25
2026-08-30 11:22:59.290138,STN_006,8.55,8.4
2026-08-30 12:22:59.290138,STN_006,9.6,7.79
2026-08-30 13:22:59.290138,STN_006,6.84,8.27
2026-08-30 14:22:59.290138,STN_006,7.38,8.28
2026-08-30 15:22:59.290138,STN_006,6.59,8.64
2026-08-30 16:22:59.290138,STN_006,11.6,9.0
2026-08-30 17:22:59.290138,STN_006,5.55,7.66
2026-08-30 18:22:59.290138,STN_006,18.17,8.65
2026-08-30 19:22:59.290138,STN_006,9.02,8.2
2026-08-30 20:22:59.290138,STN_006,13.71,8.04
2026-08-30 21:22:59.290138,STN_006,7.21,8.35
2026-08-30 22:22:59.290138,STN_006,6.7,7.85
2026-08-30 23:22:59.290138,STN_006,14.33,7.94
2026-08-31 00:22:59.290138,STN_006,5.51,7.76
2026-08-31 01:22:59.290138,STN_006,5.59,8.42
2026-08-31 02:22:59.290138,STN_006,6.51,8.33
2026-08-31 03:22:59.290138,STN_006,17.94,8.09
2026-08-31 04:22:59.290138,STN_006,9.1,8.81
2026-08-31 05:22:59.290138,STN_006,8.32,8.14
2026-08-31 06:22:59.290138,STN_006,9.98,8.65
2026-08-31 07:22:59.290138,STN_006,7.25,8.3
2026-08-31 08:22:59.290138,STN_006,10.77,8.07
2026-08-31 09:22:59.290138,STN_006,7.09,8.01
2026-08-31 10:22:59.290138,STN_006,12.09,7.7
2026-08-31 11:22:59.290138,STN_006,6.33,8.12
2026-08-31 12:22:59.290138,STN_006,6.39,8.04
2026-08-31 13:22:59.290138,STN_006,8.05,8.2
2026-08-31 14:22:59.290138,STN_006,7.34,8.31
2026-08-31 15:22:59.290138,STN_006,9.27,8.1
2026-08-31 16:22:59.290138,STN_006,6.9,7.58
2026-08-31 17:22:59.290138,STN_006,35.16,8.55
2026-08-31 18:22:59.290138,STN_006,7.63,8.19
2026-08-31 19:22:59.290138,STN_006,8.38,7.61
2026-08-31 20:22:59.290138,STN_006,5.7,8.2
2026-08-31 21:22:59.290138,STN_006,8.34,8.24
2026-08-31 22:22:59.290138,STN_006,6.72,8.03
2026-08-31 23:22:59.290138,STN_006,51.48,8.39
2026-09-01 00:22:59.290138,STN_006,6.5,8.28
2026-09-01 01:22:59.290138,STN_006,15.9,8.67
2026-09-01 02:22:59.290138,STN_006,9.79,8.61
2026-09-01 03:22:59.290138,STN_006,6.4,8.2
2026-09-01 04:22:59.290138,STN_006,9.33,8.96
2026-09-01 05:22:59.290138,STN_006,12.74,8.31
2026-09-01 06:22:59.290138,STN_006,7.24,7.68
2026-09-01 07:22:59.290138,STN_006,12.27,8.39
2026-09-01 08:22:59.290138,STN_006,5.86,8.8
2026-09-01 09:22:59.290138,STN_006,12.11,8.47
2026-09-01 10:22:59.290138,STN_006,8.29,8.01
2026-09-01 11:22:59.290138,STN_006,6.19,8.19
2026-09-01 12:22:59.290138,STN_006,7.28,8.18
2026-09-01 13:22:59.290138,STN_006,22.87,8.46
2026-09-01 14:22:59.290138,STN_006,11.31,8.58
2026-09-01 15:22:59.290138,STN_006,8.61,8.8
2026-09-01 16:22:59.290138,STN_006,5.67,8.68
2026-09-01 17:22:59.290138,STN_006,7.35,8.47
2026-09-01 18:22:59.290138,STN_006,6.41,8.94
2026-09-01 19:22:59.290138,STN_006,5.48,8.64
2026-09-01 20:22:59.290138,STN_006,8.31,8.63
2026-09-01 21:22:59.290138,STN_006,69.23,8.37
2026-09-01 22:22:59.290138,STN_006,9.78,8.73
2026-09-01 23:22:59.290138,STN_006,6.43,8.1
2026-09-02 00:22:59.290138,STN_006,8.69,8.36
2026-09-02 01:22:59.290138,STN_006,16.76,
2026-09-02 02:22:59.290138,STN_006,10.41,8.49
2026-09-02 03:22:59.290138,STN_006,9.96,8.96
2026-09-02 04:22:59.290138,STN_006,19.07,8.92
2026-09-02 05:22:59.290138,STN_006,11.7,8.72
2026-09-02 06:22:59.290138,STN_006,5.87,9.03
2026-09-02 07:22:59.290138,STN_006,6.99,9.06
2026-09-02 08:22:59.290138,STN_006,18.71,8.9
2026-09-02 09:22:59.290138,STN_006,7.97,8.79
2026-09-02 10:22:59.290138,STN_006,5.75,8.89
2026-09-02 11:22:59.290138,STN_006,7.74,8.3
2026-09-02 12:22:59.290138,STN_006,10.06,8.71
2026-09-02 13:22:59.290138,STN_006,29.32,8.79
2026-09-02 14:22:59.290138,STN_006,6.85,8.65
2026-09-02 15:22:59.290138,STN_006,8.17,8.52
2026-09-02 16:22:59.290138,STN_006,13.75,9.12
2026-09-02 17:22:59.290138,STN_006,7.04,8.87
2026-09-02 18:22:59.290138,STN_006,34.19,9.13
2026-09-02 19:22:59.290138,STN_006,17.18,9.57
2026-09-02 20:22:59.290138,STN_006,7.96,9.09
2026-09-02 21:22:59.290138,STN_006,8.08,8.52
2026-09-02 22:22:59.290138,STN_006,9.26,9.05
2026-09-02 23:22:59.290138,STN_006,5.39,8.19
2026-09-03 00:22:59.290138,STN_006,16.08,8.71
2026-09-03 01:22:59.290138,STN_006,7.17,8.4
2026-09-03 02:22:59.290138,STN_006,7.4,8.68
2026-09-03 03:22:59.290138,STN_006,6.14,8.73
2026-09-03 04:22:59.290138,STN_006,7.28,8.65
2026-09-03 05:22:59.290138,STN_006,11.89,8.77
2026-09-03 06:22:59.290138,STN_006,11.81,8.44
2026-09-03 07:22:59.290138,STN_006,16.36,8.54
2026-09-03 08:22:59.290138,STN_006,7.44,8.66
2026-09-03 09:22:59.290138,STN_006,10.31,8.78
2026-09-03 10:22:59.290138,STN_006,8.21,8.15
2026-09-03 11:22:59.290138,STN_006,11.9,8.67
2026-09-03 12:22:59.290138,STN_006,,8.46
2026-09-03 13:22:59.290138,STN_006,7.21,8.42
2026-09-03 14:22:59.290138,STN_006,7.02,8.29
2026-09-03 15:22:59.290138,STN_006,6.54,8.16
2026-09-03 16:22:59.290138,STN_006,8.81,8.03
2026-09-03 17:22:59.290138,STN_006,18.66,8.39
2026-09-03 18:22:59.290138,STN_006,6.27,8.31
2026-09-03 19:22:59.290138,STN_006,5.78,7.93
2026-09-03 20:22:59.290138,STN_006,5.88,8.45
2026-09-03 21:22:59.290138,STN_006,11.49,8.86
2026-09-03 22:22:59.290138,STN_006,7.19,8.24
2026-09-03 23:22:59.290138,STN_006,6.49,8.11
2026-09-04 00:22:59.290138,STN_006,7.21,7.78
2026-09-04 01:22:59.290138,STN_006,9.62,8.18
2026-09-04 02:22:59.290138,STN_006,8.64,8.53
2026-09-04 03:22:59.290138,STN_006,10.91,8.71
2026-09-04 04:22:59.290138,STN_006,7.13,8.54
2026-09-04 05:22:59.290138,STN_006,7.88,8.34
2026-09-04 06:22:59.290138,STN_006,5.9,8.16
2026-09-04 07:22:59.290138,STN_006,5.77,7.64
2026-09-04 08:22:59.290138,STN_006,7.95,7.93
2026-09-04 09:22:59.290138,STN_006,6.91,7.86
2026-09-04 10:22:59.290138,STN_006,9.27,7.91
2026-09-04 11:22:59.290138,STN_006,5.65,7.67
2026-09-04 12:22:59.290138,STN_006,5.99,8.07
2026-09-04 13:22:59.290138,STN_006,13.49,7.82
2026-09-04 14:22:59.290138,STN_006,8.81,7.81
2026-09-04 15:22:59.290138,STN_006,10.45,7.73
2026-09-04 16:22:59.290138,STN_006,12.85,
2026-09-04 17:22:59.290138,STN_006,7.96,8.34
2026-09-04 18:22:59.290138,STN_006,11.2,7.93
2026-09-04 19:22:59.290138,STN_006,8.44,8.04
2026-09-04 20:22:59.290138,STN_006,6.48,8.54
2026-09-04 21:22:59.290138,STN_006,7.12,8.28
2026-09-04 22:22:59.290138,STN_006,8.26,8.12
2026-09-04 23:22:59.290138,STN_006,7.09,8.12
2026-09-05 00:22:59.290138,STN_006,7.2,7.77
2026-09-05 01:22:59.290138,STN_006,7.21,7.72
2026-09-05 02:22:59.290138,STN_006,6.09,7.95
2026-09-05 03:22:59.290138,STN_006,5.92,7.92
2026-09-05 04:22:59.290138,STN_006,5.75,7.6
2026-09-05 05:22:59.290138,STN_006,6.03,8.05
2026-09-05 06:22:59.290138,STN_006,7.25,7.77
2026-09-05 07:22:59.290138,STN_006,,8.22
2026-09-05 08:22:59.290138,STN_006,6.4,7.85
2026-09-05 09:22:59.290138,STN_006,14.32,7.89
2026-09-05 10:22:59.290138,STN_006,12.17,7.67
2026-09-05 11:22:59.290138,STN_006,8.5,7.73
2026-09-05 12:22:59.290138,STN_006,10.72,8.41
2026-09-05 13:22:59.290138,STN_006,7.39,8.05
2026-09-05 14:22:59.290138,STN_006,5.71,8.06
2026-09-05 15:22:59.290138,STN_006,14.95,8.46
2026-09-05 16:22:59.290138,STN_006,6.11,7.53
2026-09-05 17:22:59.290138,STN_006,17.39,8.2
2026-09-05 18:22:59.290138,STN_006,,7.51
2026-09-05 19:22:59.290138,STN_006,7.02,7.84
2026-09-05 20:22:59.290138,STN_006,8.3,7.64
2026-09-05 21:22:59.290138,STN_006,8.35,8.25
2026-09-05 22:22:59.290138,STN_006,5.75,7.42
2026-09-05 23:22:59.290138,STN_006,7.41,7.93
2026-09-06 00:22:59.290138,STN_006,11.04,7.68
2026-09-06 01:22:59.290138,STN_006,8.51,7.78
2026-09-06 02:22:59.290138,STN_006,6.78,7.83
2026-09-06 03:22:59.290138,STN_006,7.29,8.45
2026-09-06 04:22:59.290138,STN_006,13.61,8.02
2026-09-06 05:22:59.290138,STN_006,8.64,8.66
2026-09-06 06:22:59.290138,STN_006,8.66,8.73
2026-09-06 07:22:59.290138,STN_006,18.68,8.87
2026-09-06 08:22:59.290138,STN_006,7.2,8.22
2026-09-06 09:22:59.290138,STN_006,8.27,8.25
2026-09-06 10:22:59.290138,STN_006,12.34,8.3
2026-09-06 11:22:59.290138,STN_006,11.35,8.1
2026-09-06 12:22:59.290138,STN_006,6.89,8.31
2026-09-06 13:22:59.290138,STN_006,6.31,7.89
2026-09-06 14:22:59.290138,STN_006,10.48,7.65
2026-09-06 15:22:59.290138,STN_006,6.85,8.36
2026-09-06 16:22:59.290138,STN_006,15.9,8.12
2026-09-06 17:22:59.290138,STN_006,17.18,7.93
2026-09-06 18:22:59.290138,STN_006,7.19,7.96
2026-09-06 19:22:59.290138,STN_006,5.88,8.66
2026-09-06 20:22:59.290138,STN_006,10.52,8.36
2026-09-06 21:22:59.290138,STN_006,14.53,7.81
2026-09-06 22:22:59.290138,STN_006,9.79,7.96
2026-09-06 23:22:59.290138,STN_006,16.86,8.31
2026-09-07 00:22:59.290138,STN_006,6.3,8.5
2026-09-07 01:22:59.290138,STN_006,6.12,8.1
2026-09-07 02:22:59.290138,STN_006,13.04,8.34
2026-09-07 03:22:59.290138,STN_006,13.49,8.48
2026-09-07 04:22:59.290138,STN_006,12.86,8.48
2026-09-07 05:22:59.290138,STN_006,12.17,
2026-09-07 06:22:59.290138,STN_006,7.55,8.52
2026-09-07 07:22:59.290138,STN_006,6.73,7.84
2026-09-07 08:22:59.290138,STN_006,16.32,8.35
2026-09-07 09:22:59.290138,STN_006,7.22,8.27
2026-09-07 10:22:59.290138,STN_006,7.78,8.06
2026-09-07 11:22:59.290138,STN_006,10.56,8.63
2026-09-07 12:22:59.290138,STN_006,7.14,8.04
2026-09-07 13:22:59.290138,STN_006,12.59,8.28
2026-09-07 14:22:59.290138,STN_006,6.04,8.66
2026-09-07 15:22:59.290138,STN_006,12.01,8.27
2026-09-07 16:22:59.290138,STN_006,9.43,8.16
2026-09-07 17:22:59.290138,STN_006,9.15,8.24
2026-09-07 18:22:59.290138,STN_006,8.2,8.49
2026-09-07 19:22:59.290138,STN_006,7.05,8.77
2026-09-07 20:22:59.290138,STN_006,8.24,8.04
2026-09-07 21:22:59.290138,STN_006,8.14,8.01
2026-09-07 22:22:59.290138,STN_006,9.35,8.19
2026-09-07 23:22:59.290138,STN_006,7.16,8.26
2026-09-08 00:22:59.290138,STN_006,6.16,7.96
2026-09-08 01:22:59.290138,STN_006,6.47,8.4
2026-09-08 02:22:59.290138,STN_006,10.64,7.9
2026-09-08 03:22:59.290138,STN_006,5.93,7.54
2026-09-08 04:22:59.290138,STN_006,13.6,8.28
2026-09-08 05:22:59.290138,STN_006,10.58,8.3
2026-09-08 06:22:59.290138,STN_006,11.69,8.46
2026-09-08 07:22:59.290138,STN_006,13.07,7.6
2026-09-08 08:22:59.290138,STN_006,6.36,7.91
2026-09-08 09:22:59.290138,STN_006,12.75,8.08
2026-09-08 10:22:59.290138,STN_006,8.65,8.69
2026-09-08 11:22:59.290138,STN_006,14.51,8.15
2026-09-08 12:22:59.290138,STN_006,14.55,7.86
2026-09-08 13:22:59.290138,STN_006,5.94,8.29
2026-09-08 14:22:59.290138,STN_006,7.77,8.61
2026-09-08 15:22:59.290138,STN_006,8.83,8.52
2026-09-08 16:22:59.290138,STN_006,10.38,8.37
2026-09-08 17:22:59.290138,STN_006,7.19,8.26
2026-09-08 18:22:59.290138,STN_006,7.0,7.49
2026-09-08 19:22:59.290138,STN_006,7.76,8.19
2026-09-08 20:22:59.290138,STN_006,8.62,8.24
2026-09-08 21:22:59.290138,STN_006,17.92,8.22
2026-08-09 22:22:59.290138,STN_007,11.14,
2026-08-09 23:22:59.290138,STN_007,12.66,
2026-08-10 00:22:59.290138,STN_007,9.36,
2026-08-10 01:22:59.290138,STN_007,10.47,
2026-08-10 02:22:59.290138,STN_007,14.2,
2026-08-10 03:22:59.290138,STN_007,13.78,
2026-08-10 04:22:59.290138,STN_007,10.99,
2026-08-10 05:22:59.290138,STN_007,15.86,
2026-08-10 06:22:59.290138,STN_007,10.32,
2026-08-10 07:22:59.290138,STN_007,11.72,
2026-08-10 08:22:59.290138,STN_007,11.81,
2026-08-10 09:22:59.290138,STN_007,10.92,
2026-08-10 10:22:59.290138,STN_007,21.62,
2026-08-10 11:22:59.290138,STN_007,14.02,
2026-08-10 12:22:59.290138,STN_007,12.35,
2026-08-10 13:22:59.290138,STN_007,12.11,
2026-08-10 14:22:59.290138,STN_007,9.94,
2026-08-10 15:22:59.290138,STN_007,11.11,
2026-08-10 16:22:59.290138,STN_007,13.72,
2026-08-10 17:22:59.290138,STN_007,19.59,
2026-08-10 18:22:59.290138,STN_007,16.03,
2026-08-10 19:22:59.290138,STN_007,10.68,
2026-08-10 20:22:59.290138,STN_007,11.53,
2026-08-10 21:22:59.290138,STN_007,9.6,8.94
2026-08-10 22:22:59.290138,STN_007,9.78,9.69
2026-08-10 23:22:59.290138,STN_007,54.65,9.38
2026-08-11 00:22:59.290138,STN_007,12.37,9.45
2026-08-11 01:22:59.290138,STN_007,10.58,9.32
2026-08-11 02:22:59.290138,STN_007,13.47,8.65
2026-08-11 03:22:59.290138,STN_007,14.21,9.65
2026-08-11 04:22:59.290138,STN_007,10.77,9.88
2026-08-11 05:22:59.290138,STN_007,15.03,9.75
2026-08-11 06:22:59.290138,STN_007,10.27,9.21
2026-08-11 07:22:59.290138,STN_007,12.5,9.33
2026-08-11 08:22:59.290138,STN_007,15.88,9.52
2026-08-11 09:22:59.290138,STN_007,12.43,9.52
2026-08-11 10:22:59.290138,STN_007,18.89,9.61
2026-08-11 11:22:59.290138,STN_007,9.59,9.43
2026-08-11 12:22:59.290138,STN_007,12.9,9.26
2026-08-11 13:22:59.290138,STN_007,12.65,9.42
2026-08-11 14:22:59.290138,STN_007,13.67,9.71
2026-08-11 15:22:59.290138,STN_007,16.52,10.33
2026-08-11 16:22:59.290138,STN_007,14.53,9.31
2026-08-11 17:22:59.290138,STN_007,42.14,9.72
2026-08-11 18:22:59.290138,STN_007,10.72,9.5
2026-08-11 19:22:59.290138,STN_007,11.31,9.7
2026-08-11 20:22:59.290138,STN_007,13.29,9.92
2026-08-11 21:22:59.290138,STN_007,12.58,9.59
2026-08-11 22:22:59.290138,STN_007,22.44,9.16
2026-08-11 23:22:59.290138,STN_007,10.28,9.71
2026-08-12 00:22:59.290138,STN_007,11.19,9.43
2026-08-12 01:22:59.290138,STN_007,12.86,9.31
2026-08-12 02:22:59.290138,STN_007,17.55,9.28
2026-08-12 03:22:59.290138,STN_007,20.06,9.59
2026-08-12 04:22:59.290138,STN_007,11.09,9.29
2026-08-12 05:22:59.290138,STN_007,9.73,9.28
2026-08-12 06:22:59.290138,STN_007,11.65,9.09
2026-08-12 07:22:59.290138,STN_007,11.46,9.25
2026-08-12 08:22:59.290138,STN_007,26.67,9.73
2026-08-12 09:22:59.290138,STN_007,11.71,9.12
2026-08-12 10:22:59.290138,STN_007,10.91,9.82
2026-08-12 11:22:59.290138,STN_007,11.27,9.13
2026-08-12 12:22:59.290138,STN_007,11.48,9.52
2026-08-12 13:22:59.290138,STN_007,16.35,9.65
2026-08-12 14:22:59.290138,STN_007,9.79,9.72
2026-08-12 15:22:59.290138,STN_007,10.98,9.67
2026-08-12 16:22:59.290138,STN_007,23.02,9.47
2026-08-12 17:22:59.290138,STN_007,10.12,9.18
2026-08-12 18:22:59.290138,STN_007,14.88,9.44
2026-08-12 19:22:59.290138,STN_007,11.22,9.35
2026-08-12 20:22:59.290138,STN_007,12.94,9.16
2026-08-12 21:22:59.290138,STN_007,9.87,9.35
2026-08-12 22:22:59.290138,STN_007,11.02,9.11
2026-08-12 23:22:59.290138,STN_007,12.34,9.0
2026-08-13 00:22:59.290138,STN_007,10.61,9.06
2026-08-13 01:22:59.290138,STN_007,12.68,9.32
2026-08-13 02:22:59.290138,STN_007,10.55,8.84
2026-08-13 03:22:59.290138,STN_007,13.76,9.39
2026-08-13 04:22:59.290138,STN_007,18.95,8.96
2026-08-13 05:22:59.290138,STN_007,9.92,8.45
2026-08-13 06:22:59.290138,STN_007,10.54,9.28
2026-08-13 07:22:59.290138,STN_007,17.0,8.35
2026-08-13 08:22:59.290138,STN_007,13.55,8.75
2026-08-13 09:22:59.290138,STN_007,9.89,9.77
2026-08-13 10:22:59.290138,STN_007,12.22,9.37
2026-08-13 11:22:59.290138,STN_007,10.5,9.34
2026-08-13 12:22:59.290138,STN_007,10.45,8.7
2026-08-13 13:22:59.290138,STN_007,20.86,9.02
2026-08-13 14:22:59.290138,STN_007,15.29,9.49
2026-08-13 15:22:59.290138,STN_007,14.32,9.34
2026-08-13 16:22:59.290138,STN_007,10.65,9.39
2026-08-13 17:22:59.290138,STN_007,10.06,9.58
2026-08-13 18:22:59.290138,STN_007,17.75,9.27
2026-08-13 19:22:59.290138,STN_007,9.58,8.69
2026-08-13 20:22:59.290138,STN_007,11.52,9.22
2026-08-13 21:22:59.290138,STN_007,10.86,8.98
2026-08-13 22:22:59.290138,STN_007,13.04,8.7
2026-08-13 23:22:59.290138,STN_007,10.82,9.34
2026-08-14 00:22:59.290138,STN_007,11.15,9.44
2026-08-14 01:22:59.290138,STN_007,17.25,9.09
2026-08-14 02:22:59.290138,STN_007,13.36,9.23
2026-08-14 03:22:59.290138,STN_007,36.77,8.71
2026-08-14 04:22:59.290138,STN_007,14.85,9.63
2026-08-14 05:22:59.290138,STN_007,10.59,9.54
2026-08-14 06:22:59.290138,STN_007,11.93,9.39
2026-08-14 07:22:59.290138,STN_007,13.82,8.91
2026-08-14 08:22:59.290138,STN_007,10.93,8.77
2026-08-14 09:22:59.290138,STN_007,11.6,9.89
2026-08-14 10:22:59.290138,STN_007,14.96,9.0
2026-08-14 11:22:59.290138,STN_007,20.78,9.43
2026-08-14 12:22:59.290138,STN_007,12.68,9.12
2026-08-14 13:22:59.290138,STN_007,9.7,8.63
2026-08-14 14:22:59.290138,STN_007,11.31,9.41
2026-08-14 15:22:59.290138,STN_007,11.7,9.44
2026-08-14 16:22:59.290138,STN_007,11.32,8.76
2026-08-14 17:22:59.290138,STN_007,11.95,9.61
2026-08-14 18:22:59.290138,STN_007,13.67,9.09
2026-08-14 19:22:59.290138,STN_007,10.18,8.93
2026-08-14 20:22:59.290138,STN_007,10.93,8.9
2026-08-14 21:22:59.290138,STN_007,12.5,9.52
2026-08-14 22:22:59.290138,STN_007,11.28,8.68
2026-08-14 23:22:59.290138,STN_007,28.64,9.04
2026-08-15 00:22:59.290138,STN_007,12.02,9.55
2026-08-15 01:22:59.290138,STN_007,17.92,9.51
2026-08-15 02:22:59.290138,STN_007,18.84,9.16
2026-08-15 03:22:59.290138,STN_007,17.0,9.69
2026-08-15 04:22:59.290138,STN_007,9.96,8.93
2026-08-15 05:22:59.290138,STN_007,21.57,9.29
2026-08-15 06:22:59.290138,STN_007,10.32,9.24
2026-08-15 07:22:59.290138,STN_007,9.9,9.21
2026-08-15 08:22:59.290138,STN_007,11.9,9.26
2026-08-15 09:22:59.290138,STN_007,10.63,9.24
2026-08-15 10:22:59.290138,STN_007,10.58,9.2
2026-08-15 11:22:59.290138,STN_007,11.12,9.14
2026-08-15 12:22:59.290138,STN_007,10.91,9.5
2026-08-15 13:22:59.290138,STN_007,14.38,9.15
2026-08-15 14:22:59.290138,STN_007,10.59,9.42
2026-08-15 15:22:59.290138,STN_007,12.9,9.26
2026-08-15 16:22:59.290138,STN_007,26.96,9.46
2026-08-15 17:22:59.290138,STN_007,12.03,9.58
2026-08-15 18:22:59.290138,STN_007,13.87,9.01
2026-08-15 19:22:59.290138,STN_007,23.71,9.65
2026-08-15 20:22:59.290138,STN_007,10.36,9.4
2026-08-15 21:22:59.290138,STN_007,11.93,9.17
2026-08-15 22:22:59.290138,STN_007,17.46,9.76
2026-08-15 23:22:59.290138,STN_007,20.64,9.33
2026-08-16 00:22:59.290138,STN_007,13.54,9.58
2026-08-16 01:22:59.290138,STN_007,10.49,8.59
2026-08-16 02:22:59.290138,STN_007,19.14,9.63
2026-08-16 03:22:59.290138,STN_007,10.63,10.13
2026-08-16 04:22:59.290138,STN_007,11.61,9.37
2026-08-16 05:22:59.290138,STN_007,11.75,9.21
2026-08-16 06:22:59.290138,STN_007,12.24,9.17
2026-08-16 07:22:59.290138,STN_007,16.11,9.52
2026-08-16 08:22:59.290138,STN_007,16.35,9.3
2026-08-16 09:22:59.290138,STN_007,14.95,9.62
2026-08-16 10:22:59.290138,STN_007,9.96,9.94
2026-08-16 11:22:59.290138,STN_007,13.2,9.7
2026-08-16 12:22:59.290138,STN_007,15.37,9.43
2026-08-16 13:22:59.290138,STN_007,12.22,9.13
2026-08-16 14:22:59.290138,STN_007,21.46,9.43
2026-08-16 15:22:59.290138,STN_007,16.81,9.54
2026-08-16 16:22:59.290138,STN_007,13.93,9.08
2026-08-16 17:22:59.290138,STN_007,10.13,9.79
2026-08-16 18:22:59.290138,STN_007,14.09,9.63
2026-08-16 19:22:59.290138,STN_007,19.57,9.11
2026-08-16 20:22:59.290138,STN_007,11.78,8.91
2026-08-16 21:22:59.290138,STN_007,17.15,9.7
2026-08-16 22:22:59.290138,STN_007,11.47,
2026-08-16 23:22:59.290138,STN_007,13.35,9.42
2026-08-17 00:22:59.290138,STN_007,14.15,9.27
2026-08-17 01:22:59.290138,STN_007,14.5,9.67
2026-08-17 02:22:59.290138,STN_007,18.54,9.67
2026-08-17 03:22:59.290138,STN_007,67.12,9.65
2026-08-17 04:22:59.290138,STN_007,11.19,10.16
2026-08-17 05:22:59.290138,STN_007,14.84,9.83
2026-08-17 06:22:59.290138,STN_007,10.75,9.91
2026-08-17 07:22:59.290138,STN_007,34.06,10.07
2026-08-17 08:22:59.290138,STN_007,10.05,10.68
2026-08-17 09:22:59.290138,STN_007,10.58,9.93
2026-08-17 10:22:59.290138,STN_007,14.51,9.5
2026-08-17 11:22:59.290138,STN_007,15.47,9.81
2026-08-17 12:22:59.290138,STN_007,10.46,10.2
2026-08-17 13:22:59.290138,STN_007,11.0,9.89
2026-08-17 14:22:59.290138,STN_007,10.39,9.88
2026-08-17 15:22:59.290138,STN_007,28.75,9.85
2026-08-17 16:22:59.290138,STN_007,10.51,9.1
2026-08-17 17:22:59.290138,STN_007,12.27,9.73
2026-08-17 18:22:59.290138,STN_007,15.24,9.95
2026-08-17 19:22:59.290138,STN_007,14.57,9.4
2026-08-17 20:22:59.290138,STN_007,11.29,9.58
2026-08-17 21:22:59.290138,STN_007,14.45,9.81
2026-08-17 22:22:59.290138,STN_007,114.45,10.68
2026-08-17 23:22:59.290138,STN_007,11.78,10.89
2026-08-18 00:22:59.290138,STN_007,11.67,10.67
2026-08-18 01:22:59.290138,STN_007,13.46,10.85
2026-08-18 02:22:59.290138,STN_007,11.2,10.47
2026-08-18 03:22:59.290138,STN_007,14.29,10.3
2026-08-18 04:22:59.290138,STN_007,17.21,10.73
2026-08-18 05:22:59.290138,STN_007,12.53,10.36
2026-08-18 06:22:59.290138,STN_007,14.62,10.23
2026-08-18 07:22:59.290138,STN_007,14.29,9.86
2026-08-18 08:22:59.290138,STN_007,10.23,
2026-08-18 09:22:59.290138,STN_007,10.88,10.08
2026-08-18 10:22:59.290138,STN_007,19.03,10.35
2026-08-18 11:22:59.290138,STN_007,21.25,9.68
2026-08-18 12:22:59.290138,STN_007,16.14,10.22
2026-08-18 13:22:59.290138,STN_007,20.24,10.48
2026-08-18 14:22:59.290138,STN_007,11.53,10.4
2026-08-18 15:22:59.290138,STN_007,11.21,10.12
2026-08-18 16:22:59.290138,STN_007,12.01,10.12
2026-08-18 17:22:59.290138,STN_007,10.3,9.88
2026-08-18 18:22:59.290138,STN_007,16.71,10.34
2026-08-18 19:22:59.290138,STN_007,26.66,10.45
2026-08-18 20:22:59.290138,STN_007,17.02,9.95
2026-08-18 21:22:59.290138,STN_007,13.31,10.59
2026-08-18 22:22:59.290138,STN_007,11.57,9.33
2026-08-18 23:22:59.290138,STN_007,11.06,9.4
2026-08-19 00:22:59.290138,STN_007,11.99,10.08
2026-08-19 01:22:59.290138,STN_007,14.57,10.01
2026-08-19 02:22:59.290138,STN_007,12.54,9.11
2026-08-19 03:22:59.290138,STN_007,21.05,9.21
2026-08-19 04:22:59.290138,STN_007,17.88,9.29
2026-08-19 05:22:59.290138,STN_007,10.61,10.06
2026-08-19 06:22:59.290138,STN_007,60.5,9.79
2026-08-19 07:22:59.290138,STN_007,14.69,
2026-08-19 08:22:59.290138,STN_007,11.22,10.35
2026-08-19 09:22:59.290138,STN_007,16.44,10.2
2026-08-19 10:22:59.290138,STN_007,13.75,10.66
2026-08-19 11:22:59.290138,STN_007,11.22,10.08
2026-08-19 12:22:59.290138,STN_007,,9.86
2026-08-19 13:22:59.290138,STN_007,12.26,9.88
2026-08-19 14:22:59.290138,STN_007,18.43,9.73
2026-08-19 15:22:59.290138,STN_007,10.31,10.25
2026-08-19 16:22:59.290138,STN_007,19.22,10.32
2026-08-19 17:22:59.290138,STN_007,14.4,9.47
2026-08-19 18:22:59.290138,STN_007,15.53,10.22
2026-08-19 19:22:59.290138,STN_007,10.19,9.48
2026-08-19 20:22:59.290138,STN_007,14.13,10.5
2026-08-19 21:22:59.290138,STN_007,13.73,10.24
2026-08-19 22:22:59.290138,STN_007,13.36,9.47
2026-08-19 23:22:59.290138,STN_007,16.44,9.93
2026-08-20 00:22:59.290138,STN_007,13.52,10.17
2026-08-20 01:22:59.290138,STN_007,102.2,10.41
2026-08-20 02:22:59.290138,STN_007,11.34,
2026-08-20 03:22:59.290138,STN_007,16.84,10.59
2026-08-20 04:22:59.290138,STN_007,11.07,
2026-08-20 05:22:59.290138,STN_007,16.99,10.28
2026-08-20 06:22:59.290138,STN_007,21.56,10.6
2026-08-20 07:22:59.290138,STN_007,11.91,9.82
2026-08-20 08:22:59.290138,STN_007,13.3,10.19
2026-08-20 09:22:59.290138,STN_007,14.57,10.26
2026-08-20 10:22:59.290138,STN_007,10.61,10.27
2026-08-20 11:22:59.290138,STN_007,13.0,10.53
2026-08-20 12:22:59.290138,STN_007,12.07,10.12
2026-08-20 13:22:59.290138,STN_007,18.51,9.46
2026-08-20 14:22:59.290138,STN_007,18.65,10.13
2026-08-20 15:22:59.290138,STN_007,15.1,10.5
2026-08-20 16:22:59.290138,STN_007,14.54,10.2
2026-08-20 17:22:59.290138,STN_007,38.49,10.4
2026-08-20 18:22:59.290138,STN_007,12.1,10.57
2026-08-20 19:22:59.290138,STN_007,12.35,10.63
2026-08-20 20:22:59.290138,STN_007,13.5,9.89
2026-08-20 21:22:59.290138,STN_007,21.4,10.49
2026-08-20 22:22:59.290138,STN_007,15.53,10.47
2026-08-20 23:22:59.290138,STN_007,13.58,10.53
2026-08-21 00:22:59.290138,STN_007,16.26,9.93
2026-08-21 01:22:59.290138,STN_007,12.23,10.17
2026-08-21 02:22:59.290138,STN_007,99.32,10.51
2026-08-21 03:22:59.290138,STN_007,12.49,10.6
2026-08-21 04:22:59.290138,STN_007,11.69,11.01
2026-08-21 05:22:59.290138,STN_007,14.14,10.59
2026-08-21 06:22:59.290138,STN_007,15.02,9.94
2026-08-21 07:22:59.290138,STN_007,12.84,10.38
2026-08-21 08:22:59.290138,STN_007,13.71,10.61
2026-08-21 09:22:59.290138,STN_007,15.12,10.43
2026-08-21 10:22:59.290138,STN_007,,10.97
2026-08-21 11:22:59.290138,STN_007,19.42,10.26
2026-08-21 12:22:59.290138,STN_007,12.13,10.89
2026-08-21 13:22:59.290138,STN_007,22.48,10.8
2026-08-21 14:22:59.290138,STN_007,14.43,10.54
2026-08-21 15:22:59.290138,STN_007,16.58,10.63
2026-08-21 16:22:59.290138,STN_007,15.19,
2026-08-21 17:22:59.290138,STN_007,11.3,10.21
2026-08-21 18:22:59.290138,STN_007,10.67,10.47
2026-08-21 19:22:59.290138,STN_007,15.56,10.28
2026-08-21 20:22:59.290138,STN_007,13.24,10.34
2026-08-21 21:22:59.290138,STN_007,15.22,10.56
2026-08-21 22:22:59.290138,STN_007,13.07,9.69
2026-08-21 23:22:59.290138,STN_007,11.98,10.36
2026-08-22 00:22:59.290138,STN_007,11.82,10.75
2026-08-22 01:22:59.290138,STN_007,15.72,10.13
2026-08-22 02:22:59.290138,STN_007,11.78,9.14
2026-08-22 03:22:59.290138,STN_007,15.5,9.42
2026-08-22 04:22:59.290138,STN_007,12.42,9.09
2026-08-22 05:22:59.290138,STN_007,16.37,9.63
2026-08-22 06:22:59.290138,STN_007,11.1,9.51
2026-08-22 07:22:59.290138,STN_007,11.4,9.61
2026-08-22 08:22:59.290138,STN_007,15.11,9.49
2026-08-22 09:22:59.290138,STN_007,13.77,9.58
2026-08-22 10:22:59.290138,STN_007,11.39,9.61
2026-08-22 11:22:59.290138,STN_007,19.8,9.12
2026-08-22 12:22:59.290138,STN_007,11.77,9.58
2026-08-22 13:22:59.290138,STN_007,12.67,9.83
2026-08-22 14:22:59.290138,STN_007,11.38,9.08
2026-08-22 15:22:59.290138,STN_007,12.44,9.43
2026-08-22 16:22:59.290138,STN_007,13.19,9.71
2026-08-22 17:22:59.290138,STN_007,11.88,8.98
2026-08-22 18:22:59.290138,STN_007,16.34,9.61
2026-08-22 19:22:59.290138,STN_007,12.48,9.28
2026-08-22 20:22:59.290138,STN_007,15.71,9.67
2026-08-22 21:22:59.290138,STN_007,11.41,9.09
2026-08-22 22:22:59.290138,STN_007,12.47,9.34
2026-08-22 23:22:59.290138,STN_007,10.61,8.88
2026-08-23 00:22:59.290138,STN_007,16.27,9.5
2026-08-23 01:22:59.290138,STN_007,14.51,9.5
2026-08-23 02:22:59.290138,STN_007,46.27,9.81
2026-08-23 03:22:59.290138,STN_007,13.01,9.78
2026-08-23 04:22:59.290138,STN_007,17.01,9.64
2026-08-23 05:22:59.290138,STN_007,14.75,9.21
2026-08-23 06:22:59.290138,STN_007,10.59,9.95
2026-08-23 07:22:59.290138,STN_007,11.75,9.64
2026-08-23 08:22:59.290138,STN_007,13.3,9.76
2026-08-23 09:22:59.290138,STN_007,,9.59
2026-08-23 10:22:59.290138,STN_007,10.85,10.23
2026-08-23 11:22:59.290138,STN_007,15.46,9.43
2026-08-23 12:22:59.290138,STN_007,13.72,9.44
2026-08-23 13:22:59.290138,STN_007,13.56,9.16
2026-08-23 14:22:59.290138,STN_007,11.96,9.66
2026-08-23 15:22:59.290138,STN_007,14.19,10.2
2026-08-23 16:22:59.290138,STN_007,10.69,9.66
2026-08-23 17:22:59.290138,STN_007,10.85,9.68
2026-08-23 18:22:59.290138,STN_007,15.88,9.9
2026-08-23 19:22:59.290138,STN_007,12.13,9.66
2026-08-23 20:22:59.290138,STN_007,12.28,9.94
2026-08-23 21:22:59.290138,STN_007,11.52,9.99
2026-08-23 22:22:59.290138,STN_007,13.04,9.43
2026-08-23 23:22:59.290138,STN_007,10.89,9.18
2026-08-24 00:22:59.290138,STN_007,12.11,9.78
2026-08-24 01:22:59.290138,STN_007,13.68,9.66
2026-08-24 02:22:59.290138,STN_007,13.19,8.97
2026-08-24 03:22:59.290138,STN_007,42.74,9.33
2026-08-24 04:22:59.290138,STN_007,12.65,9.3
2026-08-24 05:22:59.290138,STN_007,12.64,9.53
2026-08-24 06:22:59.290138,STN_007,13.48,9.81
2026-08-24 07:22:59.290138,STN_007,11.53,9.82
2026-08-24 08:22:59.290138,STN_007,19.04,9.79
2026-08-24 09:22:59.290138,STN_007,14.08,9.46
2026-08-24 10:22:59.290138,STN_007,11.53,10.22
2026-08-24 11:22:59.290138,STN_007,16.99,9.58
2026-08-24 12:22:59.290138,STN_007,10.82,9.43
2026-08-24 13:22:59.290138,STN_007,26.88,9.24
2026-08-24 14:22:59.290138,STN_007,18.7,9.61
2026-08-24 15:22:59.290138,STN_007,14.15,9.84
2026-08-24 16:22:59.290138,STN_007,11.15,9.24
2026-08-24 17:22:59.290138,STN_007,11.65,9.43
2026-08-24 18:22:59.290138,STN_007,11.99,9.55
2026-08-24 19:22:59.290138,STN_007,11.78,9.45
2026-08-24 20:22:59.290138,STN_007,13.43,9.44
2026-08-24 21:22:59.290138,STN_007,22.25,10.12
2026-08-24 22:22:59.290138,STN_007,13.13,9.31
2026-08-24 23:22:59.290138,STN_007,15.11,9.89
2026-08-25 00:22:59.290138,STN_007,15.45,10.02
2026-08-25 01:22:59.290138,STN_007,18.99,9.76
2026-08-25 02:22:59.290138,STN_007,10.92,9.82
2026-08-25 03:22:59.290138,STN_007,12.85,9.63
2026-08-25 04:22:59.290138,STN_007,16.92,9.87
2026-08-25 05:22:59.290138,STN_007,17.53,10.18
2026-08-25 06:22:59.290138,STN_007,21.27,9.4
2026-08-25 07:22:59.290138,STN_007,15.63,9.54
2026-08-25 08:22:59.290138,STN_007,11.91,9.5
2026-08-25 09:22:59.290138,STN_007,,9.75
2026-08-25 10:22:59.290138,STN_007,,9.63
2026-08-25 11:22:59.290138,STN_007,14.95,9.93
2026-08-25 12:22:59.290138,STN_007,14.01,9.56
2026-08-25 13:22:59.290138,STN_007,15.18,9.39
2026-08-25 14:22:59.290138,STN_007,21.43,9.45
2026-08-25 15:22:59.290138,STN_007,15.43,9.73
2026-08-25 16:22:59.290138,STN_007,12.33,9.99
2026-08-25 17:22:59.290138,STN_007,11.67,9.69
2026-08-25 18:22:59.290138,STN_007,18.5,9.59
2026-08-25 19:22:59.290138,STN_007,,9.45
2026-08-25 20:22:59.290138,STN_007,11.49,10.18
2026-08-25 21:22:59.290138,STN_007,11.71,9.12
2026-08-25 22:22:59.290138,STN_007,13.72,9.62
2026-08-25 23:22:59.290138,STN_007,11.41,9.86
2026-08-26 00:22:59.290138,STN_007,22.01,9.64
2026-08-26 01:22:59.290138,STN_007,24.44,9.57
2026-08-26 02:22:59.290138,STN_007,25.45,10.02
2026-08-26 03:22:59.290138,STN_007,11.04,9.52
2026-08-26 04:22:59.290138,STN_007,22.57,9.37
2026-08-26 05:22:59.290138,STN_007,34.71,10.14
2026-08-26 06:22:59.290138,STN_007,22.3,9.75
2026-08-26 07:22:59.290138,STN_007,113.3,10.9
2026-08-26 08:22:59.290138,STN_007,15.71,10.86
2026-08-26 09:22:59.290138,STN_007,43.58,11.22
2026-08-26 10:22:59.290138,STN_007,19.18,11.14
2026-08-26 11:22:59.290138,STN_007,11.13,
2026-08-26 12:22:59.290138,STN_007,12.41,10.96
2026-08-26 13:22:59.290138,STN_007,29.79,11.52
2026-08-26 14:22:59.290138,STN_007,13.08,10.85
2026-08-26 15:22:59.290138,STN_007,11.44,11.54
2026-08-26 16:22:59.290138,STN_007,24.81,11.91
2026-08-26 17:22:59.290138,STN_007,27.46,11.45
2026-08-26 18:22:59.290138,STN_007,11.71,11.84
2026-08-26 19:22:59.290138,STN_007,18.88,11.97
2026-08-26 20:22:59.290138,STN_007,12.86,11.34
2026-08-26 21:22:59.290138,STN_007,12.8,11.46
2026-08-26 22:22:59.290138,STN_007,12.2,11.21
2026-08-26 23:22:59.290138,STN_007,11.16,11.22
2026-08-27 00:22:59.290138,STN_007,12.23,11.44
2026-08-27 01:22:59.290138,STN_007,11.2,10.76
2026-08-27 02:22:59.290138,STN_007,21.31,11.47
2026-08-27 03:22:59.290138,STN_007,15.32,11.31
2026-08-27 04:22:59.290138,STN_007,19.69,11.44
2026-08-27 05:22:59.290138,STN_007,16.03,11.02
2026-08-27 06:22:59.290138,STN_007,11.54,11.19
2026-08-27 07:22:59.290138,STN_007,22.27,10.3
2026-08-27 08:22:59.290138,STN_007,20.19,10.42
2026-08-27 09:22:59.290138,STN_007,12.69,10.28
2026-08-27 10:22:59.290138,STN_007,11.45,9.56
2026-08-27 11:22:59.290138,STN_007,15.85,9.77
2026-08-27 12:22:59.290138,STN_007,75.46,11.2
2026-08-27 13:22:59.290138,STN_007,20.07,10.49
2026-08-27 14:22:59.290138,STN_007,11.2,9.9
2026-08-27 15:22:59.290138,STN_007,11.59,9.9
2026-08-27 16:22:59.290138,STN_007,14.63,10.31
2026-08-27 17:22:59.290138,STN_007,14.84,10.07
2026-08-27 18:22:59.290138,STN_007,65.31,10.43
2026-08-27 19:22:59.290138,STN_007,13.0,11.16
2026-08-27 20:22:59.290138,STN_007,14.49,10.52
2026-08-27 21:22:59.290138,STN_007,16.34,10.91
2026-08-27 22:22:59.290138,STN_007,12.6,10.76
2026-08-27 23:22:59.290138,STN_007,13.72,10.62
2026-08-28 00:22:59.290138,STN_007,17.81,10.41
2026-08-28 01:22:59.290138,STN_007,23.39,11.08
2026-08-28 02:22:59.290138,STN_007,12.13,
2026-08-28 03:22:59.290138,STN_007,12.25,11.01
2026-08-28 04:22:59.290138,STN_007,22.32,10.82
2026-08-28 05:22:59.290138,STN_007,13.09,10.93
2026-08-28 06:22:59.290138,STN_007,16.15,10.79
2026-08-28 07:22:59.290138,STN_007,14.87,10.36
2026-08-28 08:22:59.290138,STN_007,12.42,10.78
2026-08-28 09:22:59.290138,STN_007,15.32,10.94
2026-08-28 10:22:59.290138,STN_007,15.34,10.57
2026-08-28 11:22:59.290138,STN_007,14.67,10.9
2026-08-28 12:22:59.290138,STN_007,11.5,10.26
2026-08-28 13:22:59.290138,STN_007,32.41,10.41
2026-08-28 14:22:59.290138,STN_007,13.12,10.03
2026-08-28 15:22:59.290138,STN_007,15.15,10.71
2026-08-28 16:22:59.290138,STN_007,19.76,10.45
2026-08-28 17:22:59.290138,STN_007,13.28,10.6
2026-08-28 18:22:59.290138,STN_007,17.03,9.83
2026-08-28 19:22:59.290138,STN_007,25.36,10.35
2026-08-28 20:22:59.290138,STN_007,12.86,9.91
2026-08-28 21:22:59.290138,STN_007,13.16,9.74
2026-08-28 22:22:59.290138,STN_007,20.62,10.63
2026-08-28 23:22:59.290138,STN_007,11.87,9.37
2026-08-29 00:22:59.290138,STN_007,11.29,10.92
2026-08-29 01:22:59.290138,STN_007,20.76,10.21
2026-08-29 02:22:59.290138,STN_007,18.07,9.96
2026-08-29 03:22:59.290138,STN_007,25.56,10.26
2026-08-29 04:22:59.290138,STN_007,11.42,10.28
2026-08-29 05:22:59.290138,STN_007,11.86,9.96
2026-08-29 06:22:59.290138,STN_007,11.62,10.63
2026-08-29 07:22:59.290138,STN_007,15.78,10.47
2026-08-29 08:22:59.290138,STN_007,14.9,10.87
2026-08-29 09:22:59.290138,STN_007,12.96,9.67
2026-08-29 10:22:59.290138,STN_007,11.41,10.06
2026-08-29 11:22:59.290138,STN_007,15.26,9.59
2026-08-29 12:22:59.290138,STN_007,14.55,9.7
2026-08-29 13:22:59.290138,STN_007,11.66,9.76
2026-08-29 14:22:59.290138,STN_007,20.76,9.83
2026-08-29 15:22:59.290138,STN_007,12.06,10.01
2026-08-29 16:22:59.290138,STN_007,16.62,9.84
2026-08-29 17:22:59.290138,STN_007,19.83,10.16
2026-08-29 18:22:59.290138,STN_007,14.64,10.0
2026-08-29 19:22:59.290138,STN_007,12.31,10.29
2026-08-29 20:22:59.290138,STN_007,12.66,10.04
2026-08-29 21:22:59.290138,STN_007,19.85,9.5
2026-08-29 22:22:59.290138,STN_007,12.69,9.76
2026-08-29 23:22:59.290138,STN_007,16.76,9.82
2026-08-30 00:22:59.290138,STN_007,29.76,10.13
2026-08-30 01:22:59.290138,STN_007,45.69,10.52
2026-08-30 02:22:59.290138,STN_007,14.32,10.26
2026-08-30 03:22:59.290138,STN_007,18.28,10.28
2026-08-30 04:22:59.290138,STN_007,29.8,9.92
2026-08-30 05:22:59.290138,STN_007,13.15,10.14
2026-08-30 06:22:59.290138,STN_007,12.44,9.71
2026-08-30 07:22:59.290138,STN_007,11.76,10.38
2026-08-30 08:22:59.290138,STN_007,11.88,10.47
2026-08-30 09:22:59.290138,STN_007,18.96,9.88
2026-08-30 10:22:59.290138,STN_007,14.83,10.35
2026-08-30 11:22:59.290138,STN_007,19.55,10.31
2026-08-30 12:22:59.290138,STN_007,17.51,10.87
2026-08-30 13:22:59.290138,STN_007,15.75,10.13
2026-08-30 14:22:59.290138,STN_007,15.03,10.62
2026-08-30 15:22:59.290138,STN_007,11.47,10.69
2026-08-30 16:22:59.290138,STN_007,19.51,10.31
2026-08-30 17:22:59.290138,STN_007,13.44,10.4
2026-08-30 18:22:59.290138,STN_007,14.56,10.64
2026-08-30 19:22:59.290138,STN_007,11.36,9.97
2026-08-30 20:22:59.290138,STN_007,22.27,10.26
2026-08-30 21:22:59.290138,STN_007,20.6,10.45
2026-08-30 22:22:59.290138,STN_007,14.51,11.04
2026-08-30 23:22:59.290138,STN_007,14.82,10.29
2026-08-31 00:22:59.290138,STN_007,16.25,10.21
2026-08-31 01:22:59.290138,STN_007,12.6,10.48
2026-08-31 02:22:59.290138,STN_007,12.37,10.2
2026-08-31 03:22:59.290138,STN_007,15.85,10.64
2026-08-31 04:22:59.290138,STN_007,11.81,10.16
2026-08-31 05:22:59.290138,STN_007,13.79,9.79
2026-08-31 06:22:59.290138,STN_007,14.09,9.76
2026-08-31 07:22:59.290138,STN_007,13.29,9.62
2026-08-31 08:22:59.290138,STN_007,12.19,9.47
2026-08-31 09:22:59.290138,STN_007,13.13,9.92
2026-08-31 10:22:59.290138,STN_007,13.02,9.99
2026-08-31 11:22:59.290138,STN_007,14.14,9.98
2026-08-31 12:22:59.290138,STN_007,15.86,9.71
2026-08-31 13:22:59.290138,STN_007,25.17,10.4
2026-08-31 14:22:59.290138,STN_007,11.99,9.39
2026-08-31 15:22:59.290138,STN_007,19.63,9.42
2026-08-31 16:22:59.290138,STN_007,12.71,9.56
2026-08-31 17:22:59.290138,STN_007,14.95,9.82
2026-08-31 18:22:59.290138,STN_007,14.54,9.49
2026-08-31 19:22:59.290138,STN_007,14.63,10.25
2026-08-31 20:22:59.290138,STN_007,16.51,9.58
2026-08-31 21:22:59.290138,STN_007,13.29,9.46
2026-08-31 22:22:59.290138,STN_007,13.0,10.06
2026-08-31 23:22:59.290138,STN_007,19.13,9.84
2026-09-01 00:22:59.290138,STN_007,12.46,9.98
2026-09-01 01:22:59.290138,STN_007,12.26,9.73
2026-09-01 02:22:59.290138,STN_007,11.53,9.82
2026-09-01 03:22:59.290138,STN_007,12.41,9.28
2026-09-01 04:22:59.290138,STN_007,14.39,9.69
2026-09-01 05:22:59.290138,STN_007,14.56,9.42
2026-09-01 06:22:59.290138,STN_007,12.64,10.31
2026-09-01 07:22:59.290138,STN_007,11.77,10.1
2026-09-01 08:22:59.290138,STN_007,16.93,9.55
2026-09-01 09:22:59.290138,STN_007,17.14,9.72
2026-09-01 10:22:59.290138,STN_007,36.01,9.93
2026-09-01 11:22:59.290138,STN_007,20.68,10.68
2026-09-01 12:22:59.290138,STN_007,21.89,10.2
2026-09-01 13:22:59.290138,STN_007,17.87,9.89
2026-09-01 14:22:59.290138,STN_007,15.29,10.09
2026-09-01 15:22:59.290138,STN_007,12.02,9.52
2026-09-01 16:22:59.290138,STN_007,15.36,9.98
2026-09-01 17:22:59.290138,STN_007,11.7,9.65
2026-09-01 18:22:59.290138,STN_007,20.13,9.47
2026-09-01 19:22:59.290138,STN_007,14.1,10.62
2026-09-01 20:22:59.290138,STN_007,16.25,10.01
2026-09-01 21:22:59.290138,STN_007,11.68,9.77
2026-09-01 22:22:59.290138,STN_007,14.62,9.53
2026-09-01 23:22:59.290138,STN_007,13.0,9.92
2026-09-02 00:22:59.290138,STN_007,12.9,9.94
2026-09-02 01:22:59.290138,STN_007,13.54,10.23
2026-09-02 02:22:59.290138,STN_007,11.57,9.71
2026-09-02 03:22:59.290138,STN_007,14.08,9.85
2026-09-02 04:22:59.290138,STN_007,14.23,9.73
2026-09-02 05:22:59.290138,STN_007,19.52,9.99
2026-09-02 06:22:59.290138,STN_007,13.94,9.46
2026-09-02 07:22:59.290138,STN_007,13.37,9.83
2026-09-02 08:22:59.290138,STN_007,32.56,10.4
2026-09-02 09:22:59.290138,STN_007,14.95,9.82
2026-09-02 10:22:59.290138,STN_007,14.12,10.31
2026-09-02 11:22:59.290138,STN_007,14.3,10.21
2026-09-02 12:22:59.290138,STN_007,18.19,10.21
2026-09-02 13:22:59.290138,STN_007,13.23,9.88
2026-09-02 14:22:59.290138,STN_007,13.53,9.84
2026-09-02 15:22:59.290138,STN_007,17.2,10.01
2026-09-02 16:22:59.290138,STN_007,11.87,10.28
2026-09-02 17:22:59.290138,STN_007,19.58,10.32
2026-09-02 18:22:59.290138,STN_007,13.81,9.4
2026-09-02 19:22:59.290138,STN_007,15.05,9.64
2026-09-02 20:22:59.290138,STN_007,17.23,9.6
2026-09-02 21:22:59.290138,STN_007,41.53,10.38
2026-09-02 22:22:59.290138,STN_007,20.5,10.02
2026-09-02 23:22:59.290138,STN_007,27.15,10.28
2026-09-03 00:22:59.290138,STN_007,14.38,10.87
2026-09-03 01:22:59.290138,STN_007,22.71,10.77
2026-09-03 02:22:59.290138,STN_007,11.66,10.85
2026-09-03 03:22:59.290138,STN_007,71.33,10.69
2026-09-03 04:22:59.290138,STN_007,13.15,10.07
2026-09-03 05:22:59.290138,STN_007,13.15,10.73
2026-09-03 06:22:59.290138,STN_007,12.69,10.41
2026-09-03 07:22:59.290138,STN_007,13.18,10.25
2026-09-03 08:22:59.290138,STN_007,12.62,11.01
2026-09-03 09:22:59.290138,STN_007,21.11,10.45
2026-09-03 10:22:59.290138,STN_007,20.83,10.53
2026-09-03 11:22:59.290138,STN_007,12.09,10.65
2026-09-03 12:22:59.290138,STN_007,12.27,11.2
2026-09-03 13:22:59.290138,STN_007,19.58,10.71
2026-09-03 14:22:59.290138,STN_007,13.69,11.05
2026-09-03 15:22:59.290138,STN_007,12.4,10.63
2026-09-03 16:22:59.290138,STN_007,14.52,10.27
2026-09-03 17:22:59.290138,STN_007,13.81,10.34
2026-09-03 18:22:59.290138,STN_007,12.65,10.69
2026-09-03 19:22:59.290138,STN_007,16.76,10.73
2026-09-03 20:22:59.290138,STN_007,15.65,10.85
2026-09-03 21:22:59.290138,STN_007,12.08,10.61
2026-09-03 22:22:59.290138,STN_007,22.13,10.74
2026-09-03 23:22:59.290138,STN_007,15.02,10.14
2026-09-04 00:22:59.290138,STN_007,12.9,10.91
2026-09-04 01:22:59.290138,STN_007,12.68,10.85
2026-09-04 02:22:59.290138,STN_007,12.34,10.13
2026-09-04 03:22:59.290138,STN_007,13.96,9.57
2026-09-04 04:22:59.290138,STN_007,12.33,9.26
2026-09-04 05:22:59.290138,STN_007,13.9,9.85
2026-09-04 06:22:59.290138,STN_007,12.4,9.94
2026-09-04 07:22:59.290138,STN_007,16.03,9.65
2026-09-04 08:22:59.290138,STN_007,17.9,9.95
2026-09-04 09:22:59.290138,STN_007,14.94,9.4
2026-09-04 10:22:59.290138,STN_007,16.31,10.07
2026-09-04 11:22:59.290138,STN_007,22.9,9.71
2026-09-04 12:22:59.290138,STN_007,15.82,9.99
2026-09-04 13:22:59.290138,STN_007,13.56,9.91
2026-09-04 14:22:59.290138,STN_007,14.14,9.26
2026-09-04 15:22:59.290138,STN_007,19.63,10.16
2026-09-04 16:22:59.290138,STN_007,12.31,9.66
2026-09-04 17:22:59.290138,STN_007,13.33,9.95
2026-09-04 18:22:59.290138,STN_007,15.2,9.49
2026-09-04 19:22:59.290138,STN_007,72.26,10.23
2026-09-04 20:22:59.290138,STN_007,17.52,10.5
2026-09-04 21:22:59.290138,STN_007,13.28,10.08
2026-09-04 22:22:59.290138,STN_007,12.48,10.03
2026-09-04 23:22:59.290138,STN_007,24.24,10.45
2026-09-05 00:22:59.290138,STN_007,12.16,10.35
2026-09-05 01:22:59.290138,STN_007,12.25,10.51
2026-09-05 02:22:59.290138,STN_007,14.58,10.31
2026-09-05 03:22:59.290138,STN_007,18.69,10.65
2026-09-05 04:22:59.290138,STN_007,17.8,10.34
2026-09-05 05:22:59.290138,STN_007,22.95,10.76
2026-09-05 06:22:59.290138,STN_007,12.46,10.31
2026-09-05 07:22:59.290138,STN_007,13.73,10.38
2026-09-05 08:22:59.290138,STN_007,13.17,10.74
2026-09-05 09:22:59.290138,STN_007,19.73,10.41
2026-09-05 10:22:59.290138,STN_007,14.53,10.2
2026-09-05 11:22:59.290138,STN_007,11.95,10.98
2026-09-05 12:22:59.290138,STN_007,16.77,10.45
2026-09-05 13:22:59.290138,STN_007,13.81,10.61
2026-09-05 14:22:59.290138,STN_007,14.88,9.79
2026-09-05 15:22:59.290138,STN_007,20.81,10.88
2026-09-05 16:22:59.290138,STN_007,13.03,11.28
2026-09-05 17:22:59.290138,STN_007,12.94,10.86
2026-09-05 18:22:59.290138,STN_007,13.07,10.88
2026-09-05 19:22:59.290138,STN_007,13.5,9.85
2026-09-05 20:22:59.290138,STN_007,12.3,10.01
2026-09-05 21:22:59.290138,STN_007,16.62,10.11
2026-09-05 22:22:59.290138,STN_007,12.87,9.77
2026-09-05 23:22:59.290138,STN_007,22.36,9.93
2026-09-06 00:22:59.290138,STN_007,102.0,10.41
2026-09-06 01:22:59.290138,STN_007,13.12,10.6
2026-09-06 02:22:59.290138,STN_007,13.35,10.96
2026-09-06 03:22:59.290138,STN_007,17.79,10.17
2026-09-06 04:22:59.290138,STN_007,14.17,10.96
2026-09-06 05:22:59.290138,STN_007,18.78,10.17
2026-09-06 06:22:59.290138,STN_007,18.08,10.7
2026-09-06 07:22:59.290138,STN_007,22.55,10.8
2026-09-06 08:22:59.290138,STN_007,17.59,10.97
2026-09-06 09:22:59.290138,STN_007,12.15,10.68
2026-09-06 10:22:59.290138,STN_007,19.2,10.46
2026-09-06 11:22:59.290138,STN_007,23.07,10.92
2026-09-06 12:22:59.290138,STN_007,32.2,11.64
2026-09-06 13:22:59.290138,STN_007,12.47,10.98
2026-09-06 14:22:59.290138,STN_007,15.74,10.72
2026-09-06 15:22:59.290138,STN_007,12.83,10.78
2026-09-06 16:22:59.290138,STN_007,13.16,10.97
2026-09-06 17:22:59.290138,STN_007,17.41,10.88
2026-09-06 18:22:59.290138,STN_007,143.02,11.92
2026-09-06 19:22:59.290138,STN_007,15.55,12.46
2026-09-06 20:22:59.290138,STN_007,19.54,12.28
2026-09-06 21:22:59.290138,STN_007,11.97,12.05
2026-09-06 22:22:59.290138,STN_007,12.18,
2026-09-06 23:22:59.290138,STN_007,15.66,12.09
2026-09-07 00:22:59.290138,STN_007,14.0,11.47
2026-09-07 01:22:59.290138,STN_007,20.85,11.75
2026-09-07 02:22:59.290138,STN_007,13.47,11.24
2026-09-07 03:22:59.290138,STN_007,14.29,11.04
2026-09-07 04:22:59.290138,STN_007,15.03,11.18
2026-09-07 05:22:59.290138,STN_007,13.31,11.04
2026-09-07 06:22:59.290138,STN_007,21.6,10.87
2026-09-07 07:22:59.290138,STN_007,14.53,11.69
2026-09-07 08:22:59.290138,STN_007,14.24,11.49
2026-09-07 09:22:59.290138,STN_007,19.61,10.61
2026-09-07 10:22:59.290138,STN_007,13.53,11.31
2026-09-07 11:22:59.290138,STN_007,18.83,11.1
2026-09-07 12:22:59.290138,STN_007,12.55,10.9
2026-09-07 13:22:59.290138,STN_007,12.84,10.31
2026-09-07 14:22:59.290138,STN_007,24.08,11.12
2026-09-07 15:22:59.290138,STN_007,19.42,11.2
2026-09-07 16:22:59.290138,STN_007,13.99,10.83
2026-09-07 17:22:59.290138,STN_007,16.1,11.66
2026-09-07 18:22:59.290138,STN_007,23.49,10.42
2026-09-07 19:22:59.290138,STN_007,12.98,9.84
2026-09-07 20:22:59.290138,STN_007,12.27,10.4
2026-09-07 21:22:59.290138,STN_007,15.11,9.98
2026-09-07 22:22:59.290138,STN_007,12.74,10.46
2026-09-07 23:22:59.290138,STN_007,12.95,9.69
2026-09-08 00:22:59.290138,STN_007,21.01,10.23
2026-09-08 01:22:59.290138,STN_007,12.15,9.74
2026-09-08 02:22:59.290138,STN_007,,9.9
2026-09-08 03:22:59.290138,STN_007,15.03,9.58
2026-09-08 04:22:59.290138,STN_007,15.4,9.79
2026-09-08 05:22:59.290138,STN_007,16.58,9.81
2026-09-08 06:22:59.290138,STN_007,14.38,9.72
2026-09-08 07:22:59.290138,STN_007,12.61,10.17
2026-09-08 08:22:59.290138,STN_007,12.56,9.57
2026-09-08 09:22:59.290138,STN_007,17.74,10.17
2026-09-08 10:22:59.290138,STN_007,13.12,10.38
2026-09-08 11:22:59.290138,STN_007,12.24,9.76
2026-09-08 12:22:59.290138,STN_007,27.69,10.12
2026-09-08 13:22:59.290138,STN_007,27.85,10.17
2026-09-08 14:22:59.290138,STN_007,14.02,10.07
2026-09-08 15:22:59.290138,STN_007,12.22,9.36
2026-09-08 16:22:59.290138,STN_007,17.32,9.82
2026-09-08 17:22:59.290138,STN_007,19.23,10.62
2026-09-08 18:22:59.290138,STN_007,12.66,10.19
2026-09-08 19:22:59.290138,STN_007,12.7,10.02
2026-09-08 20:22:59.290138,STN_007,19.03,9.54
2026-09-08 21:22:59.290138,STN_007,22.32,10.39
2026-08-09 22:22:59.290138,STN_008,4.2,
2026-08-09 23:22:59.290138,STN_008,,
2026-08-10 00:22:59.290138,STN_008,5.87,
2026-08-10 01:22:59.290138,STN_008,4.93,
2026-08-10 02:22:59.290138,STN_008,9.16,
2026-08-10 03:22:59.290138,STN_008,3.42,
2026-08-10 04:22:59.290138,STN_008,5.62,
2026-08-10 05:22:59.290138,STN_008,5.11,
2026-08-10 06:22:59.290138,STN_008,5.01,
2026-08-10 07:22:59.290138,STN_008,5.0,
2026-08-10 08:22:59.290138,STN_008,3.48,
2026-08-10 09:22:59.290138,STN_008,4.02,
2026-08-10 10:22:59.290138,STN_008,3.97,
2026-08-10 11:22:59.290138,STN_008,21.26,
2026-08-10 12:22:59.290138,STN_008,3.45,
2026-08-10 13:22:59.290138,STN_008,4.09,
2026-08-10 14:22:59.290138,STN_008,17.98,
2026-08-10 15:22:59.290138,STN_008,7.32,
2026-08-10 16:22:59.290138,STN_008,5.75,
2026-08-10 17:22:59.290138,STN_008,3.69,
2026-08-10 18:22:59.290138,STN_008,7.79,
2026-08-10 19:22:59.290138,STN_008,3.95,
2026-08-10 20:22:59.290138,STN_008,7.81,
2026-08-10 21:22:59.290138,STN_008,18.84,7.13
2026-08-10 22:22:59.290138,STN_008,6.5,7.12
2026-08-10 23:22:59.290138,STN_008,4.42,6.63
2026-08-11 00:22:59.290138,STN_008,7.39,6.69
2026-08-11 01:22:59.290138,STN_008,6.34,6.97
2026-08-11 02:22:59.290138,STN_008,6.51,7.06
2026-08-11 03:22:59.290138,STN_008,6.06,6.23
2026-08-11 04:22:59.290138,STN_008,7.94,7.31
2026-08-11 05:22:59.290138,STN_008,6.85,6.86
2026-08-11 06:22:59.290138,STN_008,20.83,6.74
2026-08-11 07:22:59.290138,STN_008,,7.47
2026-08-11 08:22:59.290138,STN_008,4.69,7.19
2026-08-11 09:22:59.290138,STN_008,8.64,7.6
2026-08-11 10:22:59.290138,STN_008,4.43,7.37
2026-08-11 11:22:59.290138,STN_008,9.56,7.14
2026-08-11 12:22:59.290138,STN_008,4.1,7.1
2026-08-11 13:22:59.290138,STN_008,6.03,7.31
2026-08-11 14:22:59.290138,STN_008,9.71,6.97
2026-08-11 15:22:59.290138,STN_008,4.77,6.82
2026-08-11 16:22:59.290138,STN_008,10.72,7.3
2026-08-11 17:22:59.290138,STN_008,7.59,7.1
2026-08-11 18:22:59.290138,STN_008,5.49,7.14
2026-08-11 19:22:59.290138,STN_008,5.66,7.47
2026-08-11 20:22:59.290138,STN_008,13.87,7.16
2026-08-11 21:22:59.290138,STN_008,4.44,7.08
2026-08-11 22:22:59.290138,STN_008,8.29,6.92
2026-08-11 23:22:59.290138,STN_008,8.48,7.27
2026-08-12 00:22:59.290138,STN_008,13.79,7.3
2026-08-12 01:22:59.290138,STN_008,8.56,7.48
2026-08-12 02:22:59.290138,STN_008,7.08,7.04
2026-08-12 03:22:59.290138,STN_008,12.88,7.13
2026-08-12 04:22:59.290138,STN_008,10.63,7.53
2026-08-12 05:22:59.290138,STN_008,8.61,7.38
2026-08-12 06:22:59.290138,STN_008,3.7,6.89
2026-08-12 07:22:59.290138,STN_008,5.43,7.52
2026-08-12 08:22:59.290138,STN_008,,6.64
2026-08-12 09:22:59.290138,STN_008,6.52,7.37
2026-08-12 10:22:59.290138,STN_008,5.1,6.76
2026-08-12 11:22:59.290138,STN_008,4.19,7.66
2026-08-12 12:22:59.290138,STN_008,6.78,6.65
2026-08-12 13:22:59.290138,STN_008,4.91,7.45
2026-08-12 14:22:59.290138,STN_008,4.62,7.04
2026-08-12 15:22:59.290138,STN_008,5.6,6.96
2026-08-12 16:22:59.290138,STN_008,9.72,7.12
2026-08-12 17:22:59.290138,STN_008,6.24,7.24
2026-08-12 18:22:59.290138,STN_008,4.54,6.77
2026-08-12 19:22:59.290138,STN_008,4.06,6.78
2026-08-12 20:22:59.290138,STN_008,6.33,7.16
2026-08-12 21:22:59.290138,STN_008,9.89,6.5
2026-08-12 22:22:59.290138,STN_008,7.9,6.85
2026-08-12 23:22:59.290138,STN_008,4.72,7.9
2026-08-13 00:22:59.290138,STN_008,5.96,6.64
2026-08-13 01:22:59.290138,STN_008,11.4,7.3
2026-08-13 02:22:59.290138,STN_008,4.45,6.75
2026-08-13 03:22:59.290138,STN_008,6.7,7.03
2026-08-13 04:22:59.290138,STN_008,5.43,7.03
2026-08-13 05:22:59.290138,STN_008,4.2,7.14
2026-08-13 06:22:59.290138,STN_008,16.44,6.84
2026-08-13 07:22:59.290138,STN_008,6.91,7.51
2026-08-13 08:22:59.290138,STN_008,3.75,6.71
2026-08-13 09:22:59.290138,STN_008,4.1,6.93
2026-08-13 10:22:59.290138,STN_008,5.37,6.94
2026-08-13 11:22:59.290138,STN_008,3.84,6.53
2026-08-13 12:22:59.290138,STN_008,5.71,6.77
2026-08-13 13:22:59.290138,STN_008,4.23,6.9
2026-08-13 14:22:59.290138,STN_008,5.39,6.73
2026-08-13 15:22:59.290138,STN_008,9.93,7.62
2026-08-13 16:22:59.290138,STN_008,7.6,6.62
2026-08-13 17:22:59.290138,STN_008,6.02,7.23
2026-08-13 18:22:59.290138,STN_008,4.05,7.12
2026-08-13 19:22:59.290138,STN_008,7.53,6.89
2026-08-13 20:22:59.290138,STN_008,4.38,6.62
2026-08-13 21:22:59.290138,STN_008,3.99,6.6
2026-08-13 22:22:59.290138,STN_008,8.13,6.7
2026-08-13 23:22:59.290138,STN_008,13.49,6.39
2026-08-14 00:22:59.290138,STN_008,6.24,6.62
2026-08-14 01:22:59.290138,STN_008,3.94,6.42
2026-08-14 02:22:59.290138,STN_008,12.26,7.33
2026-08-14 03:22:59.290138,STN_008,4.05,7.09
2026-08-14 04:22:59.290138,STN_008,11.85,7.2
2026-08-14 05:22:59.290138,STN_008,5.76,7.15
2026-08-14 06:22:59.290138,STN_008,5.59,6.93
2026-08-14 07:22:59.290138,STN_008,6.9,7.32
2026-08-14 08:22:59.290138,STN_008,16.36,6.8
2026-08-14 09:22:59.290138,STN_008,12.93,7.09
2026-08-14 10:22:59.290138,STN_008,6.31,7.29
2026-08-14 11:22:59.290138,STN_008,8.53,6.71
2026-08-14 12:22:59.290138,STN_008,7.24,8.05
2026-08-14 13:22:59.290138,STN_008,8.5,7.17
2026-08-14 14:22:59.290138,STN_008,10.84,7.24
2026-08-14 15:22:59.290138,STN_008,3.91,7.53
2026-08-14 16:22:59.290138,STN_008,5.35,7.41
2026-08-14 17:22:59.290138,STN_008,16.58,7.23
2026-08-14 18:22:59.290138,STN_008,15.7,7.36
2026-08-14 19:22:59.290138,STN_008,3.82,6.84
2026-08-14 20:22:59.290138,STN_008,4.67,7.12
2026-08-14 21:22:59.290138,STN_008,24.08,7.61
2026-08-14 22:22:59.290138,STN_008,6.59,7.59
2026-08-14 23:22:59.290138,STN_008,7.28,7.78
2026-08-15 00:22:59.290138,STN_008,4.6,7.36
2026-08-15 01:22:59.290138,STN_008,12.86,7.05
2026-08-15 02:22:59.290138,STN_008,4.92,7.73
2026-08-15 03:22:59.290138,STN_008,4.71,7.85
2026-08-15 04:22:59.290138,STN_008,4.91,7.63
2026-08-15 05:22:59.290138,STN_008,13.96,7.38
2026-08-15 06:22:59.290138,STN_008,8.73,7.76
2026-08-15 07:22:59.290138,STN_008,9.73,8.5
2026-08-15 08:22:59.290138,STN_008,5.77,7.42
2026-08-15 09:22:59.290138,STN_008,13.47,7.0
2026-08-15 10:22:59.290138,STN_008,10.1,7.25
2026-08-15 11:22:59.290138,STN_008,9.43,7.62
2026-08-15 12:22:59.290138,STN_008,18.03,7.04
2026-08-15 13:22:59.290138,STN_008,5.7,7.55
2026-08-15 14:22:59.290138,STN_008,7.65,7.58
2026-08-15 15:22:59.290138,STN_008,13.5,8.01
2026-08-15 16:22:59.290138,STN_008,10.13,
2026-08-15 17:22:59.290138,STN_008,7.19,7.77
2026-08-15 18:22:59.290138,STN_008,24.77,6.94
2026-08-15 19:22:59.290138,STN_008,8.1,7.9
2026-08-15 20:22:59.290138,STN_008,6.86,7.85
2026-08-15 21:22:59.290138,STN_008,4.69,7.56
2026-08-15 22:22:59.290138,STN_008,12.53,7.03
2026-08-15 23:22:59.290138,STN_008,5.66,7.3
2026-08-16 00:22:59.290138,STN_008,5.94,7.19
2026-08-16 01:22:59.290138,STN_008,8.44,6.9
2026-08-16 02:22:59.290138,STN_008,6.66,7.52
2026-08-16 03:22:59.290138,STN_008,4.35,7.28
2026-08-16 04:22:59.290138,STN_008,5.94,8.31
2026-08-16 05:22:59.290138,STN_008,4.37,7.4
2026-08-16 06:22:59.290138,STN_008,4.82,7.8
2026-08-16 07:22:59.290138,STN_008,4.0,6.9
2026-08-16 08:22:59.290138,STN_008,4.78,7.2
2026-08-16 09:22:59.290138,STN_008,5.58,7.32
2026-08-16 10:22:59.290138,STN_008,7.07,7.0
2026-08-16 11:22:59.290138,STN_008,14.04,7.18
2026-08-16 12:22:59.290138,STN_008,7.08,7.15
2026-08-16 13:22:59.290138,STN_008,8.87,7.17
2026-08-16 14:22:59.290138,STN_008,5.75,7.78
2026-08-16 15:22:59.290138,STN_008,9.55,7.31
2026-08-16 16:22:59.290138,STN_008,7.85,7.32
2026-08-16 17:22:59.290138,STN_008,6.44,7.33
2026-08-16 18:22:59.290138,STN_008,4.84,7.18
2026-08-16 19:22:59.290138,STN_008,5.42,6.95
2026-08-16 20:22:59.290138,STN_008,7.86,6.89
2026-08-16 21:22:59.290138,STN_008,6.2,7.05
2026-08-16 22:22:59.290138,STN_008,12.89,7.37
2026-08-16 23:22:59.290138,STN_008,5.15,7.35
2026-08-17 00:22:59.290138,STN_008,4.38,6.93
2026-08-17 01:22:59.290138,STN_008,7.64,7.23
2026-08-17 02:22:59.290138,STN_008,12.77,6.99
2026-08-17 03:22:59.290138,STN_008,5.89,7.07
2026-08-17 04:22:59.290138,STN_008,8.25,6.94
2026-08-17 05:22:59.290138,STN_008,5.13,7.03
2026-08-17 06:22:59.290138,STN_008,7.35,7.51
2026-08-17 07:22:59.290138,STN_008,10.26,7.19
2026-08-17 08:22:59.290138,STN_008,12.15,7.26
2026-08-17 09:22:59.290138,STN_008,4.52,6.78
2026-08-17 10:22:59.290138,STN_008,5.84,7.11
2026-08-17 11:22:59.290138,STN_008,8.16,7.08
2026-08-17 12:22:59.290138,STN_008,4.22,6.88
2026-08-17 13:22:59.290138,STN_008,8.77,7.13
2026-08-17 14:22:59.290138,STN_008,7.08,7.01
2026-08-17 15:22:59.290138,STN_008,5.44,7.13
2026-08-17 16:22:59.290138,STN_008,10.82,7.17
2026-08-17 17:22:59.290138,STN_008,5.45,6.83
2026-08-17 18:22:59.290138,STN_008,23.11,7.15
2026-08-17 19:22:59.290138,STN_008,10.86,7.34
2026-08-17 20:22:59.290138,STN_008,9.0,7.68
2026-08-17 21:22:59.290138,STN_008,4.33,7.39
2026-08-17 22:22:59.290138,STN_008,13.57,7.14
2026-08-17 23:22:59.290138,STN_008,10.42,7.5
2026-08-18 00:22:59.290138,STN_008,5.22,7.9
2026-08-18 01:22:59.290138,STN_008,6.17,7.65
2026-08-18 02:22:59.290138,STN_008,5.43,7.48
2026-08-18 03:22:59.290138,STN_008,20.83,
2026-08-18 04:22:59.290138,STN_008,11.88,7.9
2026-08-18 05:22:59.290138,STN_008,91.83,8.51
2026-08-18 06:22:59.290138,STN_008,10.4,8.38
2026-08-18 07:22:59.290138,STN_008,6.62,8.51
2026-08-18 08:22:59.290138,STN_008,5.1,7.8
2026-08-18 09:22:59.290138,STN_008,5.11,7.68
2026-08-18 10:22:59.290138,STN_008,4.84,8.17
2026-08-18 11:22:59.290138,STN_008,7.35,8.14
2026-08-18 12:22:59.290138,STN_008,14.28,8.04
2026-08-18 13:22:59.290138,STN_008,23.39,8.57
2026-08-18 14:22:59.290138,STN_008,5.54,7.75
2026-08-18 15:22:59.290138,STN_008,8.96,8.18
2026-08-18 16:22:59.290138,STN_008,7.82,8.17
2026-08-18 17:22:59.290138,STN_008,6.87,7.83
2026-08-18 18:22:59.290138,STN_008,8.56,8.65
2026-08-18 19:22:59.290138,STN_008,6.04,7.76
2026-08-18 20:22:59.290138,STN_008,15.75,8.04
2026-08-18 21:22:59.290138,STN_008,9.07,8.53
2026-08-18 22:22:59.290138,STN_008,9.9,8.44
2026-08-18 23:22:59.290138,STN_008,5.39,7.87
2026-08-19 00:22:59.290138,STN_008,5.02,8.41
2026-08-19 01:22:59.290138,STN_008,6.29,8.29
2026-08-19 02:22:59.290138,STN_008,10.1,8.94
2026-08-19 03:22:59.290138,STN_008,15.46,8.32
2026-08-19 04:22:59.290138,STN_008,6.51,8.11
2026-08-19 05:22:59.290138,STN_008,10.23,7.22
2026-08-19 06:22:59.290138,STN_008,,7.22
2026-08-19 07:22:59.290138,STN_008,5.68,7.19
2026-08-19 08:22:59.290138,STN_008,9.66,7.88
2026-08-19 09:22:59.290138,STN_008,10.68,7.52
2026-08-19 10:22:59.290138,STN_008,5.19,7.69
2026-08-19 11:22:59.290138,STN_008,5.74,7.96
2026-08-19 12:22:59.290138,STN_008,7.01,6.74
2026-08-19 13:22:59.290138,STN_008,5.11,7.68
2026-08-19 14:22:59.290138,STN_008,14.85,7.39
2026-08-19 15:22:59.290138,STN_008,7.86,7.49
2026-08-19 16:22:59.290138,STN_008,4.8,7.09
2026-08-19 17:22:59.290138,STN_008,5.1,7.1
2026-08-19 18:22:59.290138,STN_008,16.63,7.54
2026-08-19 19:22:59.290138,STN_008,9.64,8.14
2026-08-19 20:22:59.290138,STN_008,9.59,7.67
2026-08-19 21:22:59.290138,STN_008,4.58,7.71
2026-08-19 22:22:59.290138,STN_008,13.41,7.32
2026-08-19 23:22:59.290138,STN_008,6.73,7.21
2026-08-20 00:22:59.290138,STN_008,37.22,7.42
2026-08-20 01:22:59.290138,STN_008,17.23,7.6
2026-08-20 02:22:59.290138,STN_008,4.81,7.09
2026-08-20 03:22:59.290138,STN_008,7.02,7.42
2026-08-20 04:22:59.290138,STN_008,4.59,7.45
2026-08-20 05:22:59.290138,STN_008,7.15,7.54
2026-08-20 06:22:59.290138,STN_008,5.55,7.62
2026-08-20 07:22:59.290138,STN_008,14.06,7.76
2026-08-20 08:22:59.290138,STN_008,6.42,7.62
2026-08-20 09:22:59.290138,STN_008,8.4,7.43
2026-08-20 10:22:59.290138,STN_008,12.26,7.08
2026-08-20 11:22:59.290138,STN_008,20.85,7.62
2026-08-20 12:22:59.290138,STN_008,7.19,7.5
2026-08-20 13:22:59.290138,STN_008,6.82,7.95
2026-08-20 14:22:59.290138,STN_008,4.7,8.0
2026-08-20 15:22:59.290138,STN_008,4.44,7.98
2026-08-20 16:22:59.290138,STN_008,8.14,7.95
2026-08-20 17:22:59.290138,STN_008,4.66,7.68
2026-08-20 18:22:59.290138,STN_008,6.3,7.48
2026-08-20 19:22:59.290138,STN_008,4.4,7.36
2026-08-20 20:22:59.290138,STN_008,8.21,7.12
2026-08-20 21:22:59.290138,STN_008,6.6,7.89
2026-08-20 22:22:59.290138,STN_008,5.03,7.49
2026-08-20 23:22:59.290138,STN_008,5.89,7.16
2026-08-21 00:22:59.290138,STN_008,7.86,7.04
2026-08-21 01:22:59.290138,STN_008,8.76,6.96
2026-08-21 02:22:59.290138,STN_008,6.97,7.25
2026-08-21 03:22:59.290138,STN_008,11.0,7.59
2026-08-21 04:22:59.290138,STN_008,4.96,7.17
2026-08-21 05:22:59.290138,STN_008,4.84,6.58
2026-08-21 06:22:59.290138,STN_008,4.67,7.19
2026-08-21 07:22:59.290138,STN_008,7.56,7.15
2026-08-21 08:22:59.290138,STN_008,9.39,7.15
2026-08-21 09:22:59.290138,STN_008,5.05,7.0
2026-08-21 10:22:59.290138,STN_008,8.56,7.22
2026-08-21 11:22:59.290138,STN_008,7.08,7.06
2026-08-21 12:22:59.290138,STN_008,21.97,7.16
2026-08-21 13:22:59.290138,STN_008,9.54,7.31
2026-08-21 14:22:59.290138,STN_008,26.12,7.24
2026-08-21 15:22:59.290138,STN_008,7.87,7.25
2026-08-21 16:22:59.290138,STN_008,28.24,7.98
2026-08-21 17:22:59.290138,STN_008,20.23,7.86
2026-08-21 18:22:59.290138,STN_008,7.58,7.95
2026-08-21 19:22:59.290138,STN_008,6.92,8.09
2026-08-21 20:22:59.290138,STN_008,6.97,7.87
2026-08-21 21:22:59.290138,STN_008,6.72,7.99
2026-08-21 22:22:59.290138,STN_008,7.62,7.28
2026-08-21 23:22:59.290138,STN_008,5.87,7.82
2026-08-22 00:22:59.290138,STN_008,15.05,7.76
2026-08-22 01:22:59.290138,STN_008,7.28,8.3
2026-08-22 02:22:59.290138,STN_008,11.97,8.12
2026-08-22 03:22:59.290138,STN_008,7.17,7.62
2026-08-22 04:22:59.290138,STN_008,9.66,7.96
2026-08-22 05:22:59.290138,STN_008,6.23,7.91
2026-08-22 06:22:59.290138,STN_008,8.51,8.03
2026-08-22 07:22:59.290138,STN_008,7.35,7.59
2026-08-22 08:22:59.290138,STN_008,6.42,
2026-08-22 09:22:59.290138,STN_008,13.12,7.87
2026-08-22 10:22:59.290138,STN_008,33.66,8.23
2026-08-22 11:22:59.290138,STN_008,7.26,7.93
2026-08-22 12:22:59.290138,STN_008,5.45,
2026-08-22 13:22:59.290138,STN_008,12.48,8.38
2026-08-22 14:22:59.290138,STN_008,5.76,7.55
2026-08-22 15:22:59.290138,STN_008,8.6,7.58
2026-08-22 16:22:59.290138,STN_008,5.31,7.66
2026-08-22 17:22:59.290138,STN_008,6.66,7.33
2026-08-22 18:22:59.290138,STN_008,13.77,7.35
2026-08-22 19:22:59.290138,STN_008,5.31,7.63
2026-08-22 20:22:59.290138,STN_008,8.94,7.17
2026-08-22 21:22:59.290138,STN_008,5.5,7.31
2026-08-22 22:22:59.290138,STN_008,6.84,8.24
2026-08-22 23:22:59.290138,STN_008,7.8,7.77
2026-08-23 00:22:59.290138,STN_008,8.13,7.35
2026-08-23 01:22:59.290138,STN_008,8.38,7.71
2026-08-23 02:22:59.290138,STN_008,8.78,7.73
2026-08-23 03:22:59.290138,STN_008,5.96,7.85
2026-08-23 04:22:59.290138,STN_008,6.74,7.49
2026-08-23 05:22:59.290138,STN_008,4.84,7.81
2026-08-23 06:22:59.290138,STN_008,10.55,6.92
2026-08-23 07:22:59.290138,STN_008,11.95,7.25
2026-08-23 08:22:59.290138,STN_008,5.58,7.61
2026-08-23 09:22:59.290138,STN_008,5.59,7.6
2026-08-23 10:22:59.290138,STN_008,4.86,6.99
2026-08-23 11:22:59.290138,STN_008,18.77,7.43
2026-08-23 12:22:59.290138,STN_008,11.27,7.22
2026-08-23 13:22:59.290138,STN_008,6.48,7.27
2026-08-23 14:22:59.290138,STN_008,7.32,7.67
2026-08-23 15:22:59.290138,STN_008,6.07,7.62
2026-08-23 16:22:59.290138,STN_008,8.33,7.07
2026-08-23 17:22:59.290138,STN_008,9.74,7.08
2026-08-23 18:22:59.290138,STN_008,,7.22
2026-08-23 19:22:59.290138,STN_008,12.96,7.4
2026-08-23 20:22:59.290138,STN_008,7.6,7.2
2026-08-23 21:22:59.290138,STN_008,5.31,7.7
2026-08-23 22:22:59.290138,STN_008,8.68,7.53
2026-08-23 23:22:59.290138,STN_008,7.27,7.54
2026-08-24 00:22:59.290138,STN_008,15.76,7.1
2026-08-24 01:22:59.290138,STN_008,6.78,7.82
2026-08-24 02:22:59.290138,STN_008,6.85,6.61
2026-08-24 03:22:59.290138,STN_008,9.0,7.73
2026-08-24 04:22:59.290138,STN_008,7.78,7.77
2026-08-24 05:22:59.290138,STN_008,6.67,7.37
2026-08-24 06:22:59.290138,STN_008,23.12,7.99
2026-08-24 07:22:59.290138,STN_008,6.23,7.54
2026-08-24 08:22:59.290138,STN_008,6.09,7.58
2026-08-24 09:22:59.290138,STN_008,12.78,7.73
2026-08-24 10:22:59.290138,STN_008,4.8,8.58
2026-08-24 11:22:59.290138,STN_008,13.18,7.98
2026-08-24 12:22:59.290138,STN_008,8.36,7.76
2026-08-24 13:22:59.290138,STN_008,5.5,7.27
2026-08-24 14:22:59.290138,STN_008,21.81,7.71
2026-08-24 15:22:59.290138,STN_008,7.29,7.43
2026-08-24 16:22:59.290138,STN_008,8.43,7.92
2026-08-24 17:22:59.290138,STN_008,5.49,7.68
2026-08-24 18:22:59.290138,STN_008,6.16,7.3
2026-08-24 19:22:59.290138,STN_008,8.6,7.62
2026-08-24 20:22:59.290138,STN_008,7.98,7.35
2026-08-24 21:22:59.290138,STN_008,10.93,7.69
2026-08-24 22:22:59.290138,STN_008,6.14,7.39
2026-08-24 23:22:59.290138,STN_008,9.13,7.67
2026-08-25 00:22:59.290138,STN_008,6.26,7.8
2026-08-25 01:22:59.290138,STN_008,8.42,7.58
2026-08-25 02:22:59.290138,STN_008,8.6,7.49
2026-08-25 03:22:59.290138,STN_008,5.41,7.64
2026-08-25 04:22:59.290138,STN_008,8.07,7.79
2026-08-25 05:22:59.290138,STN_008,4.94,7.23
2026-08-25 06:22:59.290138,STN_008,7.67,7.52
2026-08-25 07:22:59.290138,STN_008,9.67,7.86
2026-08-25 08:22:59.290138,STN_008,5.19,7.63
2026-08-25 09:22:59.290138,STN_008,16.06,7.5
2026-08-25 10:22:59.290138,STN_008,7.34,7.7
2026-08-25 11:22:59.290138,STN_008,16.04,7.67
2026-08-25 12:22:59.290138,STN_008,5.34,7.73
2026-08-25 13:22:59.290138,STN_008,16.86,6.99
2026-08-25 14:22:59.290138,STN_008,5.35,7.0
2026-08-25 15:22:59.290138,STN_008,7.37,7.77
2026-08-25 16:22:59.290138,STN_008,16.01,7.08
2026-08-25 17:22:59.290138,STN_008,5.95,7.65
2026-08-25 18:22:59.290138,STN_008,5.03,7.42
2026-08-25 19:22:59.290138,STN_008,11.19,7.24
2026-08-25 20:22:59.290138,STN_008,8.51,
2026-08-25 21:22:59.290138,STN_008,7.77,7.58
2026-08-25 22:22:59.290138,STN_008,5.13,8.16
2026-08-25 23:22:59.290138,STN_008,9.23,7.34
2026-08-26 00:22:59.290138,STN_008,5.74,7.96
2026-08-26 01:22:59.290138,STN_008,15.69,7.69
2026-08-26 02:22:59.290138,STN_008,9.62,7.4
2026-08-26 03:22:59.290138,STN_008,9.9,7.87
2026-08-26 04:22:59.290138,STN_008,6.05,7.79
2026-08-26 05:22:59.290138,STN_008,13.5,7.7
2026-08-26 06:22:59.290138,STN_008,8.08,7.77
2026-08-26 07:22:59.290138,STN_008,12.77,7.54
2026-08-26 08:22:59.290138,STN_008,6.25,7.48
2026-08-26 09:22:59.290138,STN_008,10.62,7.91
2026-08-26 10:22:59.290138,STN_008,8.41,7.62
2026-08-26 11:22:59.290138,STN_008,5.19,7.57
2026-08-26 12:22:59.290138,STN_008,7.07,7.7
2026-08-26 13:22:59.290138,STN_008,5.8,7.6
2026-08-26 14:22:59.290138,STN_008,6.77,7.1
2026-08-26 15:22:59.290138,STN_008,6.92,7.91
2026-08-26 16:22:59.290138,STN_008,7.57,7.49
2026-08-26 17:22:59.290138,STN_008,61.39,7.86
2026-08-26 18:22:59.290138,STN_008,8.37,8.08
2026-08-26 19:22:59.290138,STN_008,5.15,7.97
2026-08-26 20:22:59.290138,STN_008,10.55,8.14
2026-08-26 21:22:59.290138,STN_008,16.91,8.15
2026-08-26 22:22:59.290138,STN_008,6.8,8.24
2026-08-26 23:22:59.290138,STN_008,5.88,8.4
2026-08-27 00:22:59.290138,STN_008,8.19,8.28
2026-08-27 01:22:59.290138,STN_008,9.97,7.92
2026-08-27 02:22:59.290138,STN_008,9.63,7.63
2026-08-27 03:22:59.290138,STN_008,8.88,8.46
2026-08-27 04:22:59.290138,STN_008,5.72,7.88
2026-08-27 05:22:59.290138,STN_008,12.34,7.8
2026-08-27 06:22:59.290138,STN_008,7.31,7.42
2026-08-27 07:22:59.290138,STN_008,6.09,7.98
2026-08-27 08:22:59.290138,STN_008,5.45,7.92
2026-08-27 09:22:59.290138,STN_008,7.24,7.39
2026-08-27 10:22:59.290138,STN_008,8.94,7.99
2026-08-27 11:22:59.290138,STN_008,9.47,7.74
2026-08-27 12:22:59.290138,STN_008,18.25,8.79
2026-08-27 13:22:59.290138,STN_008,5.75,
2026-08-27 14:22:59.290138,STN_008,22.1,7.98
2026-08-27 15:22:59.290138,STN_008,9.34,7.87
2026-08-27 16:22:59.290138,STN_008,7.51,8.51
2026-08-27 17:22:59.290138,STN_008,13.85,7.62
2026-08-27 18:22:59.290138,STN_008,9.83,7.53
2026-08-27 19:22:59.290138,STN_008,6.8,7.97
2026-08-27 20:22:59.290138,STN_008,13.71,7.37
2026-08-27 21:22:59.290138,STN_008,9.48,7.91
2026-08-27 22:22:59.290138,STN_008,9.99,8.3
2026-08-27 23:22:59.290138,STN_008,14.26,8.01
2026-08-28 00:22:59.290138,STN_008,7.57,8.02
2026-08-28 01:22:59.290138,STN_008,9.47,8.09
2026-08-28 02:22:59.290138,STN_008,10.65,8.35
2026-08-28 03:22:59.290138,STN_008,23.44,8.32
2026-08-28 04:22:59.290138,STN_008,5.54,8.09
2026-08-28 05:22:59.290138,STN_008,11.09,8.21
2026-08-28 06:22:59.290138,STN_008,5.38,7.66
2026-08-28 07:22:59.290138,STN_008,10.25,8.2
2026-08-28 08:22:59.290138,STN_008,14.86,7.74
2026-08-28 09:22:59.290138,STN_008,6.89,7.93
2026-08-28 10:22:59.290138,STN_008,5.62,7.09
2026-08-28 11:22:59.290138,STN_008,6.25,8.1
2026-08-28 12:22:59.290138,STN_008,8.49,7.71
2026-08-28 13:22:59.290138,STN_008,16.62,8.33
2026-08-28 14:22:59.290138,STN_008,8.06,7.99
2026-08-28 15:22:59.290138,STN_008,5.67,8.18
2026-08-28 16:22:59.290138,STN_008,42.23,7.81
2026-08-28 17:22:59.290138,STN_008,10.47,8.42
2026-08-28 18:22:59.290138,STN_008,7.19,8.72
2026-08-28 19:22:59.290138,STN_008,10.3,8.34
2026-08-28 20:22:59.290138,STN_008,6.76,8.29
2026-08-28 21:22:59.290138,STN_008,11.41,8.12
2026-08-28 22:22:59.290138,STN_008,6.95,7.9
2026-08-28 23:22:59.290138,STN_008,6.47,8.23
2026-08-29 00:22:59.290138,STN_008,82.43,8.17
2026-08-29 01:22:59.290138,STN_008,8.47,8.49
2026-08-29 02:22:59.290138,STN_008,6.63,8.05
2026-08-29 03:22:59.290138,STN_008,16.22,8.31
2026-08-29 04:22:59.290138,STN_008,9.98,8.75
2026-08-29 05:22:59.290138,STN_008,6.28,8.67
2026-08-29 06:22:59.290138,STN_008,9.1,8.56
2026-08-29 07:22:59.290138,STN_008,13.46,8.63
2026-08-29 08:22:59.290138,STN_008,10.05,7.97
2026-08-29 09:22:59.290138,STN_008,6.41,8.42
2026-08-29 10:22:59.290138,STN_008,9.47,8.36
2026-08-29 11:22:59.290138,STN_008,38.29,8.63
2026-08-29 12:22:59.290138,STN_008,,9.04
2026-08-29 13:22:59.290138,STN_008,6.07,8.51
2026-08-29 14:22:59.290138,STN_008,10.1,8.61
2026-08-29 15:22:59.290138,STN_008,5.4,8.16
2026-08-29 16:22:59.290138,STN_008,10.05,8.43
2026-08-29 17:22:59.290138,STN_008,107.75,9.0
2026-08-29 18:22:59.290138,STN_008,6.05,9.34
2026-08-29 19:22:59.290138,STN_008,6.78,9.0
2026-08-29 20:22:59.290138,STN_008,8.78,9.34
2026-08-29 21:22:59.290138,STN_008,10.56,9.26
2026-08-29 22:22:59.290138,STN_008,7.07,9.82
2026-08-29 23:22:59.290138,STN_008,9.75,9.49
2026-08-30 00:22:59.290138,STN_008,14.56,8.23
2026-08-30 01:22:59.290138,STN_008,10.57,8.42
2026-08-30 02:22:59.290138,STN_008,10.35,8.84
2026-08-30 03:22:59.290138,STN_008,,8.73
2026-08-30 04:22:59.290138,STN_008,15.08,8.16
2026-08-30 05:22:59.290138,STN_008,6.68,9.46
2026-08-30 06:22:59.290138,STN_008,6.3,9.25
2026-08-30 07:22:59.290138,STN_008,7.19,9.14
2026-08-30 08:22:59.290138,STN_008,9.58,8.8
2026-08-30 09:22:59.290138,STN_008,13.29,9.16
2026-08-30 10:22:59.290138,STN_008,5.95,8.8
2026-08-30 11:22:59.290138,STN_008,12.11,8.85
2026-08-30 12:22:59.290138,STN_008,12.09,8.51
2026-08-30 13:22:59.290138,STN_008,8.92,9.27
2026-08-30 14:22:59.290138,STN_008,11.1,8.35
2026-08-30 15:22:59.290138,STN_008,6.19,9.2
2026-08-30 16:22:59.290138,STN_008,6.13,8.81
2026-08-30 17:22:59.290138,STN_008,13.33,7.86
2026-08-30 18:22:59.290138,STN_008,8.14,8.07
2026-08-30 19:22:59.290138,STN_008,6.51,8.24
2026-08-30 20:22:59.290138,STN_008,10.05,8.44
2026-08-30 21:22:59.290138,STN_008,14.28,8.16
2026-08-30 22:22:59.290138,STN_008,9.48,7.83
2026-08-30 23:22:59.290138,STN_008,,8.1
2026-08-31 00:22:59.290138,STN_008,8.12,8.57
2026-08-31 01:22:59.290138,STN_008,11.06,8.43
2026-08-31 02:22:59.290138,STN_008,5.76,8.26
2026-08-31 03:22:59.290138,STN_008,6.46,7.96
2026-08-31 04:22:59.290138,STN_008,7.96,7.88
2026-08-31 05:22:59.290138,STN_008,9.19,8.03
2026-08-31 06:22:59.290138,STN_008,7.14,7.56
2026-08-31 07:22:59.290138,STN_008,6.9,7.28
2026-08-31 08:22:59.290138,STN_008,5.65,7.68
2026-08-31 09:22:59.290138,STN_008,5.61,7.35
2026-08-31 10:22:59.290138,STN_008,6.79,7.28
2026-08-31 11:22:59.290138,STN_008,8.5,7.35
2026-08-31 12:22:59.290138,STN_008,50.3,8.63
2026-08-31 13:22:59.290138,STN_008,8.2,7.92
2026-08-31 14:22:59.290138,STN_008,7.59,7.96
2026-08-31 15:22:59.290138,STN_008,6.64,7.49
2026-08-31 16:22:59.290138,STN_008,7.53,7.32
2026-08-31 17:22:59.290138,STN_008,6.08,7.56
2026-08-31 18:22:59.290138,STN_008,5.97,8.22
2026-08-31 19:22:59.290138,STN_008,6.91,7.89
2026-08-31 20:22:59.290138,STN_008,26.96,8.11
2026-08-31 21:22:59.290138,STN_008,7.06,8.1
2026-08-31 22:22:59.290138,STN_008,16.6,7.77
2026-08-31 23:22:59.290138,STN_008,7.57,8.37
2026-09-01 00:22:59.290138,STN_008,7.89,7.76
2026-09-01 01:22:59.290138,STN_008,11.95,8.38
2026-09-01 02:22:59.290138,STN_008,5.97,8.09
2026-09-01 03:22:59.290138,STN_008,6.38,7.42
2026-09-01 04:22:59.290138,STN_008,20.15,7.84
2026-09-01 05:22:59.290138,STN_008,,7.52
2026-09-01 06:22:59.290138,STN_008,5.76,8.39
2026-09-01 07:22:59.290138,STN_008,5.77,8.03
2026-09-01 08:22:59.290138,STN_008,,7.44
2026-09-01 09:22:59.290138,STN_008,13.84,8.29
2026-09-01 10:22:59.290138,STN_008,54.85,8.42
2026-09-01 11:22:59.290138,STN_008,6.29,8.12
2026-09-01 12:22:59.290138,STN_008,12.67,8.75
2026-09-01 13:22:59.290138,STN_008,7.15,8.27
2026-09-01 14:22:59.290138,STN_008,7.75,8.15
2026-09-01 15:22:59.290138,STN_008,10.16,8.15
2026-09-01 16:22:59.290138,STN_008,7.32,7.82
2026-09-01 17:22:59.290138,STN_008,9.54,7.91
2026-09-01 18:22:59.290138,STN_008,14.24,8.75
2026-09-01 19:22:59.290138,STN_008,11.96,8.27
2026-09-01 20:22:59.290138,STN_008,7.5,8.25
2026-09-01 21:22:59.290138,STN_008,6.93,7.63
2026-09-01 22:22:59.290138,STN_008,7.02,7.79
2026-09-01 23:22:59.290138,STN_008,7.39,8.36
2026-09-02 00:22:59.290138,STN_008,8.39,8.3
2026-09-02 01:22:59.290138,STN_008,7.83,8.68
2026-09-02 02:22:59.290138,STN_008,6.24,8.56
2026-09-02 03:22:59.290138,STN_008,6.38,8.08
2026-09-02 04:22:59.290138,STN_008,7.35,8.19
2026-09-02 05:22:59.290138,STN_008,8.97,7.96
2026-09-02 06:22:59.290138,STN_008,9.26,8.7
2026-09-02 07:22:59.290138,STN_008,8.33,8.45
2026-09-02 08:22:59.290138,STN_008,11.04,8.12
2026-09-02 09:22:59.290138,STN_008,24.9,8.22
2026-09-02 10:22:59.290138,STN_008,7.9,8.2
2026-09-02 11:22:59.290138,STN_008,6.2,7.94
2026-09-02 12:22:59.290138,STN_008,8.69,8.2
2026-09-02 13:22:59.290138,STN_008,7.59,7.08
2026-09-02 14:22:59.290138,STN_008,6.26,7.87
2026-09-02 15:22:59.290138,STN_008,21.7,7.67
2026-09-02 16:22:59.290138,STN_008,7.52,8.35
2026-09-02 17:22:59.290138,STN_008,9.6,8.29
2026-09-02 18:22:59.290138,STN_008,8.37,7.79
2026-09-02 19:22:59.290138,STN_008,6.29,8.19
2026-09-02 20:22:59.290138,STN_008,5.9,8.25
2026-09-02 21:22:59.290138,STN_008,9.6,7.76
2026-09-02 22:22:59.290138,STN_008,6.9,8.49
2026-09-02 23:22:59.290138,STN_008,6.88,7.74
2026-09-03 00:22:59.290138,STN_008,18.35,7.77
2026-09-03 01:22:59.290138,STN_008,8.24,8.09
2026-09-03 02:22:59.290138,STN_008,5.89,7.73
2026-09-03 03:22:59.290138,STN_008,7.43,7.87
2026-09-03 04:22:59.290138,STN_008,9.28,8.28
2026-09-03 05:22:59.290138,STN_008,7.36,7.85
2026-09-03 06:22:59.290138,STN_008,5.87,7.31
2026-09-03 07:22:59.290138,STN_008,8.12,7.92
2026-09-03 08:22:59.290138,STN_008,6.21,7.56
2026-09-03 09:22:59.290138,STN_008,9.63,
2026-09-03 10:22:59.290138,STN_008,9.63,7.87
2026-09-03 11:22:59.290138,STN_008,5.92,8.1
2026-09-03 12:22:59.290138,STN_008,7.14,7.92
2026-09-03 13:22:59.290138,STN_008,7.9,7.97
2026-09-03 14:22:59.290138,STN_008,8.96,7.47
2026-09-03 15:22:59.290138,STN_008,7.17,7.79
2026-09-03 16:22:59.290138,STN_008,7.12,8.14
2026-09-03 17:22:59.290138,STN_008,22.07,7.44
2026-09-03 18:22:59.290138,STN_008,5.94,8.17
2026-09-03 19:22:59.290138,STN_008,23.82,7.61
2026-09-03 20:22:59.290138,STN_008,5.96,7.52
2026-09-03 21:22:59.290138,STN_008,7.13,7.84
2026-09-03 22:22:59.290138,STN_008,8.58,8.0
2026-09-03 23:22:59.290138,STN_008,6.48,8.06
2026-09-04 00:22:59.290138,STN_008,6.44,7.39
2026-09-04 01:22:59.290138,STN_008,7.04,7.8
2026-09-04 02:22:59.290138,STN_008,20.38,7.59
2026-09-04 03:22:59.290138,STN_008,7.77,7.35
2026-09-04 04:22:59.290138,STN_008,9.2,7.52
2026-09-04 05:22:59.290138,STN_008,10.73,7.6
2026-09-04 06:22:59.290138,STN_008,11.28,8.03
2026-09-04 07:22:59.290138,STN_008,10.52,8.23
2026-09-04 08:22:59.290138,STN_008,7.5,7.46
2026-09-04 09:22:59.290138,STN_008,6.33,7.98
2026-09-04 10:22:59.290138,STN_008,7.18,7.5
2026-09-04 11:22:59.290138,STN_008,6.8,8.05
2026-09-04 12:22:59.290138,STN_008,6.45,7.67
2026-09-04 13:22:59.290138,STN_008,5.96,7.52
2026-09-04 14:22:59.290138,STN_008,16.84,8.14
2026-09-04 15:22:59.290138,STN_008,16.02,7.8
2026-09-04 16:22:59.290138,STN_008,6.07,7.87
2026-09-04 17:22:59.290138,STN_008,6.62,7.17
2026-09-04 18:22:59.290138,STN_008,6.46,8.13
2026-09-04 19:22:59.290138,STN_008,7.18,7.95
2026-09-04 20:22:59.290138,STN_008,6.77,7.71
2026-09-04 21:22:59.290138,STN_008,17.52,7.34
2026-09-04 22:22:59.290138,STN_008,6.31,8.16
2026-09-04 23:22:59.290138,STN_008,6.91,7.6
2026-09-05 00:22:59.290138,STN_008,6.29,7.66
2026-09-05 01:22:59.290138,STN_008,21.68,8.61
2026-09-05 02:22:59.290138,STN_008,15.98,7.67
2026-09-05 03:22:59.290138,STN_008,11.0,8.13
2026-09-05 04:22:59.290138,STN_008,8.17,8.07
2026-09-05 05:22:59.290138,STN_008,6.8,7.98
2026-09-05 06:22:59.290138,STN_008,6.96,7.92
2026-09-05 07:22:59.290138,STN_008,8.29,7.93
2026-09-05 08:22:59.290138,STN_008,11.8,7.93
2026-09-05 09:22:59.290138,STN_008,7.18,7.84
2026-09-05 10:22:59.290138,STN_008,7.44,8.31
2026-09-05 11:22:59.290138,STN_008,9.62,7.49
2026-09-05 12:22:59.290138,STN_008,7.04,8.19
2026-09-05 13:22:59.290138,STN_008,9.46,8.16
2026-09-05 14:22:59.290138,STN_008,7.91,8.05
2026-09-05 15:22:59.290138,STN_008,6.09,8.09
2026-09-05 16:22:59.290138,STN_008,8.02,7.75
2026-09-05 17:22:59.290138,STN_008,16.03,7.29
2026-09-05 18:22:59.290138,STN_008,7.34,7.84
2026-09-05 19:22:59.290138,STN_008,7.51,7.57
2026-09-05 20:22:59.290138,STN_008,6.23,7.64
2026-09-05 21:22:59.290138,STN_008,,7.9
2026-09-05 22:22:59.290138,STN_008,13.61,8.21
2026-09-05 23:22:59.290138,STN_008,7.79,8.18
2026-09-06 00:22:59.290138,STN_008,7.15,7.65
2026-09-06 01:22:59.290138,STN_008,18.6,8.55
2026-09-06 02:22:59.290138,STN_008,11.51,8.97
2026-09-06 03:22:59.290138,STN_008,9.4,8.47
2026-09-06 04:22:59.290138,STN_008,7.5,8.22
2026-09-06 05:22:59.290138,STN_008,7.04,8.27
2026-09-06 06:22:59.290138,STN_008,11.08,8.19
2026-09-06 07:22:59.290138,STN_008,9.0,8.35
2026-09-06 08:22:59.290138,STN_008,8.99,8.29
2026-09-06 09:22:59.290138,STN_008,6.35,8.04
2026-09-06 10:22:59.290138,STN_008,8.92,8.81
2026-09-06 11:22:59.290138,STN_008,12.97,7.89
2026-09-06 12:22:59.290138,STN_008,17.78,8.64
2026-09-06 13:22:59.290138,STN_008,6.5,8.37
2026-09-06 14:22:59.290138,STN_008,50.48,9.33
2026-09-06 15:22:59.290138,STN_008,9.41,8.89
2026-09-06 16:22:59.290138,STN_008,14.89,8.73
2026-09-06 17:22:59.290138,STN_008,11.61,8.73
2026-09-06 18:22:59.290138,STN_008,19.49,8.92
2026-09-06 19:22:59.290138,STN_008,18.93,8.66
2026-09-06 20:22:59.290138,STN_008,7.07,8.78
2026-09-06 21:22:59.290138,STN_008,11.22,8.0
2026-09-06 22:22:59.290138,STN_008,9.16,8.24
2026-09-06 23:22:59.290138,STN_008,7.1,8.54
2026-09-07 00:22:59.290138,STN_008,7.01,8.6
2026-09-07 01:22:59.290138,STN_008,6.48,
2026-09-07 02:22:59.290138,STN_008,12.49,8.38
2026-09-07 03:22:59.290138,STN_008,7.71,8.57
2026-09-07 04:22:59.290138,STN_008,13.92,8.41
2026-09-07 05:22:59.290138,STN_008,9.89,8.29
2026-09-07 06:22:59.290138,STN_008,10.62,8.35
2026-09-07 07:22:59.290138,STN_008,7.52,8.3
2026-09-07 08:22:59.290138,STN_008,8.58,8.27
2026-09-07 09:22:59.290138,STN_008,8.26,8.53
2026-09-07 10:22:59.290138,STN_008,42.19,9.45
2026-09-07 11:22:59.290138,STN_008,13.29,8.53
2026-09-07 12:22:59.290138,STN_008,10.03,8.6
2026-09-07 13:22:59.290138,STN_008,6.29,8.67
2026-09-07 14:22:59.290138,STN_008,13.0,8.17
2026-09-07 15:22:59.290138,STN_008,6.59,8.68
2026-09-07 16:22:59.290138,STN_008,8.21,7.59
2026-09-07 17:22:59.290138,STN_008,9.53,8.12
2026-09-07 18:22:59.290138,STN_008,6.17,8.42
2026-09-07 19:22:59.290138,STN_008,10.37,8.01
2026-09-07 20:22:59.290138,STN_008,10.45,7.88
2026-09-07 21:22:59.290138,STN_008,10.37,8.25
2026-09-07 22:22:59.290138,STN_008,6.94,8.39
2026-09-07 23:22:59.290138,STN_008,7.41,8.18
2026-09-08 00:22:59.290138,STN_008,7.37,7.88
2026-09-08 01:22:59.290138,STN_008,19.11,8.36
2026-09-08 02:22:59.290138,STN_008,6.51,8.06
2026-09-08 03:22:59.290138,STN_008,8.47,8.41
2026-09-08 04:22:59.290138,STN_008,52.31,8.95
2026-09-08 05:22:59.290138,STN_008,12.1,7.74
2026-09-08 06:22:59.290138,STN_008,13.14,8.58
2026-09-08 07:22:59.290138,STN_008,20.57,8.13
2026-09-08 08:22:59.290138,STN_008,8.19,9.38
2026-09-08 09:22:59.290138,STN_008,7.71,8.5
2026-09-08 10:22:59.290138,STN_008,6.35,8.57
2026-09-08 11:22:59.290138,STN_008,6.88,8.28
2026-09-08 12:22:59.290138,STN_008,9.53,8.05
2026-09-08 13:22:59.290138,STN_008,6.92,8.02
2026-09-08 14:22:59.290138,STN_008,11.56,8.76
2026-09-08 15:22:59.290138,STN_008,6.38,8.57
2026-09-08 16:22:59.290138,STN_008,7.43,8.86
2026-09-08 17:22:59.290138,STN_008,10.99,8.3
2026-09-08 18:22:59.290138,STN_008,7.41,8.38
2026-09-08 19:22:59.290138,STN_008,11.45,8.22
2026-09-08 20:22:59.290138,STN_008,28.18,8.37
2026-09-08 21:22:59.290138,STN_008,12.61,8.16
2026-08-09 22:22:59.290138,STN_009,16.79,
2026-08-09 23:22:59.290138,STN_009,10.83,
2026-08-10 00:22:59.290138,STN_009,8.57,
2026-08-10 01:22:59.290138,STN_009,16.24,
2026-08-10 02:22:59.290138,STN_009,8.06,
2026-08-10 03:22:59.290138,STN_009,8.75,
2026-08-10 04:22:59.290138,STN_009,9.08,
2026-08-10 05:22:59.290138,STN_009,7.56,
2026-08-10 06:22:59.290138,STN_009,12.74,
2026-08-10 07:22:59.290138,STN_009,6.27,
2026-08-10 08:22:59.290138,STN_009,8.69,
2026-08-10 09:22:59.290138,STN_009,10.58,
2026-08-10 10:22:59.290138,STN_009,14.82,
2026-08-10 11:22:59.290138,STN_009,14.07,
2026-08-10 12:22:59.290138,STN_009,8.3,
2026-08-10 13:22:59.290138,STN_009,9.57,
2026-08-10 14:22:59.290138,STN_009,7.46,
2026-08-10 15:22:59.290138,STN_009,7.98,
2026-08-10 16:22:59.290138,STN_009,14.92,
2026-08-10 17:22:59.290138,STN_009,16.13,
2026-08-10 18:22:59.290138,STN_009,14.48,
2026-08-10 19:22:59.290138,STN_009,6.05,
2026-08-10 20:22:59.290138,STN_009,13.04,
2026-08-10 21:22:59.290138,STN_009,17.31,8.42
2026-08-10 22:22:59.290138,STN_009,7.35,8.71
2026-08-10 23:22:59.290138,STN_009,8.48,8.37
2026-08-11 00:22:59.290138,STN_009,11.6,8.74
2026-08-11 01:22:59.290138,STN_009,8.86,8.84
2026-08-11 02:22:59.290138,STN_009,25.69,8.78
2026-08-11 03:22:59.290138,STN_009,7.99,8.67
2026-08-11 04:22:59.290138,STN_009,10.56,8.62
2026-08-11 05:22:59.290138,STN_009,11.85,8.82
2026-08-11 06:22:59.290138,STN_009,8.28,8.55
2026-08-11 07:22:59.290138,STN_009,13.33,8.88
2026-08-11 08:22:59.290138,STN_009,8.72,8.77
2026-08-11 09:22:59.290138,STN_009,7.68,8.45
2026-08-11 10:22:59.290138,STN_009,6.01,8.76
2026-08-11 11:22:59.290138,STN_009,7.56,8.46
2026-08-11 12:22:59.290138,STN_009,10.85,8.42
2026-08-11 13:22:59.290138,STN_009,15.72,8.36
2026-08-11 14:22:59.290138,STN_009,6.72,8.55
2026-08-11 15:22:59.290138,STN_009,7.31,8.79
2026-08-11 16:22:59.290138,STN_009,6.22,8.69
2026-08-11 17:22:59.290138,STN_009,10.25,8.48
2026-08-11 18:22:59.290138,STN_009,18.45,8.58
2026-08-11 19:22:59.290138,STN_009,9.65,8.82
2026-08-11 20:22:59.290138,STN_009,9.4,8.36
2026-08-11 21:22:59.290138,STN_009,8.78,8.0
2026-08-11 22:22:59.290138,STN_009,6.03,8.73
2026-08-11 23:22:59.290138,STN_009,10.89,8.2
2026-08-12 00:22:59.290138,STN_009,9.34,8.13
2026-08-12 01:22:59.290138,STN_009,9.99,7.81
2026-08-12 02:22:59.290138,STN_009,14.82,8.43
2026-08-12 03:22:59.290138,STN_009,11.79,7.81
2026-08-12 04:22:59.290138,STN_009,11.73,8.08
2026-08-12 05:22:59.290138,STN_009,16.14,8.51
2026-08-12 06:22:59.290138,STN_009,24.05,8.68
2026-08-12 07:22:59.290138,STN_009,9.14,8.24
2026-08-12 08:22:59.290138,STN_009,6.12,8.37
2026-08-12 09:22:59.290138,STN_009,8.12,8.15
2026-08-12 10:22:59.290138,STN_009,11.86,8.3
2026-08-12 11:22:59.290138,STN_009,5.77,8.53
2026-08-12 12:22:59.290138,STN_009,5.89,8.26
2026-08-12 13:22:59.290138,STN_009,5.94,8.25
2026-08-12 14:22:59.290138,STN_009,10.91,7.92
2026-08-12 15:22:59.290138,STN_009,8.44,8.71
2026-08-12 16:22:59.290138,STN_009,7.5,8.53
2026-08-12 17:22:59.290138,STN_009,6.11,8.58
2026-08-12 18:22:59.290138,STN_009,10.93,8.67
2026-08-12 19:22:59.290138,STN_009,7.21,8.02
2026-08-12 20:22:59.290138,STN_009,6.89,8.14
2026-08-12 21:22:59.290138,STN_009,9.88,7.68
2026-08-12 22:22:59.290138,STN_009,9.04,9.24
2026-08-12 23:22:59.290138,STN_009,7.56,8.22
2026-08-13 00:22:59.290138,STN_009,9.86,8.58
2026-08-13 01:22:59.290138,STN_009,7.03,7.87
2026-08-13 02:22:59.290138,STN_009,12.1,8.52
2026-08-13 03:22:59.290138,STN_009,6.8,8.74
2026-08-13 04:22:59.290138,STN_009,31.22,8.33
2026-08-13 05:22:59.290138,STN_009,11.86,8.01
2026-08-13 06:22:59.290138,STN_009,10.68,8.16
2026-08-13 07:22:59.290138,STN_009,6.57,7.51
2026-08-13 08:22:59.290138,STN_009,,8.17
2026-08-13 09:22:59.290138,STN_009,13.05,8.46
2026-08-13 10:22:59.290138,STN_009,11.76,8.21
2026-08-13 11:22:59.290138,STN_009,7.35,8.15
2026-08-13 12:22:59.290138,STN_009,10.06,
2026-08-13 13:22:59.290138,STN_009,6.29,8.45
2026-08-13 14:22:59.290138,STN_009,8.59,7.75
2026-08-13 15:22:59.290138,STN_009,5.84,8.25
2026-08-13 16:22:59.290138,STN_009,7.75,8.96
2026-08-13 17:22:59.290138,STN_009,6.07,7.83
2026-08-13 18:22:59.290138,STN_009,8.34,8.18
2026-08-13 19:22:59.290138,STN_009,7.95,8.8
2026-08-13 20:22:59.290138,STN_009,8.11,8.56
2026-08-13 21:22:59.290138,STN_009,5.95,8.04
2026-08-13 22:22:59.290138,STN_009,7.66,8.26
2026-08-13 23:22:59.290138,STN_009,11.52,8.23
2026-08-14 00:22:59.290138,STN_009,7.71,7.99
2026-08-14 01:22:59.290138,STN_009,10.89,8.22
2026-08-14 02:22:59.290138,STN_009,7.71,8.12
2026-08-14 03:22:59.290138,STN_009,25.45,8.4
2026-08-14 04:22:59.290138,STN_009,9.18,7.95
2026-08-14 05:22:59.290138,STN_009,17.9,7.85
2026-08-14 06:22:59.290138,STN_009,6.33,8.18
2026-08-14 07:22:59.290138,STN_009,6.0,8.7
2026-08-14 08:22:59.290138,STN_009,9.61,8.24
2026-08-14 09:22:59.290138,STN_009,104.97,8.88
2026-08-14 10:22:59.290138,STN_009,24.18,9.31
2026-08-14 11:22:59.290138,STN_009,8.51,9.05
2026-08-14 12:22:59.290138,STN_009,8.39,9.64
2026-08-14 13:22:59.290138,STN_009,10.01,9.11
2026-08-14 14:22:59.290138,STN_009,9.11,9.33
2026-08-14 15:22:59.290138,STN_009,9.89,8.92
2026-08-14 16:22:59.290138,STN_009,14.15,9.35
2026-08-14 17:22:59.290138,STN_009,11.35,9.33
2026-08-14 18:22:59.290138,STN_009,8.61,9.23
2026-08-14 19:22:59.290138,STN_009,8.34,9.1
2026-08-14 20:22:59.290138,STN_009,9.95,9.08
2026-08-14 21:22:59.290138,STN_009,8.3,9.37
2026-08-14 22:22:59.290138,STN_009,8.42,9.5
2026-08-14 23:22:59.290138,STN_009,6.03,9.23
2026-08-15 00:22:59.290138,STN_009,6.73,9.34
2026-08-15 01:22:59.290138,STN_009,8.65,9.23
2026-08-15 02:22:59.290138,STN_009,12.89,9.31
2026-08-15 03:22:59.290138,STN_009,7.27,9.07
2026-08-15 04:22:59.290138,STN_009,8.93,9.13
2026-08-15 05:22:59.290138,STN_009,7.66,9.85
2026-08-15 06:22:59.290138,STN_009,6.41,9.14
2026-08-15 07:22:59.290138,STN_009,18.68,9.34
2026-08-15 08:22:59.290138,STN_009,13.68,9.32
2026-08-15 09:22:59.290138,STN_009,24.38,8.43
2026-08-15 10:22:59.290138,STN_009,11.06,8.79
2026-08-15 11:22:59.290138,STN_009,7.68,8.31
2026-08-15 12:22:59.290138,STN_009,27.04,8.87
2026-08-15 13:22:59.290138,STN_009,7.41,8.43
2026-08-15 14:22:59.290138,STN_009,7.06,8.22
2026-08-15 15:22:59.290138,STN_009,9.32,8.62
2026-08-15 16:22:59.290138,STN_009,13.18,8.17
2026-08-15 17:22:59.290138,STN_009,6.82,8.62
2026-08-15 18:22:59.290138,STN_009,10.91,8.12
2026-08-15 19:22:59.290138,STN_009,6.22,8.37
2026-08-15 20:22:59.290138,STN_009,16.02,8.08
2026-08-15 21:22:59.290138,STN_009,6.31,9.34
2026-08-15 22:22:59.290138,STN_009,15.9,8.08
2026-08-15 23:22:59.290138,STN_009,8.77,8.6
2026-08-16 00:22:59.290138,STN_009,8.45,8.96
2026-08-16 01:22:59.290138,STN_009,20.56,9.02
2026-08-16 02:22:59.290138,STN_009,24.65,9.07
2026-08-16 03:22:59.290138,STN_009,10.27,8.74
2026-08-16 04:22:59.290138,STN_009,6.61,9.22
2026-08-16 05:22:59.290138,STN_009,8.89,9.1
2026-08-16 06:22:59.290138,STN_009,9.08,8.91
2026-08-16 07:22:59.290138,STN_009,8.96,8.84
2026-08-16 08:22:59.290138,STN_009,9.44,8.64
2026-08-16 09:22:59.290138,STN_009,6.15,8.31
2026-08-16 10:22:59.290138,STN_009,11.04,8.95
2026-08-16 11:22:59.290138,STN_009,11.06,9.0
2026-08-16 12:22:59.290138,STN_009,6.56,8.17
2026-08-16 13:22:59.290138,STN_009,9.45,8.41
2026-08-16 14:22:59.290138,STN_009,9.43,8.43
2026-08-16 15:22:59.290138,STN_009,10.66,8.48
2026-08-16 16:22:59.290138,STN_009,6.43,8.45
2026-08-16 17:22:59.290138,STN_009,10.01,8.74
2026-08-16 18:22:59.290138,STN_009,7.39,8.2
2026-08-16 19:22:59.290138,STN_009,8.9,8.2
2026-08-16 20:22:59.290138,STN_009,12.01,8.79
2026-08-16 21:22:59.290138,STN_009,10.96,8.32
2026-08-16 22:22:59.290138,STN_009,6.68,8.02
2026-08-16 23:22:59.290138,STN_009,9.75,8.26
2026-08-17 00:22:59.290138,STN_009,20.08,8.4
2026-08-17 01:22:59.290138,STN_009,6.86,8.85
2026-08-17 02:22:59.290138,STN_009,13.84,8.57
2026-08-17 03:22:59.290138,STN_009,11.02,8.65
2026-08-17 04:22:59.290138,STN_009,12.12,8.59
2026-08-17 05:22:59.290138,STN_009,7.5,8.62
2026-08-17 06:22:59.290138,STN_009,7.53,8.12
2026-08-17 07:22:59.290138,STN_009,15.63,8.32
2026-08-17 08:22:59.290138,STN_009,7.96,8.07
2026-08-17 09:22:59.290138,STN_009,6.43,8.31
2026-08-17 10:22:59.290138,STN_009,9.84,8.57
2026-08-17 11:22:59.290138,STN_009,,8.36
2026-08-17 12:22:59.290138,STN_009,12.54,8.77
2026-08-17 13:22:59.290138,STN_009,10.28,8.04
2026-08-17 14:22:59.290138,STN_009,14.48,8.57
2026-08-17 15:22:59.290138,STN_009,12.32,8.06
2026-08-17 16:22:59.290138,STN_009,6.65,
2026-08-17 17:22:59.290138,STN_009,8.09,8.64
2026-08-17 18:22:59.290138,STN_009,12.13,8.4
2026-08-17 19:22:59.290138,STN_009,8.33,8.62
2026-08-17 20:22:59.290138,STN_009,20.53,8.24
2026-08-17 21:22:59.290138,STN_009,,8.59
2026-08-17 22:22:59.290138,STN_009,6.34,9.27
2026-08-17 23:22:59.290138,STN_009,14.76,9.67
2026-08-18 00:22:59.290138,STN_009,6.7,8.74
2026-08-18 01:22:59.290138,STN_009,6.88,9.4
2026-08-18 02:22:59.290138,STN_009,11.58,9.03
2026-08-18 03:22:59.290138,STN_009,14.28,8.64
2026-08-18 04:22:59.290138,STN_009,9.35,8.68
2026-08-18 05:22:59.290138,STN_009,7.64,9.03
2026-08-18 06:22:59.290138,STN_009,8.01,8.9
2026-08-18 07:22:59.290138,STN_009,7.96,8.57
2026-08-18 08:22:59.290138,STN_009,7.86,8.45
2026-08-18 09:22:59.290138,STN_009,7.39,8.71
2026-08-18 10:22:59.290138,STN_009,10.03,9.03
2026-08-18 11:22:59.290138,STN_009,15.5,9.04
2026-08-18 12:22:59.290138,STN_009,7.74,8.85
2026-08-18 13:22:59.290138,STN_009,7.1,9.04
2026-08-18 14:22:59.290138,STN_009,13.57,9.28
2026-08-18 15:22:59.290138,STN_009,33.5,9.26
2026-08-18 16:22:59.290138,STN_009,16.96,9.2
2026-08-18 17:22:59.290138,STN_009,7.0,9.5
2026-08-18 18:22:59.290138,STN_009,6.9,8.89
2026-08-18 19:22:59.290138,STN_009,9.39,9.12
2026-08-18 20:22:59.290138,STN_009,62.59,9.48
2026-08-18 21:22:59.290138,STN_009,8.89,8.59
2026-08-18 22:22:59.290138,STN_009,10.03,8.88
2026-08-18 23:22:59.290138,STN_009,7.17,8.32
2026-08-19 00:22:59.290138,STN_009,8.99,9.54
2026-08-19 01:22:59.290138,STN_009,10.67,8.71
2026-08-19 02:22:59.290138,STN_009,8.65,9.45
2026-08-19 03:22:59.290138,STN_009,10.93,8.95
2026-08-19 04:22:59.290138,STN_009,8.78,9.11
2026-08-19 05:22:59.290138,STN_009,8.0,8.79
2026-08-19 06:22:59.290138,STN_009,7.83,9.0
2026-08-19 07:22:59.290138,STN_009,55.0,9.53
2026-08-19 08:22:59.290138,STN_009,6.47,9.52
2026-08-19 09:22:59.290138,STN_009,10.79,9.58
2026-08-19 10:22:59.290138,STN_009,13.84,9.27
2026-08-19 11:22:59.290138,STN_009,8.13,9.17
2026-08-19 12:22:59.290138,STN_009,6.57,8.83
2026-08-19 13:22:59.290138,STN_009,23.68,9.6
2026-08-19 14:22:59.290138,STN_009,7.6,9.72
2026-08-19 15:22:59.290138,STN_009,44.94,9.98
2026-08-19 16:22:59.290138,STN_009,8.22,9.51
2026-08-19 17:22:59.290138,STN_009,11.74,9.23
2026-08-19 18:22:59.290138,STN_009,7.77,8.96
2026-08-19 19:22:59.290138,STN_009,9.8,9.78
2026-08-19 20:22:59.290138,STN_009,8.53,
2026-08-19 21:22:59.290138,STN_009,38.31,9.16
2026-08-19 22:22:59.290138,STN_009,8.08,9.2
2026-08-19 23:22:59.290138,STN_009,11.64,9.28
2026-08-20 00:22:59.290138,STN_009,10.27,9.32
2026-08-20 01:22:59.290138,STN_009,6.99,9.32
2026-08-20 02:22:59.290138,STN_009,7.19,8.54
2026-08-20 03:22:59.290138,STN_009,10.57,9.27
2026-08-20 04:22:59.290138,STN_009,13.2,8.63
2026-08-20 05:22:59.290138,STN_009,8.2,9.52
2026-08-20 06:22:59.290138,STN_009,10.1,9.16
2026-08-20 07:22:59.290138,STN_009,7.23,8.28
2026-08-20 08:22:59.290138,STN_009,7.97,8.69
2026-08-20 09:22:59.290138,STN_009,6.56,8.73
2026-08-20 10:22:59.290138,STN_009,12.33,9.25
2026-08-20 11:22:59.290138,STN_009,8.53,8.95
2026-08-20 12:22:59.290138,STN_009,13.25,9.05
2026-08-20 13:22:59.290138,STN_009,11.41,9.2
2026-08-20 14:22:59.290138,STN_009,13.54,8.87
2026-08-20 15:22:59.290138,STN_009,7.83,8.81
2026-08-20 16:22:59.290138,STN_009,7.3,8.78
2026-08-20 17:22:59.290138,STN_009,20.77,8.27
2026-08-20 18:22:59.290138,STN_009,11.53,9.13
2026-08-20 19:22:59.290138,STN_009,13.66,8.29
2026-08-20 20:22:59.290138,STN_009,6.53,8.98
2026-08-20 21:22:59.290138,STN_009,8.23,8.0
2026-08-20 22:22:59.290138,STN_009,12.01,8.68
2026-08-20 23:22:59.290138,STN_009,6.91,9.02
2026-08-21 00:22:59.290138,STN_009,9.93,8.39
2026-08-21 01:22:59.290138,STN_009,8.82,8.4
2026-08-21 02:22:59.290138,STN_009,6.65,8.65
2026-08-21 03:22:59.290138,STN_009,7.66,8.35
2026-08-21 04:22:59.290138,STN_009,7.92,8.95
2026-08-21 05:22:59.290138,STN_009,7.06,8.45
2026-08-21 06:22:59.290138,STN_009,10.58,8.3
2026-08-21 07:22:59.290138,STN_009,7.69,8.24
2026-08-21 08:22:59.290138,STN_009,7.88,8.12
2026-08-21 09:22:59.290138,STN_009,15.72,8.29
2026-08-21 10:22:59.290138,STN_009,9.1,8.34
2026-08-21 11:22:59.290138,STN_009,8.57,8.3
2026-08-21 12:22:59.290138,STN_009,11.73,8.24
2026-08-21 13:22:59.290138,STN_009,16.2,9.11
2026-08-21 14:22:59.290138,STN_009,6.68,8.11
2026-08-21 15:22:59.290138,STN_009,8.96,8.47
2026-08-21 16:22:59.290138,STN_009,75.78,9.18
2026-08-21 17:22:59.290138,STN_009,8.12,9.08
2026-08-21 18:22:59.290138,STN_009,12.5,8.88
2026-08-21 19:22:59.290138,STN_009,20.81,8.89
2026-08-21 20:22:59.290138,STN_009,18.07,9.19
2026-08-21 21:22:59.290138,STN_009,7.82,9.13
2026-08-21 22:22:59.290138,STN_009,7.71,8.96
2026-08-21 23:22:59.290138,STN_009,19.31,8.67
2026-08-22 00:22:59.290138,STN_009,9.14,8.99
2026-08-22 01:22:59.290138,STN_009,7.62,8.78
2026-08-22 02:22:59.290138,STN_009,11.59,8.96
2026-08-22 03:22:59.290138,STN_009,8.02,9.18
2026-08-22 04:22:59.290138,STN_009,7.93,9.27
2026-08-22 05:22:59.290138,STN_009,15.14,9.77
2026-08-22 06:22:59.290138,STN_009,7.39,9.04
2026-08-22 07:22:59.290138,STN_009,6.95,9.43
2026-08-22 08:22:59.290138,STN_009,7.94,9.29
2026-08-22 09:22:59.290138,STN_009,,9.55
2026-08-22 10:22:59.290138,STN_009,7.21,9.31
2026-08-22 11:22:59.290138,STN_009,9.23,8.84
2026-08-22 12:22:59.290138,STN_009,10.63,8.62
2026-08-22 13:22:59.290138,STN_009,14.24,9.21
2026-08-22 14:22:59.290138,STN_009,7.73,8.97
2026-08-22 15:22:59.290138,STN_009,13.48,8.87
2026-08-22 16:22:59.290138,STN_009,7.75,8.22
2026-08-22 17:22:59.290138,STN_009,11.2,8.67
2026-08-22 18:22:59.290138,STN_009,8.94,9.05
2026-08-22 19:22:59.290138,STN_009,7.17,8.36
2026-08-22 20:22:59.290138,STN_009,11.69,8.61
2026-08-22 21:22:59.290138,STN_009,7.67,8.4
2026-08-22 22:22:59.290138,STN_009,7.56,8.06
2026-08-22 23:22:59.290138,STN_009,8.56,8.57
2026-08-23 00:22:59.290138,STN_009,11.02,8.04
2026-08-23 01:22:59.290138,STN_009,7.85,8.38
2026-08-23 02:22:59.290138,STN_009,7.6,8.24
2026-08-23 03:22:59.290138,STN_009,6.82,8.6
2026-08-23 04:22:59.290138,STN_009,9.34,8.02
2026-08-23 05:22:59.290138,STN_009,9.02,8.41
2026-08-23 06:22:59.290138,STN_009,7.85,8.04
2026-08-23 07:22:59.290138,STN_009,7.0,8.14
2026-08-23 08:22:59.290138,STN_009,9.03,7.21
2026-08-23 09:22:59.290138,STN_009,12.99,8.95
2026-08-23 10:22:59.290138,STN_009,11.81,8.53
2026-08-23 11:22:59.290138,STN_009,14.67,8.18
2026-08-23 12:22:59.290138,STN_009,6.82,8.04
2026-08-23 13:22:59.290138,STN_009,20.36,8.28
2026-08-23 14:22:59.290138,STN_009,8.45,8.65
2026-08-23 15:22:59.290138,STN_009,25.37,7.96
2026-08-23 16:22:59.290138,STN_009,7.95,8.49
2026-08-23 17:22:59.290138,STN_009,9.33,9.05
2026-08-23 18:22:59.290138,STN_009,8.53,8.17
2026-08-23 19:22:59.290138,STN_009,8.54,8.55
2026-08-23 20:22:59.290138,STN_009,14.17,9.21
2026-08-23 21:22:59.290138,STN_009,12.27,8.77
2026-08-23 22:22:59.290138,STN_009,26.27,8.8
2026-08-23 23:22:59.290138,STN_009,10.69,8.93
2026-08-24 00:22:59.290138,STN_009,9.37,8.64
2026-08-24 01:22:59.290138,STN_009,7.26,9.15
2026-08-24 02:22:59.290138,STN_009,29.57,8.82
2026-08-24 03:22:59.290138,STN_009,10.09,8.38
2026-08-24 04:22:59.290138,STN_009,11.71,8.87
2026-08-24 05:22:59.290138,STN_009,8.97,8.7
2026-08-24 06:22:59.290138,STN_009,10.06,
2026-08-24 07:22:59.290138,STN_009,18.31,9.02
2026-08-24 08:22:59.290138,STN_009,7.61,9.45
2026-08-24 09:22:59.290138,STN_009,8.27,9.26
2026-08-24 10:22:59.290138,STN_009,7.54,9.09
2026-08-24 11:22:59.290138,STN_009,13.17,9.0
2026-08-24 12:22:59.290138,STN_009,7.14,8.68
2026-08-24 13:22:59.290138,STN_009,7.22,8.24
2026-08-24 14:22:59.290138,STN_009,8.3,8.93
2026-08-24 15:22:59.290138,STN_009,9.77,9.0
2026-08-24 16:22:59.290138,STN_009,8.97,8.74
2026-08-24 17:22:59.290138,STN_009,7.07,8.59
2026-08-24 18:22:59.290138,STN_009,19.52,8.98
2026-08-24 19:22:59.290138,STN_009,19.1,8.91
2026-08-24 20:22:59.290138,STN_009,8.19,9.39
2026-08-24 21:22:59.290138,STN_009,12.14,9.25
2026-08-24 22:22:59.290138,STN_009,10.44,9.05
2026-08-24 23:22:59.290138,STN_009,8.07,8.97
2026-08-25 00:22:59.290138,STN_009,8.2,8.35
2026-08-25 01:22:59.290138,STN_009,9.69,8.95
2026-08-25 02:22:59.290138,STN_009,9.16,8.7
2026-08-25 03:22:59.290138,STN_009,8.36,8.75
2026-08-25 04:22:59.290138,STN_009,13.58,8.73
2026-08-25 05:22:59.290138,STN_009,9.61,8.73
2026-08-25 06:22:59.290138,STN_009,11.24,9.41
2026-08-25 07:22:59.290138,STN_009,7.82,8.49
2026-08-25 08:22:59.290138,STN_009,10.03,8.81
2026-08-25 09:22:59.290138,STN_009,8.51,8.39
2026-08-25 10:22:59.290138,STN_009,9.97,8.79
2026-08-25 11:22:59.290138,STN_009,52.59,9.17
2026-08-25 12:22:59.290138,STN_009,12.84,9.04
2026-08-25 13:22:59.290138,STN_009,61.67,9.89
2026-08-25 14:22:59.290138,STN_009,11.72,9.15
2026-08-25 15:22:59.290138,STN_009,18.32,9.34
2026-08-25 16:22:59.290138,STN_009,10.91,9.56
2026-08-25 17:22:59.290138,STN_009,7.63,9.77
2026-08-25 18:22:59.290138,STN_009,11.54,9.49
2026-08-25 19:22:59.290138,STN_009,7.43,9.73
2026-08-25 20:22:59.290138,STN_009,15.21,9.2
2026-08-25 21:22:59.290138,STN_009,9.89,9.04
2026-08-25 22:22:59.290138,STN_009,9.03,9.48
2026-08-25 23:22:59.290138,STN_009,7.32,9.36
2026-08-26 00:22:59.290138,STN_009,9.0,9.55
2026-08-26 01:22:59.290138,STN_009,16.42,9.43
2026-08-26 02:22:59.290138,STN_009,7.17,9.32
2026-08-26 03:22:59.290138,STN_009,9.66,9.41
2026-08-26 04:22:59.290138,STN_009,17.79,9.48
2026-08-26 05:22:59.290138,STN_009,9.09,9.38
2026-08-26 06:22:59.290138,STN_009,9.32,9.39
2026-08-26 07:22:59.290138,STN_009,10.54,9.35
2026-08-26 08:22:59.290138,STN_009,9.57,9.73
2026-08-26 09:22:59.290138,STN_009,7.82,9.52
2026-08-26 10:22:59.290138,STN_009,7.16,10.12
2026-08-26 11:22:59.290138,STN_009,10.85,9.14
2026-08-26 12:22:59.290138,STN_009,17.23,8.96
2026-08-26 13:22:59.290138,STN_009,7.53,9.48
2026-08-26 14:22:59.290138,STN_009,8.03,8.77
2026-08-26 15:22:59.290138,STN_009,,8.87
2026-08-26 16:22:59.290138,STN_009,13.7,8.77
2026-08-26 17:22:59.290138,STN_009,8.34,8.79
2026-08-26 18:22:59.290138,STN_009,15.63,8.79
2026-08-26 19:22:59.290138,STN_009,7.31,8.3
2026-08-26 20:22:59.290138,STN_009,18.4,8.77
2026-08-26 21:22:59.290138,STN_009,10.37,8.27
2026-08-26 22:22:59.290138,STN_009,11.48,8.65
2026-08-26 23:22:59.290138,STN_009,9.02,8.5
2026-08-27 00:22:59.290138,STN_009,13.28,8.86
2026-08-27 01:22:59.290138,STN_009,7.91,8.78
2026-08-27 02:22:59.290138,STN_009,7.38,8.82
2026-08-27 03:22:59.290138,STN_009,9.2,8.76
2026-08-27 04:22:59.290138,STN_009,14.87,8.47
2026-08-27 05:22:59.290138,STN_009,12.81,8.6
2026-08-27 06:22:59.290138,STN_009,10.1,8.97
2026-08-27 07:22:59.290138,STN_009,10.58,9.01
2026-08-27 08:22:59.290138,STN_009,7.74,8.33
2026-08-27 09:22:59.290138,STN_009,14.53,8.27
2026-08-27 10:22:59.290138,STN_009,13.37,8.56
2026-08-27 11:22:59.290138,STN_009,11.46,9.1
2026-08-27 12:22:59.290138,STN_009,9.69,9.09
2026-08-27 13:22:59.290138,STN_009,20.53,8.56
2026-08-27 14:22:59.290138,STN_009,15.63,8.99
2026-08-27 15:22:59.290138,STN_009,11.32,9.47
2026-08-27 16:22:59.290138,STN_009,9.04,9.0
2026-08-27 17:22:59.290138,STN_009,11.03,9.33
2026-08-27 18:22:59.290138,STN_009,10.61,9.16
2026-08-27 19:22:59.290138,STN_009,9.19,8.6
2026-08-27 20:22:59.290138,STN_009,8.65,8.74
2026-08-27 21:22:59.290138,STN_009,9.27,8.79
2026-08-27 22:22:59.290138,STN_009,69.09,9.31
2026-08-27 23:22:59.290138,STN_009,9.52,9.56
2026-08-28 00:22:59.290138,STN_009,8.51,9.37
2026-08-28 01:22:59.290138,STN_009,13.01,8.41
2026-08-28 02:22:59.290138,STN_009,10.31,8.92
2026-08-28 03:22:59.290138,STN_009,7.56,8.64
2026-08-28 04:22:59.290138,STN_009,9.12,9.3
2026-08-28 05:22:59.290138,STN_009,15.93,9.35
2026-08-28 06:22:59.290138,STN_009,12.91,9.38
2026-08-28 07:22:59.290138,STN_009,8.84,9.0
2026-08-28 08:22:59.290138,STN_009,18.42,9.58
2026-08-28 09:22:59.290138,STN_009,7.6,9.53
2026-08-28 10:22:59.290138,STN_009,20.28,9.0
2026-08-28 11:22:59.290138,STN_009,8.41,8.91
2026-08-28 12:22:59.290138,STN_009,7.32,9.33
2026-08-28 13:22:59.290138,STN_009,9.56,9.77
2026-08-28 14:22:59.290138,STN_009,9.06,9.69
2026-08-28 15:22:59.290138,STN_009,10.38,9.34
2026-08-28 16:22:59.290138,STN_009,13.66,8.99
2026-08-28 17:22:59.290138,STN_009,,9.51
2026-08-28 18:22:59.290138,STN_009,9.33,9.1
2026-08-28 19:22:59.290138,STN_009,9.53,9.0
2026-08-28 20:22:59.290138,STN_009,20.59,8.69
2026-08-28 21:22:59.290138,STN_009,7.48,9.35
2026-08-28 22:22:59.290138,STN_009,11.48,8.67
2026-08-28 23:22:59.290138,STN_009,7.65,8.87
2026-08-29 00:22:59.290138,STN_009,12.67,8.18
2026-08-29 01:22:59.290138,STN_009,10.48,8.9
2026-08-29 02:22:59.290138,STN_009,8.27,8.11
2026-08-29 03:22:59.290138,STN_009,10.48,9.19
2026-08-29 04:22:59.290138,STN_009,8.19,9.01
2026-08-29 05:22:59.290138,STN_009,9.69,8.72
2026-08-29 06:22:59.290138,STN_009,13.81,8.98
2026-08-29 07:22:59.290138,STN_009,9.86,8.52
2026-08-29 08:22:59.290138,STN_009,8.02,8.75
2026-08-29 09:22:59.290138,STN_009,12.53,9.01
2026-08-29 10:22:59.290138,STN_009,8.21,7.74
2026-08-29 11:22:59.290138,STN_009,12.75,8.57
2026-08-29 12:22:59.290138,STN_009,9.99,8.72
2026-08-29 13:22:59.290138,STN_009,9.8,8.67
2026-08-29 14:22:59.290138,STN_009,15.01,9.22
2026-08-29 15:22:59.290138,STN_009,12.31,8.46
2026-08-29 16:22:59.290138,STN_009,7.51,8.56
2026-08-29 17:22:59.290138,STN_009,8.78,8.12
2026-08-29 18:22:59.290138,STN_009,15.57,9.2
2026-08-29 19:22:59.290138,STN_009,7.45,8.66
2026-08-29 20:22:59.290138,STN_009,10.53,8.52
2026-08-29 21:22:59.290138,STN_009,12.58,8.67
2026-08-29 22:22:59.290138,STN_009,11.37,8.9
2026-08-29 23:22:59.290138,STN_009,13.19,8.86
2026-08-30 00:22:59.290138,STN_009,12.65,9.55
2026-08-30 01:22:59.290138,STN_009,12.19,8.9
2026-08-30 02:22:59.290138,STN_009,,8.68
2026-08-30 03:22:59.290138,STN_009,11.63,8.66
2026-08-30 04:22:59.290138,STN_009,9.54,8.72
2026-08-30 05:22:59.290138,STN_009,10.03,8.39
2026-08-30 06:22:59.290138,STN_009,12.52,8.84
2026-08-30 07:22:59.290138,STN_009,86.0,9.7
2026-08-30 08:22:59.290138,STN_009,8.75,9.29
2026-08-30 09:22:59.290138,STN_009,9.15,9.2
2026-08-30 10:22:59.290138,STN_009,18.16,9.98
2026-08-30 11:22:59.290138,STN_009,10.93,9.08
2026-08-30 12:22:59.290138,STN_009,8.27,8.88
2026-08-30 13:22:59.290138,STN_009,11.84,9.17
2026-08-30 14:22:59.290138,STN_009,26.22,9.14
2026-08-30 15:22:59.290138,STN_009,14.41,9.74
2026-08-30 16:22:59.290138,STN_009,12.95,9.56
2026-08-30 17:22:59.290138,STN_009,8.41,9.6
2026-08-30 18:22:59.290138,STN_009,15.83,10.01
2026-08-30 19:22:59.290138,STN_009,10.46,9.49
2026-08-30 20:22:59.290138,STN_009,16.28,9.97
2026-08-30 21:22:59.290138,STN_009,9.08,10.16
2026-08-30 22:22:59.290138,STN_009,7.83,9.56
2026-08-30 23:22:59.290138,STN_009,10.16,9.89
2026-08-31 00:22:59.290138,STN_009,8.83,9.57
2026-08-31 01:22:59.290138,STN_009,12.6,9.92
2026-08-31 02:22:59.290138,STN_009,,9.22
2026-08-31 03:22:59.290138,STN_009,12.27,9.2
2026-08-31 04:22:59.290138,STN_009,,9.64
2026-08-31 05:22:59.290138,STN_009,9.99,9.49
2026-08-31 06:22:59.290138,STN_009,13.48,9.61
2026-08-31 07:22:59.290138,STN_009,14.98,
2026-08-31 08:22:59.290138,STN_009,12.54,9.42
2026-08-31 09:22:59.290138,STN_009,10.41,9.09
2026-08-31 10:22:59.290138,STN_009,11.51,8.91
2026-08-31 11:22:59.290138,STN_009,12.4,9.06
2026-08-31 12:22:59.290138,STN_009,8.74,8.94
2026-08-31 13:22:59.290138,STN_009,14.21,8.91
2026-08-31 14:22:59.290138,STN_009,19.58,8.65
2026-08-31 15:22:59.290138,STN_009,10.08,9.12
2026-08-31 16:22:59.290138,STN_009,12.4,8.93
2026-08-31 17:22:59.290138,STN_009,12.92,9.42
2026-08-31 18:22:59.290138,STN_009,11.92,8.67
2026-08-31 19:22:59.290138,STN_009,10.74,8.94
2026-08-31 20:22:59.290138,STN_009,16.11,9.65
2026-08-31 21:22:59.290138,STN_009,9.96,8.83
2026-08-31 22:22:59.290138,STN_009,7.92,9.06
2026-08-31 23:22:59.290138,STN_009,15.12,8.8
2026-09-01 00:22:59.290138,STN_009,12.15,8.79
2026-09-01 01:22:59.290138,STN_009,15.24,9.68
2026-09-01 02:22:59.290138,STN_009,8.27,9.17
2026-09-01 03:22:59.290138,STN_009,7.8,9.12
2026-09-01 04:22:59.290138,STN_009,18.57,8.59
2026-09-01 05:22:59.290138,STN_009,8.31,9.19
2026-09-01 06:22:59.290138,STN_009,14.31,9.44
2026-09-01 07:22:59.290138,STN_009,111.11,10.24
2026-09-01 08:22:59.290138,STN_009,12.6,10.1
2026-09-01 09:22:59.290138,STN_009,8.23,9.54
2026-09-01 10:22:59.290138,STN_009,12.07,9.98
2026-09-01 11:22:59.290138,STN_009,16.47,10.12
2026-09-01 12:22:59.290138,STN_009,9.89,9.39
2026-09-01 13:22:59.290138,STN_009,9.8,9.55
2026-09-01 14:22:59.290138,STN_009,10.01,10.07
2026-09-01 15:22:59.290138,STN_009,8.01,10.05
2026-09-01 16:22:59.290138,STN_009,16.57,9.36
2026-09-01 17:22:59.290138,STN_009,15.81,10.09
2026-09-01 18:22:59.290138,STN_009,32.35,10.05
2026-09-01 19:22:59.290138,STN_009,11.19,10.26
2026-09-01 20:22:59.290138,STN_009,13.23,9.81
2026-09-01 21:22:59.290138,STN_009,8.58,10.18
2026-09-01 22:22:59.290138,STN_009,12.17,10.29
2026-09-01 23:22:59.290138,STN_009,11.96,9.91
2026-09-02 00:22:59.290138,STN_009,17.03,10.06
2026-09-02 01:22:59.290138,STN_009,14.87,9.86
2026-09-02 02:22:59.290138,STN_009,18.92,10.64
2026-09-02 03:22:59.290138,STN_009,15.89,10.17
2026-09-02 04:22:59.290138,STN_009,15.89,9.91
2026-09-02 05:22:59.290138,STN_009,8.03,9.97
2026-09-02 06:22:59.290138,STN_009,15.25,10.23
2026-09-02 07:22:59.290138,STN_009,11.51,9.59
2026-09-02 08:22:59.290138,STN_009,9.68,8.94
2026-09-02 09:22:59.290138,STN_009,,9.89
2026-09-02 10:22:59.290138,STN_009,12.29,9.43
2026-09-02 11:22:59.290138,STN_009,9.36,9.42
2026-09-02 12:22:59.290138,STN_009,10.29,9.25
2026-09-02 13:22:59.290138,STN_009,12.35,9.31
2026-09-02 14:22:59.290138,STN_009,17.48,9.32
2026-09-02 15:22:59.290138,STN_009,,9.73
2026-09-02 16:22:59.290138,STN_009,10.16,9.36
2026-09-02 17:22:59.290138,STN_009,9.73,9.55
2026-09-02 18:22:59.290138,STN_009,8.86,8.99
2026-09-02 19:22:59.290138,STN_009,64.3,9.62
2026-09-02 20:22:59.290138,STN_009,8.24,9.28
2026-09-02 21:22:59.290138,STN_009,21.94,10.0
2026-09-02 22:22:59.290138,STN_009,11.27,
2026-09-02 23:22:59.290138,STN_009,8.41,9.51
2026-09-03 00:22:59.290138,STN_009,9.6,9.45
2026-09-03 01:22:59.290138,STN_009,11.03,9.41
2026-09-03 02:22:59.290138,STN_009,10.91,9.67
2026-09-03 03:22:59.290138,STN_009,8.01,9.29
2026-09-03 04:22:59.290138,STN_009,19.91,9.84
2026-09-03 05:22:59.290138,STN_009,9.15,9.18
2026-09-03 06:22:59.290138,STN_009,7.93,9.42
2026-09-03 07:22:59.290138,STN_009,8.18,9.11
2026-09-03 08:22:59.290138,STN_009,11.33,9.48
2026-09-03 09:22:59.290138,STN_009,8.45,9.35
2026-09-03 10:22:59.290138,STN_009,8.03,9.27
2026-09-03 11:22:59.290138,STN_009,,9.68
2026-09-03 12:22:59.290138,STN_009,11.76,9.14
2026-09-03 13:22:59.290138,STN_009,8.34,9.48
2026-09-03 14:22:59.290138,STN_009,9.36,9.0
2026-09-03 15:22:59.290138,STN_009,10.02,9.23
2026-09-03 16:22:59.290138,STN_009,8.56,8.82
2026-09-03 17:22:59.290138,STN_009,10.68,8.99
2026-09-03 18:22:59.290138,STN_009,8.22,9.16
2026-09-03 19:22:59.290138,STN_009,8.05,9.26
2026-09-03 20:22:59.290138,STN_009,10.8,8.77
2026-09-03 21:22:59.290138,STN_009,9.0,9.13
2026-09-03 22:22:59.290138,STN_009,8.36,8.69
2026-09-03 23:22:59.290138,STN_009,10.16,8.52
2026-09-04 00:22:59.290138,STN_009,17.82,9.17
2026-09-04 01:22:59.290138,STN_009,13.11,8.85
2026-09-04 02:22:59.290138,STN_009,14.72,8.56
2026-09-04 03:22:59.290138,STN_009,16.18,8.96
2026-09-04 04:22:59.290138,STN_009,22.35,8.75
2026-09-04 05:22:59.290138,STN_009,13.72,8.28
2026-09-04 06:22:59.290138,STN_009,11.71,9.19
2026-09-04 07:22:59.290138,STN_009,9.77,9.25
2026-09-04 08:22:59.290138,STN_009,8.76,9.45
2026-09-04 09:22:59.290138,STN_009,12.6,9.06
2026-09-04 10:22:59.290138,STN_009,29.11,9.04
2026-09-04 11:22:59.290138,STN_009,10.47,
2026-09-04 12:22:59.290138,STN_009,13.1,9.39
2026-09-04 13:22:59.290138,STN_009,10.69,9.64
2026-09-04 14:22:59.290138,STN_009,10.22,9.14
2026-09-04 15:22:59.290138,STN_009,69.8,9.61
2026-09-04 16:22:59.290138,STN_009,10.77,9.46
2026-09-04 17:22:59.290138,STN_009,9.78,9.83
2026-09-04 18:22:59.290138,STN_009,13.48,9.25
2026-09-04 19:22:59.290138,STN_009,16.25,10.01
2026-09-04 20:22:59.290138,STN_009,16.53,10.0
2026-09-04 21:22:59.290138,STN_009,8.99,10.0
2026-09-04 22:22:59.290138,STN_009,17.1,9.96
2026-09-04 23:22:59.290138,STN_009,9.72,10.37
2026-09-05 00:22:59.290138,STN_009,9.53,10.1
2026-09-05 01:22:59.290138,STN_009,13.24,9.66
2026-09-05 02:22:59.290138,STN_009,9.5,9.62
2026-09-05 03:22:59.290138,STN_009,8.27,9.47
2026-09-05 04:22:59.290138,STN_009,9.92,9.8
2026-09-05 05:22:59.290138,STN_009,13.16,9.33
2026-09-05 06:22:59.290138,STN_009,9.63,9.93
2026-09-05 07:22:59.290138,STN_009,12.02,10.02
2026-09-05 08:22:59.290138,STN_009,12.37,9.39
2026-09-05 09:22:59.290138,STN_009,13.34,
2026-09-05 10:22:59.290138,STN_009,17.15,9.57
2026-09-05 11:22:59.290138,STN_009,10.32,9.83
2026-09-05 12:22:59.290138,STN_009,8.78,10.01
2026-09-05 13:22:59.290138,STN_009,9.59,9.01
2026-09-05 14:22:59.290138,STN_009,10.31,9.42
2026-09-05 15:22:59.290138,STN_009,13.05,8.96
2026-09-05 16:22:59.290138,STN_009,8.1,8.6
2026-09-05 17:22:59.290138,STN_009,9.57,
2026-09-05 18:22:59.290138,STN_009,14.1,9.15
2026-09-05 19:22:59.290138,STN_009,12.49,8.91
2026-09-05 20:22:59.290138,STN_009,13.31,8.5
2026-09-05 21:22:59.290138,STN_009,14.73,9.88
2026-09-05 22:22:59.290138,STN_009,14.26,9.09
2026-09-05 23:22:59.290138,STN_009,12.73,9.07
2026-09-06 00:22:59.290138,STN_009,10.46,8.71
2026-09-06 01:22:59.290138,STN_009,24.58,9.21
2026-09-06 02:22:59.290138,STN_009,11.51,9.1
2026-09-06 03:22:59.290138,STN_009,9.05,8.59
2026-09-06 04:22:59.290138,STN_009,9.53,8.83
2026-09-06 05:22:59.290138,STN_009,12.87,9.39
2026-09-06 06:22:59.290138,STN_009,18.49,9.81
2026-09-06 07:22:59.290138,STN_009,8.93,9.31
2026-09-06 08:22:59.290138,STN_009,8.49,9.5
2026-09-06 09:22:59.290138,STN_009,16.67,9.15
2026-09-06 10:22:59.290138,STN_009,18.02,9.18
2026-09-06 11:22:59.290138,STN_009,9.44,9.52
2026-09-06 12:22:59.290138,STN_009,10.04,9.7
2026-09-06 13:22:59.290138,STN_009,12.46,9.62
2026-09-06 14:22:59.290138,STN_009,9.74,8.91
2026-09-06 15:22:59.290138,STN_009,16.53,9.23
2026-09-06 16:22:59.290138,STN_009,8.6,9.34
2026-09-06 17:22:59.290138,STN_009,8.3,9.17
2026-09-06 18:22:59.290138,STN_009,9.08,9.32
2026-09-06 19:22:59.290138,STN_009,9.49,9.43
2026-09-06 20:22:59.290138,STN_009,8.62,9.44
2026-09-06 21:22:59.290138,STN_009,56.43,10.0
2026-09-06 22:22:59.290138,STN_009,13.87,9.4
2026-09-06 23:22:59.290138,STN_009,8.95,9.06
2026-09-07 00:22:59.290138,STN_009,18.04,9.64
2026-09-07 01:22:59.290138,STN_009,10.07,9.98
2026-09-07 02:22:59.290138,STN_009,12.68,9.28
2026-09-07 03:22:59.290138,STN_009,9.26,9.63
2026-09-07 04:22:59.290138,STN_009,9.33,9.63
2026-09-07 05:22:59.290138,STN_009,11.65,9.47
2026-09-07 06:22:59.290138,STN_009,37.34,9.57
2026-09-07 07:22:59.290138,STN_009,14.09,9.33
2026-09-07 08:22:59.290138,STN_009,13.91,8.97
2026-09-07 09:22:59.290138,STN_009,12.68,9.29
2026-09-07 10:22:59.290138,STN_009,10.62,9.45
2026-09-07 11:22:59.290138,STN_009,17.09,9.96
2026-09-07 12:22:59.290138,STN_009,12.13,9.61
2026-09-07 13:22:59.290138,STN_009,26.73,9.61
2026-09-07 14:22:59.290138,STN_009,15.08,9.54
2026-09-07 15:22:59.290138,STN_009,8.41,9.94
2026-09-07 16:22:59.290138,STN_009,9.78,10.16
2026-09-07 17:22:59.290138,STN_009,11.63,10.1
2026-09-07 18:22:59.290138,STN_009,13.35,9.99
2026-09-07 19:22:59.290138,STN_009,11.43,9.39
2026-09-07 20:22:59.290138,STN_009,14.4,9.77
2026-09-07 21:22:59.290138,STN_009,9.56,10.07
2026-09-07 22:22:59.290138,STN_009,9.14,9.8
2026-09-07 23:22:59.290138,STN_009,8.55,9.0
2026-09-08 00:22:59.290138,STN_009,11.73,9.39
2026-09-08 01:22:59.290138,STN_009,12.99,9.54
2026-09-08 02:22:59.290138,STN_009,9.9,9.18
2026-09-08 03:22:59.290138,STN_009,12.13,8.74
2026-09-08 04:22:59.290138,STN_009,8.54,9.45
2026-09-08 05:22:59.290138,STN_009,8.74,9.16
2026-09-08 06:22:59.290138,STN_009,13.16,8.96
2026-09-08 07:22:59.290138,STN_009,10.16,9.06
2026-09-08 08:22:59.290138,STN_009,12.78,9.12
2026-09-08 09:22:59.290138,STN_009,15.45,9.18
2026-09-08 10:22:59.290138,STN_009,15.98,8.96
2026-09-08 11:22:59.290138,STN_009,9.08,9.09
2026-09-08 12:22:59.290138,STN_009,10.99,8.62
2026-09-08 13:22:59.290138,STN_009,13.62,
2026-09-08 14:22:59.290138,STN_009,14.27,8.18
2026-09-08 15:22:59.290138,STN_009,14.47,9.0
2026-09-08 16:22:59.290138,STN_009,9.36,9.35
2026-09-08 17:22:59.290138,STN_009,9.18,8.74
2026-09-08 18:22:59.290138,STN_009,11.89,9.26
2026-09-08 19:22:59.290138,STN_009,13.73,9.41
2026-09-08 20:22:59.290138,STN_009,9.86,8.04
2026-09-08 21:22:59.290138,STN_009,8.77,8.98
2026-08-09 22:22:59.290138,STN_010,7.14,
2026-08-09 23:22:59.290138,STN_010,7.38,
2026-08-10 00:22:59.290138,STN_010,9.08,
2026-08-10 01:22:59.290138,STN_010,9.34,
2026-08-10 02:22:59.290138,STN_010,6.27,
2026-08-10 03:22:59.290138,STN_010,6.5,
2026-08-10 04:22:59.290138,STN_010,6.24,
2026-08-10 05:22:59.290138,STN_010,7.45,
2026-08-10 06:22:59.290138,STN_010,6.79,
2026-08-10 07:22:59.290138,STN_010,13.18,
2026-08-10 08:22:59.290138,STN_010,9.14,
2026-08-10 09:22:59.290138,STN_010,13.53,
2026-08-10 10:22:59.290138,STN_010,9.31,
2026-08-10 11:22:59.290138,STN_010,18.53,
2026-08-10 12:22:59.290138,STN_010,8.41,
2026-08-10 13:22:59.290138,STN_010,17.62,
2026-08-10 14:22:59.290138,STN_010,5.06,
2026-08-10 15:22:59.290138,STN_010,4.59,
2026-08-10 16:22:59.290138,STN_010,35.3,
2026-08-10 17:22:59.290138,STN_010,20.79,
2026-08-10 18:22:59.290138,STN_010,6.53,
2026-08-10 19:22:59.290138,STN_010,5.32,
2026-08-10 20:22:59.290138,STN_010,7.32,
2026-08-10 21:22:59.290138,STN_010,8.56,6.94
2026-08-10 22:22:59.290138,STN_010,5.99,7.14
2026-08-10 23:22:59.290138,STN_010,9.49,6.72
2026-08-11 00:22:59.290138,STN_010,19.25,6.82
2026-08-11 01:22:59.290138,STN_010,13.56,6.79
2026-08-11 02:22:59.290138,STN_010,5.85,7.15
2026-08-11 03:22:59.290138,STN_010,6.06,7.16
2026-08-11 04:22:59.290138,STN_010,6.33,7.35
2026-08-11 05:22:59.290138,STN_010,6.48,6.58
2026-08-11 06:22:59.290138,STN_010,4.9,7.61
2026-08-11 07:22:59.290138,STN_010,10.21,6.82
2026-08-11 08:22:59.290138,STN_010,6.29,6.88
2026-08-11 09:22:59.290138,STN_010,12.95,6.94
2026-08-11 10:22:59.290138,STN_010,14.94,6.66
2026-08-11 11:22:59.290138,STN_010,4.57,6.7
2026-08-11 12:22:59.290138,STN_010,22.34,7.37
2026-08-11 13:22:59.290138,STN_010,9.43,7.31
2026-08-11 14:22:59.290138,STN_010,7.41,6.95
2026-08-11 15:22:59.290138,STN_010,6.45,7.21
2026-08-11 16:22:59.290138,STN_010,7.4,6.79
2026-08-11 17:22:59.290138,STN_010,6.04,6.53
2026-08-11 18:22:59.290138,STN_010,8.37,6.34
2026-08-11 19:22:59.290138,STN_010,4.86,6.3
2026-08-11 20:22:59.290138,STN_010,8.36,6.34
2026-08-11 21:22:59.290138,STN_010,5.76,7.03
2026-08-11 22:22:59.290138,STN_010,4.65,6.81
2026-08-11 23:22:59.290138,STN_010,7.79,6.97
2026-08-12 00:22:59.290138,STN_010,8.03,6.56
2026-08-12 01:22:59.290138,STN_010,6.8,6.12
2026-08-12 02:22:59.290138,STN_010,4.88,6.56
2026-08-12 03:22:59.290138,STN_010,13.53,6.82
2026-08-12 04:22:59.290138,STN_010,,6.65
2026-08-12 05:22:59.290138,STN_010,5.07,6.05
2026-08-12 06:22:59.290138,STN_010,7.44,6.02
2026-08-12 07:22:59.290138,STN_010,7.33,6.63
2026-08-12 08:22:59.290138,STN_010,4.83,6.34
2026-08-12 09:22:59.290138,STN_010,8.31,6.48
2026-08-12 10:22:59.290138,STN_010,11.18,6.14
2026-08-12 11:22:59.290138,STN_010,10.11,6.44
2026-08-12 12:22:59.290138,STN_010,5.48,5.94
2026-08-12 13:22:59.290138,STN_010,12.51,6.36
2026-08-12 14:22:59.290138,STN_010,6.25,6.5
2026-08-12 15:22:59.290138,STN_010,16.29,6.6
2026-08-12 16:22:59.290138,STN_010,4.87,5.95
2026-08-12 17:22:59.290138,STN_010,7.24,6.49
2026-08-12 18:22:59.290138,STN_010,8.21,6.17
2026-08-12 19:22:59.290138,STN_010,5.71,6.82
2026-08-12 20:22:59.290138,STN_010,10.48,6.66
2026-08-12 21:22:59.290138,STN_010,8.52,6.41
2026-08-12 22:22:59.290138,STN_010,4.75,7.07
2026-08-12 23:22:59.290138,STN_010,8.43,
2026-08-13 00:22:59.290138,STN_010,7.38,6.4
2026-08-13 01:22:59.290138,STN_010,5.55,6.57
2026-08-13 02:22:59.290138,STN_010,26.52,7.2
2026-08-13 03:22:59.290138,STN_010,13.78,7.03
2026-08-13 04:22:59.290138,STN_010,6.06,6.81
2026-08-13 05:22:59.290138,STN_010,7.8,6.33
2026-08-13 06:22:59.290138,STN_010,6.2,6.32
2026-08-13 07:22:59.290138,STN_010,10.66,6.82
2026-08-13 08:22:59.290138,STN_010,15.34,6.32
2026-08-13 09:22:59.290138,STN_010,6.46,6.78
2026-08-13 10:22:59.290138,STN_010,11.23,6.92
2026-08-13 11:22:59.290138,STN_010,7.44,6.22
2026-08-13 12:22:59.290138,STN_010,6.7,6.86
2026-08-13 13:22:59.290138,STN_010,15.83,6.97
2026-08-13 14:22:59.290138,STN_010,7.54,6.6
2026-08-13 15:22:59.290138,STN_010,7.2,6.59
2026-08-13 16:22:59.290138,STN_010,9.14,6.13
2026-08-13 17:22:59.290138,STN_010,5.89,6.62
2026-08-13 18:22:59.290138,STN_010,6.25,6.18
2026-08-13 19:22:59.290138,STN_010,15.44,6.51
2026-08-13 20:22:59.290138,STN_010,9.22,6.59
2026-08-13 21:22:59.290138,STN_010,11.69,6.39
2026-08-13 22:22:59.290138,STN_010,6.05,6.39
2026-08-13 23:22:59.290138,STN_010,7.92,6.4
2026-08-14 00:22:59.290138,STN_010,19.0,7.22
2026-08-14 01:22:59.290138,STN_010,6.32,6.84
2026-08-14 02:22:59.290138,STN_010,5.48,7.07
2026-08-14 03:22:59.290138,STN_010,7.64,6.52
2026-08-14 04:22:59.290138,STN_010,6.75,6.53
2026-08-14 05:22:59.290138,STN_010,5.48,6.5
2026-08-14 06:22:59.290138,STN_010,13.56,5.79
2026-08-14 07:22:59.290138,STN_010,23.5,6.94
2026-08-14 08:22:59.290138,STN_010,8.15,6.7
2026-08-14 09:22:59.290138,STN_010,22.11,6.88
2026-08-14 10:22:59.290138,STN_010,12.62,6.25
2026-08-14 11:22:59.290138,STN_010,9.61,6.88
2026-08-14 12:22:59.290138,STN_010,4.96,6.75
2026-08-14 13:22:59.290138,STN_010,,6.83
2026-08-14 14:22:59.290138,STN_010,29.88,6.96
2026-08-14 15:22:59.290138,STN_010,4.82,6.81
2026-08-14 16:22:59.290138,STN_010,6.24,7.1
2026-08-14 17:22:59.290138,STN_010,6.78,7.25
2026-08-14 18:22:59.290138,STN_010,5.89,6.82
2026-08-14 19:22:59.290138,STN_010,5.05,6.42
2026-08-14 20:22:59.290138,STN_010,7.8,6.43
2026-08-14 21:22:59.290138,STN_010,6.06,6.92
2026-08-14 22:22:59.290138,STN_010,11.25,7.24
2026-08-14 23:22:59.290138,STN_010,4.92,6.28
2026-08-15 00:22:59.290138,STN_010,12.28,6.47
2026-08-15 01:22:59.290138,STN_010,17.27,6.76
2026-08-15 02:22:59.290138,STN_010,9.92,6.29
2026-08-15 03:22:59.290138,STN_010,10.18,6.89
2026-08-15 04:22:59.290138,STN_010,15.73,7.11
2026-08-15 05:22:59.290138,STN_010,5.82,7.14
2026-08-15 06:22:59.290138,STN_010,25.75,6.98
2026-08-15 07:22:59.290138,STN_010,10.83,6.89
2026-08-15 08:22:59.290138,STN_010,10.07,6.71
2026-08-15 09:22:59.290138,STN_010,6.68,6.35
2026-08-15 10:22:59.290138,STN_010,8.04,6.79
2026-08-15 11:22:59.290138,STN_010,9.13,6.96
2026-08-15 12:22:59.290138,STN_010,8.76,6.88
2026-08-15 13:22:59.290138,STN_010,23.42,7.36
2026-08-15 14:22:59.290138,STN_010,5.23,6.92
2026-08-15 15:22:59.290138,STN_010,6.64,7.03
2026-08-15 16:22:59.290138,STN_010,7.16,6.89
2026-08-15 17:22:59.290138,STN_010,6.09,7.39
2026-08-15 18:22:59.290138,STN_010,5.64,6.69
2026-08-15 19:22:59.290138,STN_010,5.48,7.04
2026-08-15 20:22:59.290138,STN_010,6.71,6.9
2026-08-15 21:22:59.290138,STN_010,7.61,7.06
2026-08-15 22:22:59.290138,STN_010,5.25,6.91
2026-08-15 23:22:59.290138,STN_010,16.7,6.89
2026-08-16 00:22:59.290138,STN_010,10.79,7.01
2026-08-16 01:22:59.290138,STN_010,10.24,6.98
2026-08-16 02:22:59.290138,STN_010,5.75,6.99
2026-08-16 03:22:59.290138,STN_010,8.69,7.23
2026-08-16 04:22:59.290138,STN_010,8.01,6.78
2026-08-16 05:22:59.290138,STN_010,21.16,6.52
2026-08-16 06:22:59.290138,STN_010,10.5,6.77
2026-08-16 07:22:59.290138,STN_010,8.42,6.57
2026-08-16 08:22:59.290138,STN_010,12.6,6.58
2026-08-16 09:22:59.290138,STN_010,5.66,6.62
2026-08-16 10:22:59.290138,STN_010,5.05,6.42
2026-08-16 11:22:59.290138,STN_010,9.68,5.98
2026-08-16 12:22:59.290138,STN_010,5.4,7.11
2026-08-16 13:22:59.290138,STN_010,5.48,6.37
2026-08-16 14:22:59.290138,STN_010,10.45,6.05
2026-08-16 15:22:59.290138,STN_010,6.25,6.61
2026-08-16 16:22:59.290138,STN_010,8.95,6.76
2026-08-16 17:22:59.290138,STN_010,14.96,6.59
2026-08-16 18:22:59.290138,STN_010,6.51,6.27
2026-08-16 19:22:59.290138,STN_010,5.97,6.23
2026-08-16 20:22:59.290138,STN_010,5.44,7.33
2026-08-16 21:22:59.290138,STN_010,5.55,6.21
2026-08-16 22:22:59.290138,STN_010,5.35,6.16
2026-08-16 23:22:59.290138,STN_010,5.46,6.46
2026-08-17 00:22:59.290138,STN_010,7.35,6.77
2026-08-17 01:22:59.290138,STN_010,6.64,6.99
2026-08-17 02:22:59.290138,STN_010,10.0,6.47
2026-08-17 03:22:59.290138,STN_010,13.26,6.5
2026-08-17 04:22:59.290138,STN_010,11.24,6.21
2026-08-17 05:22:59.290138,STN_010,8.12,6.81
2026-08-17 06:22:59.290138,STN_010,5.52,6.43
2026-08-17 07:22:59.290138,STN_010,10.04,6.45
2026-08-17 08:22:59.290138,STN_010,6.89,6.54
2026-08-17 09:22:59.290138,STN_010,5.45,6.5
2026-08-17 10:22:59.290138,STN_010,64.02,6.86
2026-08-17 11:22:59.290138,STN_010,6.74,7.27
2026-08-17 12:22:59.290138,STN_010,6.08,6.4
2026-08-17 13:22:59.290138,STN_010,13.3,7.01
2026-08-17 14:22:59.290138,STN_010,14.39,7.1
2026-08-17 15:22:59.290138,STN_010,6.75,6.86
2026-08-17 16:22:59.290138,STN_010,6.84,
2026-08-17 17:22:59.290138,STN_010,8.56,7.11
2026-08-17 18:22:59.290138,STN_010,10.38,7.28
2026-08-17 19:22:59.290138,STN_010,24.18,7.06
2026-08-17 20:22:59.290138,STN_010,8.69,7.06
2026-08-17 21:22:59.290138,STN_010,17.31,7.39
2026-08-17 22:22:59.290138,STN_010,6.41,7.19
2026-08-17 23:22:59.290138,STN_010,14.77,6.87
2026-08-18 00:22:59.290138,STN_010,17.19,7.67
2026-08-18 01:22:59.290138,STN_010,6.45,6.86
2026-08-18 02:22:59.290138,STN_010,10.81,7.53
2026-08-18 03:22:59.290138,STN_010,6.29,8.12
2026-08-18 04:22:59.290138,STN_010,10.55,7.51
2026-08-18 05:22:59.290138,STN_010,11.58,7.17
2026-08-18 06:22:59.290138,STN_010,6.33,7.25
2026-08-18 07:22:59.290138,STN_010,10.23,7.5
2026-08-18 08:22:59.290138,STN_010,11.88,7.42
2026-08-18 09:22:59.290138,STN_010,6.97,7.67
2026-08-18 10:22:59.290138,STN_010,5.93,7.39
2026-08-18 11:22:59.290138,STN_010,5.58,7.34
2026-08-18 12:22:59.290138,STN_010,8.62,6.62
2026-08-18 13:22:59.290138,STN_010,20.48,7.03
2026-08-18 14:22:59.290138,STN_010,12.12,7.16
2026-08-18 15:22:59.290138,STN_010,7.48,7.47
2026-08-18 16:22:59.290138,STN_010,8.27,7.14
2026-08-18 17:22:59.290138,STN_010,6.51,6.81
2026-08-18 18:22:59.290138,STN_010,5.91,7.1
2026-08-18 19:22:59.290138,STN_010,7.83,7.38
2026-08-18 20:22:59.290138,STN_010,7.68,6.75
2026-08-18 21:22:59.290138,STN_010,8.15,6.54
2026-08-18 22:22:59.290138,STN_010,17.51,6.85
2026-08-18 23:22:59.290138,STN_010,9.0,6.62
2026-08-19 00:22:59.290138,STN_010,9.02,6.99
2026-08-19 01:22:59.290138,STN_010,5.84,6.55
2026-08-19 02:22:59.290138,STN_010,27.9,7.27
2026-08-19 03:22:59.290138,STN_010,11.22,7.07
2026-08-19 04:22:59.290138,STN_010,13.68,7.16
2026-08-19 05:22:59.290138,STN_010,7.44,7.12
2026-08-19 06:22:59.290138,STN_010,8.09,7.19
2026-08-19 07:22:59.290138,STN_010,8.25,6.82
2026-08-19 08:22:59.290138,STN_010,6.16,6.57
2026-08-19 09:22:59.290138,STN_010,9.97,6.75
2026-08-19 10:22:59.290138,STN_010,14.63,7.24
2026-08-19 11:22:59.290138,STN_010,6.01,6.44
2026-08-19 12:22:59.290138,STN_010,5.66,6.34
2026-08-19 13:22:59.290138,STN_010,10.66,6.93
2026-08-19 14:22:59.290138,STN_010,6.57,7.07
2026-08-19 15:22:59.290138,STN_010,9.21,7.12
2026-08-19 16:22:59.290138,STN_010,10.06,6.56
2026-08-19 17:22:59.290138,STN_010,43.61,6.8
2026-08-19 18:22:59.290138,STN_010,12.05,7.0
2026-08-19 19:22:59.290138,STN_010,8.49,7.09
2026-08-19 20:22:59.290138,STN_010,13.43,7.16
2026-08-19 21:22:59.290138,STN_010,11.06,7.32
2026-08-19 22:22:59.290138,STN_010,13.52,7.69
2026-08-19 23:22:59.290138,STN_010,5.48,7.22
2026-08-20 00:22:59.290138,STN_010,6.51,7.5
2026-08-20 01:22:59.290138,STN_010,5.78,7.41
2026-08-20 02:22:59.290138,STN_010,7.73,6.83
2026-08-20 03:22:59.290138,STN_010,14.23,7.26
2026-08-20 04:22:59.290138,STN_010,7.92,7.2
2026-08-20 05:22:59.290138,STN_010,12.98,7.07
2026-08-20 06:22:59.290138,STN_010,6.98,7.11
2026-08-20 07:22:59.290138,STN_010,,7.03
2026-08-20 08:22:59.290138,STN_010,14.43,6.79
2026-08-20 09:22:59.290138,STN_010,7.62,7.81
2026-08-20 10:22:59.290138,STN_010,11.64,7.39
2026-08-20 11:22:59.290138,STN_010,6.48,7.24
2026-08-20 12:22:59.290138,STN_010,17.29,7.05
2026-08-20 13:22:59.290138,STN_010,8.82,7.13
2026-08-20 14:22:59.290138,STN_010,11.1,6.85
2026-08-20 15:22:59.290138,STN_010,5.77,7.31
2026-08-20 16:22:59.290138,STN_010,8.11,7.25
2026-08-20 17:22:59.290138,STN_010,14.65,6.85
2026-08-20 18:22:59.290138,STN_010,13.78,6.94
2026-08-20 19:22:59.290138,STN_010,5.59,6.81
2026-08-20 20:22:59.290138,STN_010,6.85,6.7
2026-08-20 21:22:59.290138,STN_010,7.74,6.59
2026-08-20 22:22:59.290138,STN_010,6.26,6.47
2026-08-20 23:22:59.290138,STN_010,10.74,6.61
2026-08-21 00:22:59.290138,STN_010,12.96,6.69
2026-08-21 01:22:59.290138,STN_010,7.2,7.21
2026-08-21 02:22:59.290138,STN_010,9.85,
2026-08-21 03:22:59.290138,STN_010,8.13,6.24
2026-08-21 04:22:59.290138,STN_010,10.87,6.96
2026-08-21 05:22:59.290138,STN_010,18.5,7.11
2026-08-21 06:22:59.290138,STN_010,6.0,7.21
2026-08-21 07:22:59.290138,STN_010,10.45,6.99
2026-08-21 08:22:59.290138,STN_010,6.55,6.54
2026-08-21 09:22:59.290138,STN_010,7.64,6.64
2026-08-21 10:22:59.290138,STN_010,5.63,7.01
2026-08-21 11:22:59.290138,STN_010,6.08,7.26
2026-08-21 12:22:59.290138,STN_010,7.04,6.4
2026-08-21 13:22:59.290138,STN_010,7.17,6.79
2026-08-21 14:22:59.290138,STN_010,14.69,6.59
2026-08-21 15:22:59.290138,STN_010,10.92,6.55
2026-08-21 16:22:59.290138,STN_010,19.83,6.91
2026-08-21 17:22:59.290138,STN_010,9.16,6.81
2026-08-21 18:22:59.290138,STN_010,6.61,6.18
2026-08-21 19:22:59.290138,STN_010,7.09,6.86
2026-08-21 20:22:59.290138,STN_010,7.04,6.9
2026-08-21 21:22:59.290138,STN_010,7.08,7.02
2026-08-21 22:22:59.290138,STN_010,10.07,6.68
2026-08-21 23:22:59.290138,STN_010,8.63,6.35
2026-08-22 00:22:59.290138,STN_010,7.55,6.66
2026-08-22 01:22:59.290138,STN_010,6.25,6.99
2026-08-22 02:22:59.290138,STN_010,5.69,6.72
2026-08-22 03:22:59.290138,STN_010,6.59,6.98
2026-08-22 04:22:59.290138,STN_010,6.06,6.3
2026-08-22 05:22:59.290138,STN_010,11.76,6.88
2026-08-22 06:22:59.290138,STN_010,6.08,6.71
2026-08-22 07:22:59.290138,STN_010,10.75,6.53
2026-08-22 08:22:59.290138,STN_010,7.55,6.97
2026-08-22 09:22:59.290138,STN_010,5.91,6.7
2026-08-22 10:22:59.290138,STN_010,12.3,6.39
2026-08-22 11:22:59.290138,STN_010,9.07,7.01
2026-08-22 12:22:59.290138,STN_010,6.68,6.64
2026-08-22 13:22:59.290138,STN_010,14.6,6.78
2026-08-22 14:22:59.290138,STN_010,5.79,6.44
2026-08-22 15:22:59.290138,STN_010,6.5,6.64
2026-08-22 16:22:59.290138,STN_010,11.18,6.3
2026-08-22 17:22:59.290138,STN_010,10.54,6.55
2026-08-22 18:22:59.290138,STN_010,6.97,6.61
2026-08-22 19:22:59.290138,STN_010,5.86,6.77
2026-08-22 20:22:59.290138,STN_010,13.41,6.22
2026-08-22 21:22:59.290138,STN_010,7.11,6.95
2026-08-22 22:22:59.290138,STN_010,6.57,6.94
2026-08-22 23:22:59.290138,STN_010,8.6,6.58
2026-08-23 00:22:59.290138,STN_010,,6.74
2026-08-23 01:22:59.290138,STN_010,5.88,6.79
2026-08-23 02:22:59.290138,STN_010,11.51,6.77
2026-08-23 03:22:59.290138,STN_010,9.1,6.94
2026-08-23 04:22:59.290138,STN_010,7.92,6.66
2026-08-23 05:22:59.290138,STN_010,11.15,6.55
2026-08-23 06:22:59.290138,STN_010,19.21,7.01
2026-08-23 07:22:59.290138,STN_010,6.74,6.39
2026-08-23 08:22:59.290138,STN_010,6.32,7.03
2026-08-23 09:22:59.290138,STN_010,15.46,7.14
2026-08-23 10:22:59.290138,STN_010,10.12,6.67
2026-08-23 11:22:59.290138,STN_010,8.01,7.32
2026-08-23 12:22:59.290138,STN_010,9.11,6.81
2026-08-23 13:22:59.290138,STN_010,11.18,6.75
2026-08-23 14:22:59.290138,STN_010,11.63,6.74
2026-08-23 15:22:59.290138,STN_010,15.8,7.14
2026-08-23 16:22:59.290138,STN_010,7.93,6.87
2026-08-23 17:22:59.290138,STN_010,27.58,
2026-08-23 18:22:59.290138,STN_010,9.78,7.25
2026-08-23 19:22:59.290138,STN_010,7.85,7.08
2026-08-23 20:22:59.290138,STN_010,9.31,7.46
2026-08-23 21:22:59.290138,STN_010,7.88,7.23
2026-08-23 22:22:59.290138,STN_010,6.47,7.23
2026-08-23 23:22:59.290138,STN_010,8.34,7.46
2026-08-24 00:22:59.290138,STN_010,10.5,7.16
2026-08-24 01:22:59.290138,STN_010,12.23,7.4
2026-08-24 02:22:59.290138,STN_010,8.52,6.94
2026-08-24 03:22:59.290138,STN_010,6.52,7.61
2026-08-24 04:22:59.290138,STN_010,7.94,7.2
2026-08-24 05:22:59.290138,STN_010,11.97,6.76
2026-08-24 06:22:59.290138,STN_010,7.93,7.07
2026-08-24 07:22:59.290138,STN_010,10.57,7.12
2026-08-24 08:22:59.290138,STN_010,8.63,7.12
2026-08-24 09:22:59.290138,STN_010,6.91,6.32
2026-08-24 10:22:59.290138,STN_010,12.16,6.86
2026-08-24 11:22:59.290138,STN_010,6.15,6.6
2026-08-24 12:22:59.290138,STN_010,8.78,6.6
2026-08-24 13:22:59.290138,STN_010,6.74,7.02
2026-08-24 14:22:59.290138,STN_010,6.08,6.76
2026-08-24 15:22:59.290138,STN_010,8.6,6.76
2026-08-24 16:22:59.290138,STN_010,8.57,6.6
2026-08-24 17:22:59.290138,STN_010,10.71,7.14
2026-08-24 18:22:59.290138,STN_010,11.26,6.75
2026-08-24 19:22:59.290138,STN_010,11.01,6.31
2026-08-24 20:22:59.290138,STN_010,7.91,6.95
2026-08-24 21:22:59.290138,STN_010,9.8,6.67
2026-08-24 22:22:59.290138,STN_010,9.34,7.17
2026-08-24 23:22:59.290138,STN_010,8.09,6.81
2026-08-25 00:22:59.290138,STN_010,9.54,6.6
2026-08-25 01:22:59.290138,STN_010,17.67,6.69
2026-08-25 02:22:59.290138,STN_010,6.76,6.71
2026-08-25 03:22:59.290138,STN_010,15.35,7.05
2026-08-25 04:22:59.290138,STN_010,6.12,
2026-08-25 05:22:59.290138,STN_010,7.38,7.23
2026-08-25 06:22:59.290138,STN_010,7.26,6.96
2026-08-25 07:22:59.290138,STN_010,9.84,6.91
2026-08-25 08:22:59.290138,STN_010,6.47,6.85
2026-08-25 09:22:59.290138,STN_010,14.46,6.88
2026-08-25 10:22:59.290138,STN_010,12.96,6.51
2026-08-25 11:22:59.290138,STN_010,10.13,7.02
2026-08-25 12:22:59.290138,STN_010,8.36,7.5
2026-08-25 13:22:59.290138,STN_010,16.71,7.21
2026-08-25 14:22:59.290138,STN_010,13.01,7.2
2026-08-25 15:22:59.290138,STN_010,8.67,6.6
2026-08-25 16:22:59.290138,STN_010,10.74,7.41
2026-08-25 17:22:59.290138,STN_010,9.25,7.31
2026-08-25 18:22:59.290138,STN_010,9.45,7.41
2026-08-25 19:22:59.290138,STN_010,7.51,6.76
2026-08-25 20:22:59.290138,STN_010,8.38,6.91
2026-08-25 21:22:59.290138,STN_010,6.23,6.56
2026-08-25 22:22:59.290138,STN_010,7.77,6.53
2026-08-25 23:22:59.290138,STN_010,10.76,6.85
2026-08-26 00:22:59.290138,STN_010,18.25,7.24
2026-08-26 01:22:59.290138,STN_010,19.2,6.99
2026-08-26 02:22:59.290138,STN_010,9.25,6.93
2026-08-26 03:22:59.290138,STN_010,9.73,7.19
2026-08-26 04:22:59.290138,STN_010,6.82,6.12
2026-08-26 05:22:59.290138,STN_010,10.76,6.96
2026-08-26 06:22:59.290138,STN_010,6.3,7.21
2026-08-26 07:22:59.290138,STN_010,7.34,6.97
2026-08-26 08:22:59.290138,STN_010,10.42,7.51
2026-08-26 09:22:59.290138,STN_010,7.49,6.87
2026-08-26 10:22:59.290138,STN_010,6.21,6.83
2026-08-26 11:22:59.290138,STN_010,13.13,6.74
2026-08-26 12:22:59.290138,STN_010,7.49,6.8
2026-08-26 13:22:59.290138,STN_010,6.26,7.02
2026-08-26 14:22:59.290138,STN_010,6.31,7.13
2026-08-26 15:22:59.290138,STN_010,7.16,7.52
2026-08-26 16:22:59.290138,STN_010,6.79,7.01
2026-08-26 17:22:59.290138,STN_010,11.96,6.51
2026-08-26 18:22:59.290138,STN_010,7.55,7.22
2026-08-26 19:22:59.290138,STN_010,12.53,7.03
2026-08-26 20:22:59.290138,STN_010,,6.88
2026-08-26 21:22:59.290138,STN_010,8.72,7.22
2026-08-26 22:22:59.290138,STN_010,10.76,7.65
2026-08-26 23:22:59.290138,STN_010,10.32,6.88
2026-08-27 00:22:59.290138,STN_010,9.78,6.61
2026-08-27 01:22:59.290138,STN_010,16.45,7.24
2026-08-27 02:22:59.290138,STN_010,41.01,7.9
2026-08-27 03:22:59.290138,STN_010,8.82,7.14
2026-08-27 04:22:59.290138,STN_010,14.72,7.17
2026-08-27 05:22:59.290138,STN_010,6.43,7.18
2026-08-27 06:22:59.290138,STN_010,6.33,7.26
2026-08-27 07:22:59.290138,STN_010,7.16,6.7
2026-08-27 08:22:59.290138,STN_010,10.11,7.21
2026-08-27 09:22:59.290138,STN_010,7.3,7.2
2026-08-27 10:22:59.290138,STN_010,6.95,7.19
2026-08-27 11:22:59.290138,STN_010,8.56,7.14
2026-08-27 12:22:59.290138,STN_010,9.9,7.14
2026-08-27 13:22:59.290138,STN_010,7.24,6.49
2026-08-27 14:22:59.290138,STN_010,7.53,6.91
2026-08-27 15:22:59.290138,STN_010,9.9,7.41
2026-08-27 16:22:59.290138,STN_010,17.76,7.57
2026-08-27 17:22:59.290138,STN_010,56.98,7.49
2026-08-27 18:22:59.290138,STN_010,12.21,7.37
2026-08-27 19:22:59.290138,STN_010,7.93,7.83
2026-08-27 20:22:59.290138,STN_010,7.37,7.7
2026-08-27 21:22:59.290138,STN_010,8.52,7.58
2026-08-27 22:22:59.290138,STN_010,12.78,7.91
2026-08-27 23:22:59.290138,STN_010,8.64,7.29
2026-08-28 00:22:59.290138,STN_010,13.7,
2026-08-28 01:22:59.290138,STN_010,24.16,7.29
2026-08-28 02:22:59.290138,STN_010,6.5,7.2
2026-08-28 03:22:59.290138,STN_010,6.39,7.12
2026-08-28 04:22:59.290138,STN_010,41.31,7.48
2026-08-28 05:22:59.290138,STN_010,,7.76
2026-08-28 06:22:59.290138,STN_010,6.76,7.87
2026-08-28 07:22:59.290138,STN_010,14.38,7.7
2026-08-28 08:22:59.290138,STN_010,6.29,7.31
2026-08-28 09:22:59.290138,STN_010,7.72,7.1
2026-08-28 10:22:59.290138,STN_010,7.02,7.95
2026-08-28 11:22:59.290138,STN_010,16.93,7.99
2026-08-28 12:22:59.290138,STN_010,10.63,8.1
2026-08-28 13:22:59.290138,STN_010,15.92,7.81
2026-08-28 14:22:59.290138,STN_010,20.55,8.16
2026-08-28 15:22:59.290138,STN_010,8.95,7.76
2026-08-28 16:22:59.290138,STN_010,7.27,8.01
2026-08-28 17:22:59.290138,STN_010,7.06,7.3
2026-08-28 18:22:59.290138,STN_010,7.21,7.16
2026-08-28 19:22:59.290138,STN_010,11.13,7.5
2026-08-28 20:22:59.290138,STN_010,6.36,7.48
2026-08-28 21:22:59.290138,STN_010,6.41,7.68
2026-08-28 22:22:59.290138,STN_010,10.05,7.01
2026-08-28 23:22:59.290138,STN_010,10.41,7.69
2026-08-29 00:22:59.290138,STN_010,10.68,7.43
2026-08-29 01:22:59.290138,STN_010,8.16,7.58
2026-08-29 02:22:59.290138,STN_010,12.86,7.63
2026-08-29 03:22:59.290138,STN_010,9.35,6.6
2026-08-29 04:22:59.290138,STN_010,6.74,7.36
2026-08-29 05:22:59.290138,STN_010,12.68,7.41
2026-08-29 06:22:59.290138,STN_010,18.53,6.8
2026-08-29 07:22:59.290138,STN_010,6.55,6.65
2026-08-29 08:22:59.290138,STN_010,8.28,7.36
2026-08-29 09:22:59.290138,STN_010,8.97,7.18
2026-08-29 10:22:59.290138,STN_010,6.93,6.95
2026-08-29 11:22:59.290138,STN_010,14.39,7.55
2026-08-29 12:22:59.290138,STN_010,7.63,7.19
2026-08-29 13:22:59.290138,STN_010,12.41,6.44
2026-08-29 14:22:59.290138,STN_010,10.74,6.68
2026-08-29 15:22:59.290138,STN_010,9.94,7.31
2026-08-29 16:22:59.290138,STN_010,7.15,7.0
2026-08-29 17:22:59.290138,STN_010,7.3,6.78
2026-08-29 18:22:59.290138,STN_010,6.49,7.12
2026-08-29 19:22:59.290138,STN_010,7.4,6.77
2026-08-29 20:22:59.290138,STN_010,7.99,6.6
2026-08-29 21:22:59.290138,STN_010,13.46,7.33
2026-08-29 22:22:59.290138,STN_010,8.22,7.38
2026-08-29 23:22:59.290138,STN_010,12.02,7.19
2026-08-30 00:22:59.290138,STN_010,8.71,6.57
2026-08-30 01:22:59.290138,STN_010,12.54,7.62
2026-08-30 02:22:59.290138,STN_010,21.36,7.68
2026-08-30 03:22:59.290138,STN_010,7.49,7.5
2026-08-30 04:22:59.290138,STN_010,14.33,7.27
2026-08-30 05:22:59.290138,STN_010,10.28,7.19
2026-08-30 06:22:59.290138,STN_010,13.19,7.25
2026-08-30 07:22:59.290138,STN_010,10.61,6.81
2026-08-30 08:22:59.290138,STN_010,8.6,6.99
2026-08-30 09:22:59.290138,STN_010,7.43,6.97
2026-08-30 10:22:59.290138,STN_010,6.69,7.32
2026-08-30 11:22:59.290138,STN_010,,7.17
2026-08-30 12:22:59.290138,STN_010,24.95,6.96
2026-08-30 13:22:59.290138,STN_010,11.75,6.76
2026-08-30 14:22:59.290138,STN_010,7.98,7.32
2026-08-30 15:22:59.290138,STN_010,13.42,6.92
2026-08-30 16:22:59.290138,STN_010,,6.91
2026-08-30 17:22:59.290138,STN_010,7.72,7.92
2026-08-30 18:22:59.290138,STN_010,6.45,7.98
2026-08-30 19:22:59.290138,STN_010,6.9,7.15
2026-08-30 20:22:59.290138,STN_010,14.79,6.79
2026-08-30 21:22:59.290138,STN_010,13.64,7.71
2026-08-30 22:22:59.290138,STN_010,7.89,7.46
2026-08-30 23:22:59.290138,STN_010,7.84,7.55
2026-08-31 00:22:59.290138,STN_010,12.79,7.16
2026-08-31 01:22:59.290138,STN_010,17.6,
2026-08-31 02:22:59.290138,STN_010,12.53,7.25
2026-08-31 03:22:59.290138,STN_010,10.21,7.4
2026-08-31 04:22:59.290138,STN_010,7.6,7.07
2026-08-31 05:22:59.290138,STN_010,9.48,7.67
2026-08-31 06:22:59.290138,STN_010,7.56,6.72
2026-08-31 07:22:59.290138,STN_010,13.09,7.38
2026-08-31 08:22:59.290138,STN_010,8.45,7.29
2026-08-31 09:22:59.290138,STN_010,13.67,7.67
2026-08-31 10:22:59.290138,STN_010,8.41,7.03
2026-08-31 11:22:59.290138,STN_010,13.44,7.57
2026-08-31 12:22:59.290138,STN_010,8.11,7.36
2026-08-31 13:22:59.290138,STN_010,8.81,7.26
2026-08-31 14:22:59.290138,STN_010,10.32,6.94
2026-08-31 15:22:59.290138,STN_010,6.78,6.92
2026-08-31 16:22:59.290138,STN_010,18.33,7.12
2026-08-31 17:22:59.290138,STN_010,9.9,7.07
2026-08-31 18:22:59.290138,STN_010,9.33,7.63
2026-08-31 19:22:59.290138,STN_010,13.81,7.35
2026-08-31 20:22:59.290138,STN_010,14.52,7.54
2026-08-31 21:22:59.290138,STN_010,9.45,6.83
2026-08-31 22:22:59.290138,STN_010,17.07,6.81
2026-08-31 23:22:59.290138,STN_010,6.86,7.3
2026-09-01 00:22:59.290138,STN_010,7.07,6.92
2026-09-01 01:22:59.290138,STN_010,10.22,7.26
2026-09-01 02:22:59.290138,STN_010,8.34,6.96
2026-09-01 03:22:59.290138,STN_010,9.08,7.29
2026-09-01 04:22:59.290138,STN_010,8.18,6.97
2026-09-01 05:22:59.290138,STN_010,8.66,7.37
2026-09-01 06:22:59.290138,STN_010,13.51,6.98
2026-09-01 07:22:59.290138,STN_010,10.19,6.66
2026-09-01 08:22:59.290138,STN_010,30.31,7.66
2026-09-01 09:22:59.290138,STN_010,12.77,7.17
2026-09-01 10:22:59.290138,STN_010,44.19,8.11
2026-09-01 11:22:59.290138,STN_010,7.82,7.46
2026-09-01 12:22:59.290138,STN_010,8.23,7.4
2026-09-01 13:22:59.290138,STN_010,14.0,7.61
2026-09-01 14:22:59.290138,STN_010,6.7,7.49
2026-09-01 15:22:59.290138,STN_010,7.63,7.71
2026-09-01 16:22:59.290138,STN_010,,7.77
2026-09-01 17:22:59.290138,STN_010,10.67,7.82
2026-09-01 18:22:59.290138,STN_010,7.62,7.62
2026-09-01 19:22:59.290138,STN_010,7.58,7.14
2026-09-01 20:22:59.290138,STN_010,14.53,8.11
2026-09-01 21:22:59.290138,STN_010,15.56,7.53
2026-09-01 22:22:59.290138,STN_010,7.87,7.45
2026-09-01 23:22:59.290138,STN_010,8.87,7.57
2026-09-02 00:22:59.290138,STN_010,13.88,7.58
2026-09-02 01:22:59.290138,STN_010,12.58,7.15
2026-09-02 02:22:59.290138,STN_010,13.41,7.89
2026-09-02 03:22:59.290138,STN_010,9.61,7.47
2026-09-02 04:22:59.290138,STN_010,16.39,7.69
2026-09-02 05:22:59.290138,STN_010,8.26,8.31
2026-09-02 06:22:59.290138,STN_010,7.37,8.02
2026-09-02 07:22:59.290138,STN_010,45.2,8.51
2026-09-02 08:22:59.290138,STN_010,9.78,7.65
2026-09-02 09:22:59.290138,STN_010,14.4,8.09
2026-09-02 10:22:59.290138,STN_010,29.63,7.87
2026-09-02 11:22:59.290138,STN_010,14.11,7.78
2026-09-02 12:22:59.290138,STN_010,8.07,7.57
2026-09-02 13:22:59.290138,STN_010,10.94,8.1
2026-09-02 14:22:59.290138,STN_010,6.85,7.62
2026-09-02 15:22:59.290138,STN_010,10.45,7.84
2026-09-02 16:22:59.290138,STN_010,11.74,8.04
2026-09-02 17:22:59.290138,STN_010,8.52,
2026-09-02 18:22:59.290138,STN_010,7.65,7.42
2026-09-02 19:22:59.290138,STN_010,9.77,8.52
2026-09-02 20:22:59.290138,STN_010,13.85,7.5
2026-09-02 21:22:59.290138,STN_010,8.25,8.18
2026-09-02 22:22:59.290138,STN_010,7.94,7.7
2026-09-02 23:22:59.290138,STN_010,8.09,7.58
2026-09-03 00:22:59.290138,STN_010,18.69,7.65
2026-09-03 01:22:59.290138,STN_010,8.56,7.69
2026-09-03 02:22:59.290138,STN_010,6.79,
2026-09-03 03:22:59.290138,STN_010,12.87,
2026-09-03 04:22:59.290138,STN_010,11.59,7.58
2026-09-03 05:22:59.290138,STN_010,7.33,7.08
2026-09-03 06:22:59.290138,STN_010,23.55,7.78
2026-09-03 07:22:59.290138,STN_010,10.53,7.52
2026-09-03 08:22:59.290138,STN_010,9.56,7.86
2026-09-03 09:22:59.290138,STN_010,8.71,6.99
2026-09-03 10:22:59.290138,STN_010,15.94,7.17
2026-09-03 11:22:59.290138,STN_010,7.9,7.11
2026-09-03 12:22:59.290138,STN_010,8.13,7.25
2026-09-03 13:22:59.290138,STN_010,7.3,7.27
2026-09-03 14:22:59.290138,STN_010,12.47,7.42
2026-09-03 15:22:59.290138,STN_010,10.4,6.72
2026-09-03 16:22:59.290138,STN_010,10.54,7.33
2026-09-03 17:22:59.290138,STN_010,7.77,7.34
2026-09-03 18:22:59.290138,STN_010,10.99,7.32
2026-09-03 19:22:59.290138,STN_010,12.58,7.27
2026-09-03 20:22:59.290138,STN_010,8.55,6.25
2026-09-03 21:22:59.290138,STN_010,13.24,7.49
2026-09-03 22:22:59.290138,STN_010,8.59,7.05
2026-09-03 23:22:59.290138,STN_010,12.55,7.56
2026-09-04 00:22:59.290138,STN_010,7.01,7.65
2026-09-04 01:22:59.290138,STN_010,10.08,6.79
2026-09-04 02:22:59.290138,STN_010,20.84,7.58
2026-09-04 03:22:59.290138,STN_010,22.78,7.12
2026-09-04 04:22:59.290138,STN_010,8.2,7.45
2026-09-04 05:22:59.290138,STN_010,9.2,7.44
2026-09-04 06:22:59.290138,STN_010,7.13,7.57
2026-09-04 07:22:59.290138,STN_010,15.14,7.56
2026-09-04 08:22:59.290138,STN_010,10.24,7.46
2026-09-04 09:22:59.290138,STN_010,8.82,6.89
2026-09-04 10:22:59.290138,STN_010,7.35,6.56
2026-09-04 11:22:59.290138,STN_010,18.61,7.68
2026-09-04 12:22:59.290138,STN_010,9.9,7.64
2026-09-04 13:22:59.290138,STN_010,8.2,7.13
2026-09-04 14:22:59.290138,STN_010,8.6,7.5
2026-09-04 15:22:59.290138,STN_010,8.14,7.31
2026-09-04 16:22:59.290138,STN_010,10.56,7.7
2026-09-04 17:22:59.290138,STN_010,17.51,7.48
2026-09-04 18:22:59.290138,STN_010,14.64,
2026-09-04 19:22:59.290138,STN_010,9.34,7.28
2026-09-04 20:22:59.290138,STN_010,13.88,7.59
2026-09-04 21:22:59.290138,STN_010,9.07,7.34
2026-09-04 22:22:59.290138,STN_010,8.13,7.29
2026-09-04 23:22:59.290138,STN_010,23.36,6.87
2026-09-05 00:22:59.290138,STN_010,8.42,7.86
2026-09-05 01:22:59.290138,STN_010,8.53,8.09
2026-09-05 02:22:59.290138,STN_010,25.27,7.19
2026-09-05 03:22:59.290138,STN_010,7.54,7.69
2026-09-05 04:22:59.290138,STN_010,12.68,7.71
2026-09-05 05:22:59.290138,STN_010,17.95,7.44
2026-09-05 06:22:59.290138,STN_010,9.83,7.39
2026-09-05 07:22:59.290138,STN_010,6.98,7.9
2026-09-05 08:22:59.290138,STN_010,8.85,7.86
2026-09-05 09:22:59.290138,STN_010,7.44,7.66
2026-09-05 10:22:59.290138,STN_010,9.12,7.38
2026-09-05 11:22:59.290138,STN_010,13.21,7.82
2026-09-05 12:22:59.290138,STN_010,9.28,7.23
2026-09-05 13:22:59.290138,STN_010,9.23,7.92
2026-09-05 14:22:59.290138,STN_010,10.22,8.0
2026-09-05 15:22:59.290138,STN_010,66.27,8.35
2026-09-05 16:22:59.290138,STN_010,75.63,8.64
2026-09-05 17:22:59.290138,STN_010,8.44,7.69
2026-09-05 18:22:59.290138,STN_010,13.86,8.4
2026-09-05 19:22:59.290138,STN_010,35.39,9.2
2026-09-05 20:22:59.290138,STN_010,8.4,8.9
2026-09-05 21:22:59.290138,STN_010,8.37,8.75
2026-09-05 22:22:59.290138,STN_010,8.85,8.44
2026-09-05 23:22:59.290138,STN_010,10.96,8.84
2026-09-06 00:22:59.290138,STN_010,8.11,8.06
2026-09-06 01:22:59.290138,STN_010,17.18,8.55
2026-09-06 02:22:59.290138,STN_010,10.48,9.0
2026-09-06 03:22:59.290138,STN_010,17.16,8.32
2026-09-06 04:22:59.290138,STN_010,7.25,8.7
2026-09-06 05:22:59.290138,STN_010,8.74,7.91
2026-09-06 06:22:59.290138,STN_010,7.15,8.22
2026-09-06 07:22:59.290138,STN_010,8.33,8.48
2026-09-06 08:22:59.290138,STN_010,14.98,8.59
2026-09-06 09:22:59.290138,STN_010,45.18,9.42
2026-09-06 10:22:59.290138,STN_010,37.26,8.88
2026-09-06 11:22:59.290138,STN_010,7.56,9.16
2026-09-06 12:22:59.290138,STN_010,9.22,9.15
2026-09-06 13:22:59.290138,STN_010,14.36,8.85
2026-09-06 14:22:59.290138,STN_010,10.96,9.32
2026-09-06 15:22:59.290138,STN_010,12.4,8.78
2026-09-06 16:22:59.290138,STN_010,8.78,7.94
2026-09-06 17:22:59.290138,STN_010,18.62,8.17
2026-09-06 18:22:59.290138,STN_010,12.0,7.81
2026-09-06 19:22:59.290138,STN_010,9.25,7.61
2026-09-06 20:22:59.290138,STN_010,9.28,7.88
2026-09-06 21:22:59.290138,STN_010,17.1,8.18
2026-09-06 22:22:59.290138,STN_010,10.59,7.89
2026-09-06 23:22:59.290138,STN_010,12.05,7.81
2026-09-07 00:22:59.290138,STN_010,9.31,7.94
2026-09-07 01:22:59.290138,STN_010,8.16,8.18
2026-09-07 02:22:59.290138,STN_010,12.29,7.54
2026-09-07 03:22:59.290138,STN_010,10.9,8.15
2026-09-07 04:22:59.290138,STN_010,9.93,8.07
2026-09-07 05:22:59.290138,STN_010,11.06,7.53
2026-09-07 06:22:59.290138,STN_010,8.09,7.87
2026-09-07 07:22:59.290138,STN_010,,8.18
2026-09-07 08:22:59.290138,STN_010,18.99,7.45
2026-09-07 09:22:59.290138,STN_010,16.02,7.47
2026-09-07 10:22:59.290138,STN_010,8.7,7.08
2026-09-07 11:22:59.290138,STN_010,9.24,7.38
2026-09-07 12:22:59.290138,STN_010,39.19,8.11
2026-09-07 13:22:59.290138,STN_010,10.77,8.01
2026-09-07 14:22:59.290138,STN_010,10.33,7.61
2026-09-07 15:22:59.290138,STN_010,17.6,8.12
2026-09-07 16:22:59.290138,STN_010,10.22,8.02
2026-09-07 17:22:59.290138,STN_010,10.05,8.13
2026-09-07 18:22:59.290138,STN_010,7.32,7.68
2026-09-07 19:22:59.290138,STN_010,7.44,7.86
2026-09-07 20:22:59.290138,STN_010,7.18,8.69
2026-09-07 21:22:59.290138,STN_010,16.93,7.58
2026-09-07 22:22:59.290138,STN_010,9.34,7.66
2026-09-07 23:22:59.290138,STN_010,9.77,7.62
2026-09-08 00:22:59.290138,STN_010,14.71,7.68
2026-09-08 01:22:59.290138,STN_010,11.0,7.9
2026-09-08 02:22:59.290138,STN_010,11.0,7.74
2026-09-08 03:22:59.290138,STN_010,8.65,7.29
2026-09-08 04:22:59.290138,STN_010,14.42,7.75
2026-09-08 05:22:59.290138,STN_010,7.97,7.56
2026-09-08 06:22:59.290138,STN_010,7.46,7.19
2026-09-08 07:22:59.290138,STN_010,8.09,8.01
2026-09-08 08:22:59.290138,STN_010,8.49,7.42
2026-09-08 09:22:59.290138,STN_010,8.57,7.63
2026-09-08 10:22:59.290138,STN_010,11.68,6.59
2026-09-08 11:22:59.290138,STN_010,8.23,7.68
2026-09-08 12:22:59.290138,STN_010,11.76,7.21
2026-09-08 13:22:59.290138,STN_010,7.62,6.81
2026-09-08 14:22:59.290138,STN_010,7.88,7.09
2026-09-08 15:22:59.290138,STN_010,10.09,6.99
2026-09-08 16:22:59.290138,STN_010,17.44,7.48
2026-09-08 17:22:59.290138,STN_010,15.09,7.32
2026-09-08 18:22:59.290138,STN_010,21.11,6.95
2026-09-08 19:22:59.290138,STN_010,11.45,7.58
2026-09-08 20:22:59.290138,STN_010,11.75,6.86
2026-09-08 21:22:59.290138,STN_010,11.17,7.1
